{
  "generated_at": "2026-07-08T16:36:16Z",
  "go_version": "go1.22.2",
  "source": "testdata/corpus",
  "files": [
    {
      "path": "repetitive.go",
      "lang": "go",
      "encoding": "raw-dict",
      "mode": "raw-dict",
      "raw_bytes": 29987,
      "gzip_bytes": 2340,
      "leaf_ast_bytes": 2303,
      "raw_dict_bytes": 2295,
      "ast_dict_bytes": 2300,
      "full_ast_bytes": 43086,
      "stored_bytes": 2295,
      "leaf_vs_gzip_pct": 98.41880341880342,
      "raw_dict_vs_gzip_pct": 98.07692307692308,
      "full_vs_gzip_pct": 1841.2820512820513,
      "stored_vs_gzip_pct": 98.07692307692308,
      "encode_ms": 52.845,
      "decode_ms": 0.1,
      "gzip_encode_ms": 1.2025000000000001,
      "gzip_decode_ms": 0.2355
    },
    {
      "path": "sample.go",
      "lang": "go",
      "encoding": "raw-dict",
      "mode": "raw-dict",
      "raw_bytes": 174,
      "gzip_bytes": 145,
      "leaf_ast_bytes": 133,
      "raw_dict_bytes": 114,
      "ast_dict_bytes": 128,
      "full_ast_bytes": 911,
      "stored_bytes": 114,
      "leaf_vs_gzip_pct": 91.72413793103448,
      "raw_dict_vs_gzip_pct": 78.62068965517241,
      "full_vs_gzip_pct": 628.2758620689655,
      "stored_vs_gzip_pct": 78.62068965517241,
      "encode_ms": 1.8155000000000001,
      "decode_ms": 0.009000000000000001,
      "gzip_encode_ms": 0.16949999999999998,
      "gzip_decode_ms": 0.009999999999999998
    },
    {
      "path": "sample.js",
      "lang": "javascript",
      "encoding": "raw-dict",
      "mode": "raw-dict",
      "raw_bytes": 168,
      "gzip_bytes": 144,
      "leaf_ast_bytes": 138,
      "raw_dict_bytes": 127,
      "ast_dict_bytes": 145,
      "full_ast_bytes": 930,
      "stored_bytes": 127,
      "leaf_vs_gzip_pct": 95.83333333333333,
      "raw_dict_vs_gzip_pct": 88.19444444444444,
      "full_vs_gzip_pct": 645.8333333333334,
      "stored_vs_gzip_pct": 88.19444444444444,
      "encode_ms": 1.349,
      "decode_ms": 0.007,
      "gzip_encode_ms": 0.068,
      "gzip_decode_ms": 0.012
    },
    {
      "path": "sample.py",
      "lang": "python",
      "encoding": "raw-dict",
      "mode": "raw-dict",
      "raw_bytes": 181,
      "gzip_bytes": 135,
      "leaf_ast_bytes": 135,
      "raw_dict_bytes": 116,
      "ast_dict_bytes": 135,
      "full_ast_bytes": 857,
      "stored_bytes": 116,
      "leaf_vs_gzip_pct": 100,
      "raw_dict_vs_gzip_pct": 85.92592592592592,
      "full_vs_gzip_pct": 634.8148148148148,
      "stored_vs_gzip_pct": 85.92592592592592,
      "encode_ms": 1.4165,
      "decode_ms": 0.011,
      "gzip_encode_ms": 0.0465,
      "gzip_decode_ms": 0.009000000000000001
    },
    {
      "path": "sample.rs",
      "lang": "rust",
      "encoding": "raw-dict",
      "mode": "raw-dict",
      "raw_bytes": 153,
      "gzip_bytes": 141,
      "leaf_ast_bytes": 139,
      "raw_dict_bytes": 128,
      "ast_dict_bytes": 144,
      "full_ast_bytes": 765,
      "stored_bytes": 128,
      "leaf_vs_gzip_pct": 98.58156028368795,
      "raw_dict_vs_gzip_pct": 90.78014184397163,
      "full_vs_gzip_pct": 542.5531914893617,
      "stored_vs_gzip_pct": 90.78014184397163,
      "encode_ms": 1.146,
      "decode_ms": 0.011,
      "gzip_encode_ms": 0.0645,
      "gzip_decode_ms": 0.0095
    }
  ],
  "summary": {
    "files": 5,
    "ast_stored": 0,
    "dict_stored": 5,
    "gzip_fallback": 0,
    "total_raw_bytes": 30663,
    "total_gzip_bytes": 2905,
    "total_leaf_ast_bytes": 2848,
    "total_raw_dict_bytes": 2780,
    "total_ast_dict_bytes": 2852,
    "total_full_ast_bytes": 46549,
    "total_stored_bytes": 2780,
    "leaf_vs_gzip_pct": 98.03786574870912,
    "raw_dict_vs_gzip_pct": 95.69707401032703,
    "full_vs_gzip_pct": 1602.3752151462995,
    "stored_vs_gzip_pct": 95.69707401032703,
    "median_leaf_vs_gzip_pct": 98.41880341880342,
    "mean_encode_ms": 11.7144,
    "mean_decode_ms": 0.027600000000000006,
    "mean_gzip_encode_ms": 0.31020000000000003,
    "mean_gzip_decode_ms": 0.055200000000000006,
    "verdict": "adaptive AST/dict store is at or under plain gzip; AST2 subst+gzip is near parity with gzip alone; fixed lang dict alone is 95.7% of gzip"
  }
}
