{
  "generated_at": "2026-07-08T16:23:14Z",
  "go_version": "go1.22.2",
  "source": "../gitdb",
  "files": [
    {
      "path": "internal/gitrepo/repo.go",
      "lang": "go",
      "encoding": "raw",
      "mode": "leaves",
      "raw_bytes": 11476,
      "gzip_bytes": 4149,
      "leaf_ast_bytes": 6253,
      "full_ast_bytes": 18144,
      "stored_bytes": 4149,
      "leaf_vs_gzip_pct": 150.7110147023379,
      "full_vs_gzip_pct": 437.31019522776575,
      "stored_vs_gzip_pct": 100,
      "encode_ms": 13.603666666666667,
      "decode_ms": 0.08900000000000001,
      "gzip_encode_ms": 0.6796666666666668,
      "gzip_decode_ms": 0.07633333333333332,
      "skipped_reason": "gzip smaller than leaves AST (4149 ≤ 6253)"
    },
    {
      "path": "internal/gitrepo/repo_test.go",
      "lang": "go",
      "encoding": "raw",
      "mode": "leaves",
      "raw_bytes": 5033,
      "gzip_bytes": 1712,
      "leaf_ast_bytes": 2805,
      "full_ast_bytes": 9968,
      "stored_bytes": 1712,
      "leaf_vs_gzip_pct": 163.84345794392524,
      "full_vs_gzip_pct": 582.2429906542056,
      "stored_vs_gzip_pct": 100,
      "encode_ms": 7.635000000000001,
      "decode_ms": 0.04,
      "gzip_encode_ms": 0.296,
      "gzip_decode_ms": 0.03366666666666667,
      "skipped_reason": "gzip smaller than leaves AST (1712 ≤ 2805)"
    },
    {
      "path": "internal/tables/blame.go",
      "lang": "go",
      "encoding": "raw",
      "mode": "leaves",
      "raw_bytes": 2933,
      "gzip_bytes": 1221,
      "leaf_ast_bytes": 2003,
      "full_ast_bytes": 6315,
      "stored_bytes": 1221,
      "leaf_vs_gzip_pct": 164.04586404586405,
      "full_vs_gzip_pct": 517.1990171990172,
      "stored_vs_gzip_pct": 100,
      "encode_ms": 4.357,
      "decode_ms": 0.033666666666666664,
      "gzip_encode_ms": 0.37266666666666665,
      "gzip_decode_ms": 0.026,
      "skipped_reason": "gzip smaller than leaves AST (1221 ≤ 2003)"
    },
    {
      "path": "internal/tables/commitfiles.go",
      "lang": "go",
      "encoding": "raw",
      "mode": "leaves",
      "raw_bytes": 4818,
      "gzip_bytes": 1789,
      "leaf_ast_bytes": 2813,
      "full_ast_bytes": 9165,
      "stored_bytes": 1789,
      "leaf_vs_gzip_pct": 157.23868082727782,
      "full_vs_gzip_pct": 512.2973728339855,
      "stored_vs_gzip_pct": 100,
      "encode_ms": 6.5343333333333335,
      "decode_ms": 0.03766666666666666,
      "gzip_encode_ms": 0.24866666666666667,
      "gzip_decode_ms": 0.035,
      "skipped_reason": "gzip smaller than leaves AST (1789 ≤ 2813)"
    },
    {
      "path": "internal/tables/commits.go",
      "lang": "go",
      "encoding": "raw",
      "mode": "leaves",
      "raw_bytes": 4610,
      "gzip_bytes": 1602,
      "leaf_ast_bytes": 2600,
      "full_ast_bytes": 9094,
      "stored_bytes": 1602,
      "leaf_vs_gzip_pct": 162.29712858926342,
      "full_vs_gzip_pct": 567.6654182272159,
      "stored_vs_gzip_pct": 100,
      "encode_ms": 6.571333333333333,
      "decode_ms": 0.036333333333333336,
      "gzip_encode_ms": 0.2986666666666667,
      "gzip_decode_ms": 0.03233333333333333,
      "skipped_reason": "gzip smaller than leaves AST (1602 ≤ 2600)"
    },
    {
      "path": "internal/tables/files.go",
      "lang": "go",
      "encoding": "raw",
      "mode": "leaves",
      "raw_bytes": 5520,
      "gzip_bytes": 1905,
      "leaf_ast_bytes": 3062,
      "full_ast_bytes": 11128,
      "stored_bytes": 1905,
      "leaf_vs_gzip_pct": 160.73490813648294,
      "full_vs_gzip_pct": 584.1469816272966,
      "stored_vs_gzip_pct": 100,
      "encode_ms": 7.8453333333333335,
      "decode_ms": 0.09033333333333332,
      "gzip_encode_ms": 0.3606666666666667,
      "gzip_decode_ms": 0.03866666666666666,
      "skipped_reason": "gzip smaller than leaves AST (1905 ≤ 3062)"
    },
    {
      "path": "internal/tables/gitutil.go",
      "lang": "go",
      "encoding": "raw",
      "mode": "leaves",
      "raw_bytes": 1670,
      "gzip_bytes": 781,
      "leaf_ast_bytes": 1291,
      "full_ast_bytes": 3600,
      "stored_bytes": 781,
      "leaf_vs_gzip_pct": 165.3008962868118,
      "full_vs_gzip_pct": 460.94750320102435,
      "stored_vs_gzip_pct": 100,
      "encode_ms": 2.4903333333333335,
      "decode_ms": 0.021,
      "gzip_encode_ms": 0.3143333333333333,
      "gzip_decode_ms": 0.018000000000000002,
      "skipped_reason": "gzip smaller than leaves AST (781 ≤ 1291)"
    },
    {
      "path": "internal/tables/perf_test.go",
      "lang": "go",
      "encoding": "raw",
      "mode": "leaves",
      "raw_bytes": 3844,
      "gzip_bytes": 1506,
      "leaf_ast_bytes": 2368,
      "full_ast_bytes": 7284,
      "stored_bytes": 1506,
      "leaf_vs_gzip_pct": 157.23771580345286,
      "full_vs_gzip_pct": 483.66533864541833,
      "stored_vs_gzip_pct": 100,
      "encode_ms": 4.983333333333333,
      "decode_ms": 0.037333333333333336,
      "gzip_encode_ms": 3.1316666666666664,
      "gzip_decode_ms": 0.03866666666666666,
      "skipped_reason": "gzip smaller than leaves AST (1506 ≤ 2368)"
    },
    {
      "path": "internal/tables/refs.go",
      "lang": "go",
      "encoding": "raw",
      "mode": "leaves",
      "raw_bytes": 3195,
      "gzip_bytes": 1252,
      "leaf_ast_bytes": 2098,
      "full_ast_bytes": 7317,
      "stored_bytes": 1252,
      "leaf_vs_gzip_pct": 167.57188498402556,
      "full_vs_gzip_pct": 584.4249201277955,
      "stored_vs_gzip_pct": 100,
      "encode_ms": 5.323,
      "decode_ms": 0.05666666666666667,
      "gzip_encode_ms": 0.2313333333333333,
      "gzip_decode_ms": 0.03633333333333333,
      "skipped_reason": "gzip smaller than leaves AST (1252 ≤ 2098)"
    },
    {
      "path": "internal/tables/tables.go",
      "lang": "go",
      "encoding": "raw",
      "mode": "leaves",
      "raw_bytes": 6441,
      "gzip_bytes": 2621,
      "leaf_ast_bytes": 3988,
      "full_ast_bytes": 10420,
      "stored_bytes": 2621,
      "leaf_vs_gzip_pct": 152.15566577642122,
      "full_vs_gzip_pct": 397.5581838992751,
      "stored_vs_gzip_pct": 100,
      "encode_ms": 7.204666666666665,
      "decode_ms": 0.04900000000000001,
      "gzip_encode_ms": 0.34099999999999997,
      "gzip_decode_ms": 0.04566666666666667,
      "skipped_reason": "gzip smaller than leaves AST (2621 ≤ 3988)"
    },
    {
      "path": "internal/tables/tables_test.go",
      "lang": "go",
      "encoding": "raw",
      "mode": "leaves",
      "raw_bytes": 11779,
      "gzip_bytes": 3638,
      "leaf_ast_bytes": 5754,
      "full_ast_bytes": 20180,
      "stored_bytes": 3638,
      "leaf_vs_gzip_pct": 158.1638262781748,
      "full_vs_gzip_pct": 554.7003848268279,
      "stored_vs_gzip_pct": 100,
      "encode_ms": 15.599666666666666,
      "decode_ms": 0.07366666666666667,
      "gzip_encode_ms": 0.5163333333333333,
      "gzip_decode_ms": 0.13633333333333333,
      "skipped_reason": "gzip smaller than leaves AST (3638 ≤ 5754)"
    },
    {
      "path": "internal/tables/tags.go",
      "lang": "go",
      "encoding": "raw",
      "mode": "leaves",
      "raw_bytes": 3356,
      "gzip_bytes": 1259,
      "leaf_ast_bytes": 2119,
      "full_ast_bytes": 7247,
      "stored_bytes": 1259,
      "leaf_vs_gzip_pct": 168.30818109610803,
      "full_vs_gzip_pct": 575.6155679110406,
      "stored_vs_gzip_pct": 100,
      "encode_ms": 5.218,
      "decode_ms": 0.029333333333333333,
      "gzip_encode_ms": 0.149,
      "gzip_decode_ms": 0.02566666666666667,
      "skipped_reason": "gzip smaller than leaves AST (1259 ≤ 2119)"
    },
    {
      "path": "main.go",
      "lang": "go",
      "encoding": "raw",
      "mode": "leaves",
      "raw_bytes": 8849,
      "gzip_bytes": 3281,
      "leaf_ast_bytes": 5184,
      "full_ast_bytes": 16813,
      "stored_bytes": 3281,
      "leaf_vs_gzip_pct": 158.00060957025298,
      "full_vs_gzip_pct": 512.4352331606218,
      "stored_vs_gzip_pct": 100,
      "encode_ms": 12.006,
      "decode_ms": 0.06133333333333333,
      "gzip_encode_ms": 0.21233333333333335,