solid OpenSCAD_Model
  facet normal 0.997867 0.0652745 0
    outer loop
      vertex 5.71027 113.343 2.4
      vertex 5.7 113.5 3.8147e-07
      vertex 5.7 113.5 2.4
    endloop
  endfacet
  facet normal 0.997867 0.0652745 0
    outer loop
      vertex 5.7 113.5 3.8147e-07
      vertex 5.71027 113.343 2.4
      vertex 5.71027 113.343 3.8147e-07
    endloop
  endfacet
  facet normal -0.980801 0.195014 0
    outer loop
      vertex 8.05911 113.189 3.8147e-07
      vertex 8.08973 113.343 2.4
      vertex 8.08973 113.343 3.8147e-07
    endloop
  endfacet
  facet normal -0.980801 0.195014 0
    outer loop
      vertex 8.08973 113.343 2.4
      vertex 8.05911 113.189 3.8147e-07
      vertex 8.05911 113.189 2.4
    endloop
  endfacet
  facet normal -0.997867 0.0652745 0
    outer loop
      vertex 8.08973 113.343 3.8147e-07
      vertex 8.1 113.5 2.4
      vertex 8.1 113.5 3.8147e-07
    endloop
  endfacet
  facet normal -0.997867 0.0652745 0
    outer loop
      vertex 8.1 113.5 2.4
      vertex 8.08973 113.343 3.8147e-07
      vertex 8.08973 113.343 2.4
    endloop
  endfacet
  facet normal -0.980801 -0.195014 0
    outer loop
      vertex 8.08973 113.657 3.8147e-07
      vertex 8.05911 113.811 2.4
      vertex 8.05911 113.811 3.8147e-07
    endloop
  endfacet
  facet normal -0.980801 -0.195014 0
    outer loop
      vertex 8.05911 113.811 2.4
      vertex 8.08973 113.657 3.8147e-07
      vertex 8.08973 113.657 2.4
    endloop
  endfacet
  facet normal 0.197402 0.980323 -0
    outer loop
      vertex 6.74337 112.31 3.8147e-07
      vertex 6.58942 112.341 2.4
      vertex 6.74337 112.31 2.4
    endloop
  endfacet
  facet normal 0.197402 0.980323 0
    outer loop
      vertex 6.58942 112.341 2.4
      vertex 6.74337 112.31 3.8147e-07
      vertex 6.58942 112.341 3.8147e-07
    endloop
  endfacet
  facet normal 0.832412 0.554158 0
    outer loop
      vertex 5.94798 112.769 2.4
      vertex 5.86077 112.9 3.8147e-07
      vertex 5.86077 112.9 2.4
    endloop
  endfacet
  facet normal 0.832412 0.554158 0
    outer loop
      vertex 5.86077 112.9 3.8147e-07
      vertex 5.94798 112.769 2.4
      vertex 5.94798 112.769 3.8147e-07
    endloop
  endfacet
  facet normal -0.657537 -0.753422 0
    outer loop
      vertex 7.63051 114.452 3.8147e-07
      vertex 7.74853 114.349 2.4
      vertex 7.63051 114.452 2.4
    endloop
  endfacet
  facet normal -0.657537 -0.753422 -0
    outer loop
      vertex 7.74853 114.349 2.4
      vertex 7.63051 114.452 3.8147e-07
      vertex 7.74853 114.349 3.8147e-07
    endloop
  endfacet
  facet normal -0.063715 -0.997968 0
    outer loop
      vertex 6.9 114.7 3.8147e-07
      vertex 7.05663 114.69 2.4
      vertex 6.9 114.7 2.4
    endloop
  endfacet
  facet normal -0.063715 -0.997968 -0
    outer loop
      vertex 7.05663 114.69 2.4
      vertex 6.9 114.7 3.8147e-07
      vertex 7.05663 114.69 3.8147e-07
    endloop
  endfacet
  facet normal 0.445228 0.895417 -0
    outer loop
      vertex 6.44078 112.391 3.8147e-07
      vertex 6.3 112.461 2.4
      vertex 6.44078 112.391 2.4
    endloop
  endfacet
  facet normal 0.445228 0.895417 0
    outer loop
      vertex 6.3 112.461 2.4
      vertex 6.44078 112.391 3.8147e-07
      vertex 6.3 112.461 3.8147e-07
    endloop
  endfacet
  facet normal 0.554671 0.83207 -0
    outer loop
      vertex 6.3 112.461 3.8147e-07
      vertex 6.16949 112.548 2.4
      vertex 6.3 112.461 2.4
    endloop
  endfacet
  facet normal 0.554671 0.83207 0
    outer loop
      vertex 6.16949 112.548 2.4
      vertex 6.3 112.461 3.8147e-07
      vertex 6.16949 112.548 3.8147e-07
    endloop
  endfacet
  facet normal 0.197402 -0.980323 0
    outer loop
      vertex 6.58942 114.659 3.8147e-07
      vertex 6.74337 114.69 2.4
      vertex 6.58942 114.659 2.4
    endloop
  endfacet
  facet normal 0.197402 -0.980323 0
    outer loop
      vertex 6.74337 114.69 2.4
      vertex 6.58942 114.659 3.8147e-07
      vertex 6.74337 114.69 3.8147e-07
    endloop
  endfacet
  facet normal 0.063715 -0.997968 0
    outer loop
      vertex 6.74337 114.69 3.8147e-07
      vertex 6.9 114.7 2.4
      vertex 6.74337 114.69 2.4
    endloop
  endfacet
  facet normal 0.063715 -0.997968 0
    outer loop
      vertex 6.9 114.7 2.4
      vertex 6.74337 114.69 3.8147e-07
      vertex 6.9 114.7 3.8147e-07
    endloop
  endfacet
  facet normal 0.946519 -0.322648 0
    outer loop
      vertex 5.74089 113.811 2.4
      vertex 5.79134 113.959 3.8147e-07
      vertex 5.79134 113.959 2.4
    endloop
  endfacet
  facet normal 0.946519 -0.322648 0
    outer loop
      vertex 5.79134 113.959 3.8147e-07
      vertex 5.74089 113.811 2.4
      vertex 5.74089 113.811 3.8147e-07
    endloop
  endfacet
  facet normal -0.318828 -0.947813 0
    outer loop
      vertex 7.21058 114.659 3.8147e-07
      vertex 7.35922 114.609 2.4
      vertex 7.21058 114.659 2.4
    endloop
  endfacet
  facet normal -0.318828 -0.947813 -0
    outer loop
      vertex 7.35922 114.609 2.4
      vertex 7.21058 114.659 3.8147e-07
      vertex 7.35922 114.609 3.8147e-07
    endloop
  endfacet
  facet normal 0.980801 0.195014 0
    outer loop
      vertex 5.74089 113.189 2.4
      vertex 5.71027 113.343 3.8147e-07
      vertex 5.71027 113.343 2.4
    endloop
  endfacet
  facet normal 0.980801 0.195014 0
    outer loop
      vertex 5.71027 113.343 3.8147e-07
      vertex 5.74089 113.189 2.4
      vertex 5.74089 113.189 3.8147e-07
    endloop
  endfacet
  facet normal 0.751818 0.65937 0
    outer loop
      vertex 6.05147 112.651 2.4
      vertex 5.94798 112.769 3.8147e-07
      vertex 5.94798 112.769 2.4
    endloop
  endfacet
  facet normal 0.751818 0.65937 0
    outer loop
      vertex 5.94798 112.769 3.8147e-07
      vertex 6.05147 112.651 2.4
      vertex 6.05147 112.651 3.8147e-07
    endloop
  endfacet
  facet normal 0.318828 0.947813 -0
    outer loop
      vertex 6.58942 112.341 3.8147e-07
      vertex 6.44078 112.391 2.4
      vertex 6.58942 112.341 2.4
    endloop
  endfacet
  facet normal 0.318828 0.947813 0
    outer loop
      vertex 6.44078 112.391 2.4
      vertex 6.58942 112.341 3.8147e-07
      vertex 6.44078 112.391 3.8147e-07
    endloop
  endfacet
  facet normal 0.980801 -0.195014 0
    outer loop
      vertex 5.71027 113.657 2.4
      vertex 5.74089 113.811 3.8147e-07
      vertex 5.74089 113.811 2.4
    endloop
  endfacet
  facet normal 0.980801 -0.195014 0
    outer loop
      vertex 5.74089 113.811 3.8147e-07
      vertex 5.71027 113.657 2.4
      vertex 5.71027 113.657 3.8147e-07
    endloop
  endfacet
  facet normal 0.946519 0.322648 0
    outer loop
      vertex 5.79134 113.041 2.4
      vertex 5.74089 113.189 3.8147e-07
      vertex 5.74089 113.189 2.4
    endloop
  endfacet
  facet normal 0.946519 0.322648 0
    outer loop
      vertex 5.74089 113.189 3.8147e-07
      vertex 5.79134 113.041 2.4
      vertex 5.79134 113.041 3.8147e-07
    endloop
  endfacet
  facet normal -0.751818 -0.65937 0
    outer loop
      vertex 7.85202 114.231 3.8147e-07
      vertex 7.74853 114.349 2.4
      vertex 7.74853 114.349 3.8147e-07
    endloop
  endfacet
  facet normal -0.751818 -0.65937 0
    outer loop
      vertex 7.74853 114.349 2.4
      vertex 7.85202 114.231 3.8147e-07
      vertex 7.85202 114.231 2.4
    endloop
  endfacet
  facet normal 0.751818 -0.65937 0
    outer loop
      vertex 5.94798 114.231 2.4
      vertex 6.05147 114.349 3.8147e-07
      vertex 6.05147 114.349 2.4
    endloop
  endfacet
  facet normal 0.751818 -0.65937 0
    outer loop
      vertex 6.05147 114.349 3.8147e-07
      vertex 5.94798 114.231 2.4
      vertex 5.94798 114.231 3.8147e-07
    endloop
  endfacet
  facet normal -0.832412 0.554158 0
    outer loop
      vertex 7.85202 112.769 3.8147e-07
      vertex 7.93923 112.9 2.4
      vertex 7.93923 112.9 3.8147e-07
    endloop
  endfacet
  facet normal -0.832412 0.554158 0
    outer loop
      vertex 7.93923 112.9 2.4
      vertex 7.85202 112.769 3.8147e-07
      vertex 7.85202 112.769 2.4
    endloop
  endfacet
  facet normal -0.832412 -0.554158 0
    outer loop
      vertex 7.93923 114.1 3.8147e-07
      vertex 7.85202 114.231 2.4
      vertex 7.85202 114.231 3.8147e-07
    endloop
  endfacet
  facet normal -0.832412 -0.554158 0
    outer loop
      vertex 7.85202 114.231 2.4
      vertex 7.93923 114.1 3.8147e-07
      vertex 7.93923 114.1 2.4
    endloop
  endfacet
  facet normal -0.197402 0.980323 0
    outer loop
      vertex 7.21058 112.341 3.8147e-07
      vertex 7.05663 112.31 2.4
      vertex 7.21058 112.341 2.4
    endloop
  endfacet
  facet normal -0.197402 0.980323 0
    outer loop
      vertex 7.05663 112.31 2.4
      vertex 7.21058 112.341 3.8147e-07
      vertex 7.05663 112.31 3.8147e-07
    endloop
  endfacet
  facet normal -0.657537 0.753422 0
    outer loop
      vertex 7.74853 112.651 3.8147e-07
      vertex 7.63051 112.548 2.4
      vertex 7.74853 112.651 2.4
    endloop
  endfacet
  facet normal -0.657537 0.753422 0
    outer loop
      vertex 7.63051 112.548 2.4
      vertex 7.74853 112.651 3.8147e-07
      vertex 7.63051 112.548 3.8147e-07
    endloop
  endfacet
  facet normal -0.445228 0.895417 0
    outer loop
      vertex 7.5 112.461 3.8147e-07
      vertex 7.35922 112.391 2.4
      vertex 7.5 112.461 2.4
    endloop
  endfacet
  facet normal -0.445228 0.895417 0
    outer loop
      vertex 7.35922 112.391 2.4
      vertex 7.5 112.461 3.8147e-07
      vertex 7.35922 112.391 3.8147e-07
    endloop
  endfacet
  facet normal -0.751818 0.65937 0
    outer loop
      vertex 7.74853 112.651 3.8147e-07
      vertex 7.85202 112.769 2.4
      vertex 7.85202 112.769 3.8147e-07
    endloop
  endfacet
  facet normal -0.751818 0.65937 0
    outer loop
      vertex 7.85202 112.769 2.4
      vertex 7.74853 112.651 3.8147e-07
      vertex 7.74853 112.651 2.4
    endloop
  endfacet
  facet normal 0.063715 0.997968 -0
    outer loop
      vertex 6.9 112.3 3.8147e-07
      vertex 6.74337 112.31 2.4
      vertex 6.9 112.3 2.4
    endloop
  endfacet
  facet normal 0.063715 0.997968 0
    outer loop
      vertex 6.74337 112.31 2.4
      vertex 6.9 112.3 3.8147e-07
      vertex 6.74337 112.31 3.8147e-07
    endloop
  endfacet
  facet normal -0.997867 -0.0652745 0
    outer loop
      vertex 8.1 113.5 3.8147e-07
      vertex 8.08973 113.657 2.4
      vertex 8.08973 113.657 3.8147e-07
    endloop
  endfacet
  facet normal -0.997867 -0.0652745 0
    outer loop
      vertex 8.08973 113.657 2.4
      vertex 8.1 113.5 3.8147e-07
      vertex 8.1 113.5 2.4
    endloop
  endfacet
  facet normal 0.318828 -0.947813 0
    outer loop
      vertex 6.44078 114.609 3.8147e-07
      vertex 6.58942 114.659 2.4
      vertex 6.44078 114.609 2.4
    endloop
  endfacet
  facet normal 0.318828 -0.947813 0
    outer loop
      vertex 6.58942 114.659 2.4
      vertex 6.44078 114.609 3.8147e-07
      vertex 6.58942 114.659 3.8147e-07
    endloop
  endfacet
  facet normal -0.063715 0.997968 0
    outer loop
      vertex 7.05663 112.31 3.8147e-07
      vertex 6.9 112.3 2.4
      vertex 7.05663 112.31 2.4
    endloop
  endfacet
  facet normal -0.063715 0.997968 0
    outer loop
      vertex 6.9 112.3 2.4
      vertex 7.05663 112.31 3.8147e-07
      vertex 6.9 112.3 3.8147e-07
    endloop
  endfacet
  facet normal -0.554671 -0.83207 0
    outer loop
      vertex 7.5 114.539 3.8147e-07
      vertex 7.63051 114.452 2.4
      vertex 7.5 114.539 2.4
    endloop
  endfacet
  facet normal -0.554671 -0.83207 -0
    outer loop
      vertex 7.63051 114.452 2.4
      vertex 7.5 114.539 3.8147e-07
      vertex 7.63051 114.452 3.8147e-07
    endloop
  endfacet
  facet normal -0.9465 -0.322705 0
    outer loop
      vertex 8.05911 113.811 3.8147e-07
      vertex 8.00865 113.959 2.4
      vertex 8.00865 113.959 3.8147e-07
    endloop
  endfacet
  facet normal -0.9465 -0.322705 0
    outer loop
      vertex 8.00865 113.959 2.4
      vertex 8.05911 113.811 3.8147e-07
      vertex 8.05911 113.811 2.4
    endloop
  endfacet
  facet normal -0.897159 -0.441708 0
    outer loop
      vertex 8.00865 113.959 3.8147e-07
      vertex 7.93923 114.1 2.4
      vertex 7.93923 114.1 3.8147e-07
    endloop
  endfacet
  facet normal -0.897159 -0.441708 0
    outer loop
      vertex 7.93923 114.1 2.4
      vertex 8.00865 113.959 3.8147e-07
      vertex 8.00865 113.959 2.4
    endloop
  endfacet
  facet normal -0.554671 0.83207 0
    outer loop
      vertex 7.63051 112.548 3.8147e-07
      vertex 7.5 112.461 2.4
      vertex 7.63051 112.548 2.4
    endloop
  endfacet
  facet normal -0.554671 0.83207 0
    outer loop
      vertex 7.5 112.461 2.4
      vertex 7.63051 112.548 3.8147e-07
      vertex 7.5 112.461 3.8147e-07
    endloop
  endfacet
  facet normal -0.197402 -0.980323 0
    outer loop
      vertex 7.05663 114.69 3.8147e-07
      vertex 7.21058 114.659 2.4
      vertex 7.05663 114.69 2.4
    endloop
  endfacet
  facet normal -0.197402 -0.980323 -0
    outer loop
      vertex 7.21058 114.659 2.4
      vertex 7.05663 114.69 3.8147e-07
      vertex 7.21058 114.659 3.8147e-07
    endloop
  endfacet
  facet normal 0.997867 -0.0652745 0
    outer loop
      vertex 5.7 113.5 2.4
      vertex 5.71027 113.657 3.8147e-07
      vertex 5.71027 113.657 2.4
    endloop
  endfacet
  facet normal 0.997867 -0.0652745 0
    outer loop
      vertex 5.71027 113.657 3.8147e-07
      vertex 5.7 113.5 2.4
      vertex 5.7 113.5 3.8147e-07
    endloop
  endfacet
  facet normal 0.657537 -0.753422 0
    outer loop
      vertex 6.05147 114.349 3.8147e-07
      vertex 6.16949 114.452 2.4
      vertex 6.05147 114.349 2.4
    endloop
  endfacet
  facet normal 0.657537 -0.753422 0
    outer loop
      vertex 6.16949 114.452 2.4
      vertex 6.05147 114.349 3.8147e-07
      vertex 6.16949 114.452 3.8147e-07
    endloop
  endfacet
  facet normal 0.657537 0.753422 -0
    outer loop
      vertex 6.16949 112.548 3.8147e-07
      vertex 6.05147 112.651 2.4
      vertex 6.16949 112.548 2.4
    endloop
  endfacet
  facet normal 0.657537 0.753422 0
    outer loop
      vertex 6.05147 112.651 2.4
      vertex 6.16949 112.548 3.8147e-07
      vertex 6.05147 112.651 3.8147e-07
    endloop
  endfacet
  facet normal -0.897159 0.441708 0
    outer loop
      vertex 7.93923 112.9 3.8147e-07
      vertex 8.00865 113.041 2.4
      vertex 8.00865 113.041 3.8147e-07
    endloop
  endfacet
  facet normal -0.897159 0.441708 0
    outer loop
      vertex 8.00865 113.041 2.4
      vertex 7.93923 112.9 3.8147e-07
      vertex 7.93923 112.9 2.4
    endloop
  endfacet
  facet normal -0.318828 0.947813 0
    outer loop
      vertex 7.35922 112.391 3.8147e-07
      vertex 7.21058 112.341 2.4
      vertex 7.35922 112.391 2.4
    endloop
  endfacet
  facet normal -0.318828 0.947813 0
    outer loop
      vertex 7.21058 112.341 2.4
      vertex 7.35922 112.391 3.8147e-07
      vertex 7.21058 112.341 3.8147e-07
    endloop
  endfacet
  facet normal 0.832412 -0.554158 0
    outer loop
      vertex 5.86077 114.1 2.4
      vertex 5.94798 114.231 3.8147e-07
      vertex 5.94798 114.231 2.4
    endloop
  endfacet
  facet normal 0.832412 -0.554158 0
    outer loop
      vertex 5.94798 114.231 3.8147e-07
      vertex 5.86077 114.1 2.4
      vertex 5.86077 114.1 3.8147e-07
    endloop
  endfacet
  facet normal -0.9465 0.322705 0
    outer loop
      vertex 8.00865 113.041 3.8147e-07
      vertex 8.05911 113.189 2.4
      vertex 8.05911 113.189 3.8147e-07
    endloop
  endfacet
  facet normal -0.9465 0.322705 0
    outer loop
      vertex 8.05911 113.189 2.4
      vertex 8.00865 113.041 3.8147e-07
      vertex 8.00865 113.041 2.4
    endloop
  endfacet
  facet normal -0.445228 -0.895417 0
    outer loop
      vertex 7.35922 114.609 3.8147e-07
      vertex 7.5 114.539 2.4
      vertex 7.35922 114.609 2.4
    endloop
  endfacet
  facet normal -0.445228 -0.895417 -0
    outer loop
      vertex 7.5 114.539 2.4
      vertex 7.35922 114.609 3.8147e-07
      vertex 7.5 114.539 3.8147e-07
    endloop
  endfacet
  facet normal 0.445228 -0.895417 0
    outer loop
      vertex 6.3 114.539 3.8147e-07
      vertex 6.44078 114.609 2.4
      vertex 6.3 114.539 2.4
    endloop
  endfacet
  facet normal 0.445228 -0.895417 0
    outer loop
      vertex 6.44078 114.609 2.4
      vertex 6.3 114.539 3.8147e-07
      vertex 6.44078 114.609 3.8147e-07
    endloop
  endfacet
  facet normal 0.897134 -0.441759 0
    outer loop
      vertex 5.79134 113.959 2.4
      vertex 5.86077 114.1 3.8147e-07
      vertex 5.86077 114.1 2.4
    endloop
  endfacet
  facet normal 0.897134 -0.441759 0
    outer loop
      vertex 5.86077 114.1 3.8147e-07
      vertex 5.79134 113.959 2.4
      vertex 5.79134 113.959 3.8147e-07
    endloop
  endfacet
  facet normal 0.897134 0.441759 0
    outer loop
      vertex 5.86077 112.9 2.4
      vertex 5.79134 113.041 3.8147e-07
      vertex 5.79134 113.041 2.4
    endloop
  endfacet
  facet normal 0.897134 0.441759 0
    outer loop
      vertex 5.79134 113.041 3.8147e-07
      vertex 5.86077 112.9 2.4
      vertex 5.86077 112.9 3.8147e-07
    endloop
  endfacet
  facet normal 0.554671 -0.83207 0
    outer loop
      vertex 6.16949 114.452 3.8147e-07
      vertex 6.3 114.539 2.4
      vertex 6.16949 114.452 2.4
    endloop
  endfacet
  facet normal 0.554671 -0.83207 0
    outer loop
      vertex 6.3 114.539 2.4
      vertex 6.16949 114.452 3.8147e-07
      vertex 6.3 114.539 3.8147e-07
    endloop
  endfacet
  facet normal 0.997978 0.0635655 0
    outer loop
      vertex 167.71 113.343 2.4
      vertex 167.7 113.5 3.8147e-07
      vertex 167.7 113.5 2.4
    endloop
  endfacet
  facet normal 0.997978 0.0635655 0
    outer loop
      vertex 167.7 113.5 3.8147e-07
      vertex 167.71 113.343 2.4
      vertex 167.71 113.343 3.8147e-07
    endloop
  endfacet
  facet normal -0.980335 0.19734 0
    outer loop
      vertex 170.059 113.189 3.8147e-07
      vertex 170.09 113.343 2.4
      vertex 170.09 113.343 3.8147e-07
    endloop
  endfacet
  facet normal -0.980335 0.19734 0
    outer loop
      vertex 170.09 113.343 2.4
      vertex 170.059 113.189 3.8147e-07
      vertex 170.059 113.189 2.4
    endloop
  endfacet
  facet normal -0.997978 0.0635655 0
    outer loop
      vertex 170.09 113.343 3.8147e-07
      vertex 170.1 113.5 2.4
      vertex 170.1 113.5 3.8147e-07
    endloop
  endfacet
  facet normal -0.997978 0.0635655 0
    outer loop
      vertex 170.1 113.5 2.4
      vertex 170.09 113.343 3.8147e-07
      vertex 170.09 113.343 2.4
    endloop
  endfacet
  facet normal -0.980335 -0.19734 0
    outer loop
      vertex 170.09 113.657 3.8147e-07
      vertex 170.059 113.811 2.4
      vertex 170.059 113.811 3.8147e-07
    endloop
  endfacet
  facet normal -0.980335 -0.19734 0
    outer loop
      vertex 170.059 113.811 2.4
      vertex 170.09 113.657 3.8147e-07
      vertex 170.09 113.657 2.4
    endloop
  endfacet
  facet normal 0.19734 0.980335 -0
    outer loop
      vertex 168.743 112.31 3.8147e-07
      vertex 168.589 112.341 2.4
      vertex 168.743 112.31 2.4
    endloop
  endfacet
  facet normal 0.19734 0.980335 0
    outer loop
      vertex 168.589 112.341 2.4
      vertex 168.743 112.31 3.8147e-07
      vertex 168.589 112.341 3.8147e-07
    endloop
  endfacet
  facet normal 0.833027 0.553232 0
    outer loop
      vertex 167.948 112.769 2.4
      vertex 167.861 112.9 3.8147e-07
      vertex 167.861 112.9 2.4
    endloop
  endfacet
  facet normal 0.833027 0.553232 0
    outer loop
      vertex 167.861 112.9 3.8147e-07
      vertex 167.948 112.769 2.4
      vertex 167.948 112.769 3.8147e-07
    endloop
  endfacet
  facet normal -0.0635655 -0.997978 0
    outer loop
      vertex 168.9 114.7 3.8147e-07
      vertex 169.057 114.69 2.4
      vertex 168.9 114.7 2.4
    endloop
  endfacet
  facet normal -0.0635655 -0.997978 -0
    outer loop
      vertex 169.057 114.69 2.4
      vertex 168.9 114.7 3.8147e-07
      vertex 169.057 114.69 3.8147e-07
    endloop
  endfacet
  facet normal 0.444671 0.895694 -0
    outer loop
      vertex 168.441 112.391 3.8147e-07
      vertex 168.3 112.461 2.4
      vertex 168.441 112.391 2.4
    endloop
  endfacet
  facet normal 0.444671 0.895694 0
    outer loop
      vertex 168.3 112.461 2.4
      vertex 168.441 112.391 3.8147e-07
      vertex 168.3 112.461 3.8147e-07
    endloop
  endfacet
  facet normal 0.553232 0.833027 -0
    outer loop
      vertex 168.3 112.461 3.8147e-07
      vertex 168.169 112.548 2.4
      vertex 168.3 112.461 2.4
    endloop
  endfacet
  facet normal 0.553232 0.833027 0
    outer loop
      vertex 168.169 112.548 2.4
      vertex 168.3 112.461 3.8147e-07
      vertex 168.169 112.548 3.8147e-07
    endloop
  endfacet
  facet normal 0.19734 -0.980335 0
    outer loop
      vertex 168.589 114.659 3.8147e-07
      vertex 168.743 114.69 2.4
      vertex 168.589 114.659 2.4
    endloop
  endfacet
  facet normal 0.19734 -0.980335 0
    outer loop
      vertex 168.743 114.69 2.4
      vertex 168.589 114.659 3.8147e-07
      vertex 168.743 114.69 3.8147e-07
    endloop
  endfacet
  facet normal 0.0635655 -0.997978 0
    outer loop
      vertex 168.743 114.69 3.8147e-07
      vertex 168.9 114.7 2.4
      vertex 168.743 114.69 2.4
    endloop
  endfacet
  facet normal 0.0635655 -0.997978 0
    outer loop
      vertex 168.9 114.7 2.4
      vertex 168.743 114.69 3.8147e-07
      vertex 168.9 114.7 3.8147e-07
    endloop
  endfacet
  facet normal 0.947395 -0.320066 0
    outer loop
      vertex 167.741 113.811 2.4
      vertex 167.791 113.959 3.8147e-07
      vertex 167.791 113.959 2.4
    endloop
  endfacet
  facet normal 0.947395 -0.320066 0
    outer loop
      vertex 167.791 113.959 3.8147e-07
      vertex 167.741 113.811 2.4
      vertex 167.741 113.811 3.8147e-07
    endloop
  endfacet
  facet normal -0.320066 -0.947395 0
    outer loop
      vertex 169.211 114.659 3.8147e-07
      vertex 169.359 114.609 2.4
      vertex 169.211 114.659 2.4
    endloop
  endfacet
  facet normal -0.320066 -0.947395 -0
    outer loop
      vertex 169.359 114.609 2.4
      vertex 169.211 114.659 3.8147e-07
      vertex 169.359 114.609 3.8147e-07
    endloop
  endfacet
  facet normal 0.980335 0.19734 0
    outer loop
      vertex 167.741 113.189 2.4
      vertex 167.71 113.343 3.8147e-07
      vertex 167.71 113.343 2.4
    endloop
  endfacet
  facet normal 0.980335 0.19734 0
    outer loop
      vertex 167.71 113.343 3.8147e-07
      vertex 167.741 113.189 2.4
      vertex 167.741 113.189 3.8147e-07
    endloop
  endfacet
  facet normal 0.753367 0.6576 0
    outer loop
      vertex 168.051 112.651 2.4
      vertex 167.948 112.769 3.8147e-07
      vertex 167.948 112.769 2.4
    endloop
  endfacet
  facet normal 0.753367 0.6576 0
    outer loop
      vertex 167.948 112.769 3.8147e-07
      vertex 168.051 112.651 2.4
      vertex 168.051 112.651 3.8147e-07
    endloop
  endfacet
  facet normal 0.320066 0.947395 -0
    outer loop
      vertex 168.589 112.341 3.8147e-07
      vertex 168.441 112.391 2.4
      vertex 168.589 112.341 2.4
    endloop
  endfacet
  facet normal 0.320066 0.947395 0
    outer loop
      vertex 168.441 112.391 2.4
      vertex 168.589 112.341 3.8147e-07
      vertex 168.441 112.391 3.8147e-07
    endloop
  endfacet
  facet normal 0.980335 -0.19734 0
    outer loop
      vertex 167.71 113.657 2.4
      vertex 167.741 113.811 3.8147e-07
      vertex 167.741 113.811 2.4
    endloop
  endfacet
  facet normal 0.980335 -0.19734 0
    outer loop
      vertex 167.741 113.811 3.8147e-07
      vertex 167.71 113.657 2.4
      vertex 167.71 113.657 3.8147e-07
    endloop
  endfacet
  facet normal -0.0635655 0.997978 0
    outer loop
      vertex 169.057 112.31 3.8147e-07
      vertex 168.9 112.3 2.4
      vertex 169.057 112.31 2.4
    endloop
  endfacet
  facet normal -0.0635655 0.997978 0
    outer loop
      vertex 168.9 112.3 2.4
      vertex 169.057 112.31 3.8147e-07
      vertex 168.9 112.3 3.8147e-07
    endloop
  endfacet
  facet normal 0.895694 0.444671 0
    outer loop
      vertex 167.861 112.9 2.4
      vertex 167.791 113.041 3.8147e-07
      vertex 167.791 113.041 2.4
    endloop
  endfacet
  facet normal 0.895694 0.444671 0
    outer loop
      vertex 167.791 113.041 3.8147e-07
      vertex 167.861 112.9 2.4
      vertex 167.861 112.9 3.8147e-07
    endloop
  endfacet
  facet normal 0.947395 0.320066 0
    outer loop
      vertex 167.791 113.041 2.4
      vertex 167.741 113.189 3.8147e-07
      vertex 167.741 113.189 2.4
    endloop
  endfacet
  facet normal 0.947395 0.320066 0
    outer loop
      vertex 167.741 113.189 3.8147e-07
      vertex 167.791 113.041 2.4
      vertex 167.791 113.041 3.8147e-07
    endloop
  endfacet
  facet normal -0.753367 -0.6576 0
    outer loop
      vertex 169.852 114.231 3.8147e-07
      vertex 169.749 114.349 2.4
      vertex 169.749 114.349 3.8147e-07
    endloop
  endfacet
  facet normal -0.753367 -0.6576 0
    outer loop
      vertex 169.749 114.349 2.4
      vertex 169.852 114.231 3.8147e-07
      vertex 169.852 114.231 2.4
    endloop
  endfacet
  facet normal 0.753367 -0.6576 0
    outer loop
      vertex 167.948 114.231 2.4
      vertex 168.051 114.349 3.8147e-07
      vertex 168.051 114.349 2.4
    endloop
  endfacet
  facet normal 0.753367 -0.6576 0
    outer loop
      vertex 168.051 114.349 3.8147e-07
      vertex 167.948 114.231 2.4
      vertex 167.948 114.231 3.8147e-07
    endloop
  endfacet
  facet normal -0.833027 0.553232 0
    outer loop
      vertex 169.852 112.769 3.8147e-07
      vertex 169.939 112.9 2.4
      vertex 169.939 112.9 3.8147e-07
    endloop
  endfacet
  facet normal -0.833027 0.553232 0
    outer loop
      vertex 169.939 112.9 2.4
      vertex 169.852 112.769 3.8147e-07
      vertex 169.852 112.769 2.4
    endloop
  endfacet
  facet normal -0.833027 -0.553232 0
    outer loop
      vertex 169.939 114.1 3.8147e-07
      vertex 169.852 114.231 2.4
      vertex 169.852 114.231 3.8147e-07
    endloop
  endfacet
  facet normal -0.833027 -0.553232 0
    outer loop
      vertex 169.852 114.231 2.4
      vertex 169.939 114.1 3.8147e-07
      vertex 169.939 114.1 2.4
    endloop
  endfacet
  facet normal -0.19734 0.980335 0
    outer loop
      vertex 169.211 112.341 3.8147e-07
      vertex 169.057 112.31 2.4
      vertex 169.211 112.341 2.4
    endloop
  endfacet
  facet normal -0.19734 0.980335 0
    outer loop
      vertex 169.057 112.31 2.4
      vertex 169.211 112.341 3.8147e-07
      vertex 169.057 112.31 3.8147e-07
    endloop
  endfacet
  facet normal -0.6576 0.753367 0
    outer loop
      vertex 169.749 112.651 3.8147e-07
      vertex 169.631 112.548 2.4
      vertex 169.749 112.651 2.4
    endloop
  endfacet
  facet normal -0.6576 0.753367 0
    outer loop
      vertex 169.631 112.548 2.4
      vertex 169.749 112.651 3.8147e-07
      vertex 169.631 112.548 3.8147e-07
    endloop
  endfacet
  facet normal -0.444671 0.895694 0
    outer loop
      vertex 169.5 112.461 3.8147e-07
      vertex 169.359 112.391 2.4
      vertex 169.5 112.461 2.4
    endloop
  endfacet
  facet normal -0.444671 0.895694 0
    outer loop
      vertex 169.359 112.391 2.4
      vertex 169.5 112.461 3.8147e-07
      vertex 169.359 112.391 3.8147e-07
    endloop
  endfacet
  facet normal -0.753367 0.6576 0
    outer loop
      vertex 169.749 112.651 3.8147e-07
      vertex 169.852 112.769 2.4
      vertex 169.852 112.769 3.8147e-07
    endloop
  endfacet
  facet normal -0.753367 0.6576 0
    outer loop
      vertex 169.852 112.769 2.4
      vertex 169.749 112.651 3.8147e-07
      vertex 169.749 112.651 2.4
    endloop
  endfacet
  facet normal 0.0635655 0.997978 -0
    outer loop
      vertex 168.9 112.3 3.8147e-07
      vertex 168.743 112.31 2.4
      vertex 168.9 112.3 2.4
    endloop
  endfacet
  facet normal 0.0635655 0.997978 0
    outer loop
      vertex 168.743 112.31 2.4
      vertex 168.9 112.3 3.8147e-07
      vertex 168.743 112.31 3.8147e-07
    endloop
  endfacet
  facet normal -0.997978 -0.0635655 0
    outer loop
      vertex 170.1 113.5 3.8147e-07
      vertex 170.09 113.657 2.4
      vertex 170.09 113.657 3.8147e-07
    endloop
  endfacet
  facet normal -0.997978 -0.0635655 0
    outer loop
      vertex 170.09 113.657 2.4
      vertex 170.1 113.5 3.8147e-07
      vertex 170.1 113.5 2.4
    endloop
  endfacet
  facet normal -0.553232 -0.833027 0
    outer loop
      vertex 169.5 114.539 3.8147e-07
      vertex 169.631 114.452 2.4
      vertex 169.5 114.539 2.4
    endloop
  endfacet
  facet normal -0.553232 -0.833027 -0
    outer loop
      vertex 169.631 114.452 2.4
      vertex 169.5 114.539 3.8147e-07
      vertex 169.631 114.452 3.8147e-07
    endloop
  endfacet
  facet normal -0.947395 -0.320066 0
    outer loop
      vertex 170.059 113.811 3.8147e-07
      vertex 170.009 113.959 2.4
      vertex 170.009 113.959 3.8147e-07
    endloop
  endfacet
  facet normal -0.947395 -0.320066 0
    outer loop
      vertex 170.009 113.959 2.4
      vertex 170.059 113.811 3.8147e-07
      vertex 170.059 113.811 2.4
    endloop
  endfacet
  facet normal -0.895694 -0.444671 0
    outer loop
      vertex 170.009 113.959 3.8147e-07
      vertex 169.939 114.1 2.4
      vertex 169.939 114.1 3.8147e-07
    endloop
  endfacet
  facet normal -0.895694 -0.444671 0
    outer loop
      vertex 169.939 114.1 2.4
      vertex 170.009 113.959 3.8147e-07
      vertex 170.009 113.959 2.4
    endloop
  endfacet
  facet normal -0.553232 0.833027 0
    outer loop
      vertex 169.631 112.548 3.8147e-07
      vertex 169.5 112.461 2.4
      vertex 169.631 112.548 2.4
    endloop
  endfacet
  facet normal -0.553232 0.833027 0
    outer loop
      vertex 169.5 112.461 2.4
      vertex 169.631 112.548 3.8147e-07
      vertex 169.5 112.461 3.8147e-07
    endloop
  endfacet
  facet normal -0.19734 -0.980335 0
    outer loop
      vertex 169.057 114.69 3.8147e-07
      vertex 169.211 114.659 2.4
      vertex 169.057 114.69 2.4
    endloop
  endfacet
  facet normal -0.19734 -0.980335 -0
    outer loop
      vertex 169.211 114.659 2.4
      vertex 169.057 114.69 3.8147e-07
      vertex 169.211 114.659 3.8147e-07
    endloop
  endfacet
  facet normal 0.997978 -0.0635655 0
    outer loop
      vertex 167.7 113.5 2.4
      vertex 167.71 113.657 3.8147e-07
      vertex 167.71 113.657 2.4
    endloop
  endfacet
  facet normal 0.997978 -0.0635655 0
    outer loop
      vertex 167.71 113.657 3.8147e-07
      vertex 167.7 113.5 2.4
      vertex 167.7 113.5 3.8147e-07
    endloop
  endfacet
  facet normal -0.6576 -0.753367 0
    outer loop
      vertex 169.631 114.452 3.8147e-07
      vertex 169.749 114.349 2.4
      vertex 169.631 114.452 2.4
    endloop
  endfacet
  facet normal -0.6576 -0.753367 -0
    outer loop
      vertex 169.749 114.349 2.4
      vertex 169.631 114.452 3.8147e-07
      vertex 169.749 114.349 3.8147e-07
    endloop
  endfacet
  facet normal 0.6576 -0.753367 0
    outer loop
      vertex 168.051 114.349 3.8147e-07
      vertex 168.169 114.452 2.4
      vertex 168.051 114.349 2.4
    endloop
  endfacet
  facet normal 0.6576 -0.753367 0
    outer loop
      vertex 168.169 114.452 2.4
      vertex 168.051 114.349 3.8147e-07
      vertex 168.169 114.452 3.8147e-07
    endloop
  endfacet
  facet normal 0.6576 0.753367 -0
    outer loop
      vertex 168.169 112.548 3.8147e-07
      vertex 168.051 112.651 2.4
      vertex 168.169 112.548 2.4
    endloop
  endfacet
  facet normal 0.6576 0.753367 0
    outer loop
      vertex 168.051 112.651 2.4
      vertex 168.169 112.548 3.8147e-07
      vertex 168.051 112.651 3.8147e-07
    endloop
  endfacet
  facet normal -0.895694 0.444671 0
    outer loop
      vertex 169.939 112.9 3.8147e-07
      vertex 170.009 113.041 2.4
      vertex 170.009 113.041 3.8147e-07
    endloop
  endfacet
  facet normal -0.895694 0.444671 0
    outer loop
      vertex 170.009 113.041 2.4
      vertex 169.939 112.9 3.8147e-07
      vertex 169.939 112.9 2.4
    endloop
  endfacet
  facet normal -0.320066 0.947395 0
    outer loop
      vertex 169.359 112.391 3.8147e-07
      vertex 169.211 112.341 2.4
      vertex 169.359 112.391 2.4
    endloop
  endfacet
  facet normal -0.320066 0.947395 0
    outer loop
      vertex 169.211 112.341 2.4
      vertex 169.359 112.391 3.8147e-07
      vertex 169.211 112.341 3.8147e-07
    endloop
  endfacet
  facet normal 0.833027 -0.553232 0
    outer loop
      vertex 167.861 114.1 2.4
      vertex 167.948 114.231 3.8147e-07
      vertex 167.948 114.231 2.4
    endloop
  endfacet
  facet normal 0.833027 -0.553232 0
    outer loop
      vertex 167.948 114.231 3.8147e-07
      vertex 167.861 114.1 2.4
      vertex 167.861 114.1 3.8147e-07
    endloop
  endfacet
  facet normal -0.947395 0.320066 0
    outer loop
      vertex 170.009 113.041 3.8147e-07
      vertex 170.059 113.189 2.4
      vertex 170.059 113.189 3.8147e-07
    endloop
  endfacet
  facet normal -0.947395 0.320066 0
    outer loop
      vertex 170.059 113.189 2.4
      vertex 170.009 113.041 3.8147e-07
      vertex 170.009 113.041 2.4
    endloop
  endfacet
  facet normal 0.320066 -0.947395 0
    outer loop
      vertex 168.441 114.609 3.8147e-07
      vertex 168.589 114.659 2.4
      vertex 168.441 114.609 2.4
    endloop
  endfacet
  facet normal 0.320066 -0.947395 0
    outer loop
      vertex 168.589 114.659 2.4
      vertex 168.441 114.609 3.8147e-07
      vertex 168.589 114.659 3.8147e-07
    endloop
  endfacet
  facet normal -0.444671 -0.895694 0
    outer loop
      vertex 169.359 114.609 3.8147e-07
      vertex 169.5 114.539 2.4
      vertex 169.359 114.609 2.4
    endloop
  endfacet
  facet normal -0.444671 -0.895694 -0
    outer loop
      vertex 169.5 114.539 2.4
      vertex 169.359 114.609 3.8147e-07
      vertex 169.5 114.539 3.8147e-07
    endloop
  endfacet
  facet normal 0.444671 -0.895694 0
    outer loop
      vertex 168.3 114.539 3.8147e-07
      vertex 168.441 114.609 2.4
      vertex 168.3 114.539 2.4
    endloop
  endfacet
  facet normal 0.444671 -0.895694 0
    outer loop
      vertex 168.441 114.609 2.4
      vertex 168.3 114.539 3.8147e-07
      vertex 168.441 114.609 3.8147e-07
    endloop
  endfacet
  facet normal 0.895694 -0.444671 0
    outer loop
      vertex 167.791 113.959 2.4
      vertex 167.861 114.1 3.8147e-07
      vertex 167.861 114.1 2.4
    endloop
  endfacet
  facet normal 0.895694 -0.444671 0
    outer loop
      vertex 167.861 114.1 3.8147e-07
      vertex 167.791 113.959 2.4
      vertex 167.791 113.959 3.8147e-07
    endloop
  endfacet
  facet normal 0.553232 -0.833027 0
    outer loop
      vertex 168.169 114.452 3.8147e-07
      vertex 168.3 114.539 2.4
      vertex 168.169 114.452 2.4
    endloop
  endfacet
  facet normal 0.553232 -0.833027 0
    outer loop
      vertex 168.3 114.539 2.4
      vertex 168.169 114.452 3.8147e-07
      vertex 168.3 114.539 3.8147e-07
    endloop
  endfacet
  facet normal -0.980788 0.195075 0
    outer loop
      vertex 8.05911 6.58942 3.8147e-07
      vertex 8.08973 6.74337 2.4
      vertex 8.08973 6.74337 3.8147e-07
    endloop
  endfacet
  facet normal -0.980788 0.195075 0
    outer loop
      vertex 8.08973 6.74337 2.4
      vertex 8.05911 6.58942 3.8147e-07
      vertex 8.05911 6.58942 2.4
    endloop
  endfacet
  facet normal -0.997857 0.065428 0
    outer loop
      vertex 8.08973 6.74337 3.8147e-07
      vertex 8.1 6.9 2.4
      vertex 8.1 6.9 3.8147e-07
    endloop
  endfacet
  facet normal -0.997857 0.065428 0
    outer loop
      vertex 8.1 6.9 2.4
      vertex 8.08973 6.74337 3.8147e-07
      vertex 8.08973 6.74337 2.4
    endloop
  endfacet
  facet normal -0.896885 -0.442263 0
    outer loop
      vertex 8.00865 7.35922 3.8147e-07
      vertex 7.93923 7.5 2.4
      vertex 7.93923 7.5 3.8147e-07
    endloop
  endfacet
  facet normal -0.896885 -0.442263 0
    outer loop
      vertex 7.93923 7.5 2.4
      vertex 8.00865 7.35922 3.8147e-07
      vertex 8.00865 7.35922 2.4
    endloop
  endfacet
  facet normal -0.442263 0.896885 0
    outer loop
      vertex 7.5 5.86077 3.8147e-07
      vertex 7.35922 5.79135 2.4
      vertex 7.5 5.86077 2.4
    endloop
  endfacet
  facet normal -0.442263 0.896885 0
    outer loop
      vertex 7.35922 5.79135 2.4
      vertex 7.5 5.86077 3.8147e-07
      vertex 7.35922 5.79135 3.8147e-07
    endloop
  endfacet
  facet normal 0.32146 0.946923 -0
    outer loop
      vertex 6.58942 5.74089 3.8147e-07
      vertex 6.44078 5.79135 2.4
      vertex 6.58942 5.74089 2.4
    endloop
  endfacet
  facet normal 0.32146 0.946923 0
    outer loop
      vertex 6.44078 5.79135 2.4
      vertex 6.58942 5.74089 3.8147e-07
      vertex 6.44078 5.79135 3.8147e-07
    endloop
  endfacet
  facet normal -0.065428 -0.997857 0
    outer loop
      vertex 6.9 8.1 3.8147e-07
      vertex 7.05663 8.08973 2.4
      vertex 6.9 8.1 2.4
    endloop
  endfacet
  facet normal -0.065428 -0.997857 -0
    outer loop
      vertex 7.05663 8.08973 2.4
      vertex 6.9 8.1 3.8147e-07
      vertex 7.05663 8.08973 3.8147e-07
    endloop
  endfacet
  facet normal -0.659307 0.751874 0
    outer loop
      vertex 7.74853 6.05147 3.8147e-07
      vertex 7.63051 5.94798 2.4
      vertex 7.74853 6.05147 2.4
    endloop
  endfacet
  facet normal -0.659307 0.751874 0
    outer loop
      vertex 7.63051 5.94798 2.4
      vertex 7.74853 6.05147 3.8147e-07
      vertex 7.63051 5.94798 3.8147e-07
    endloop
  endfacet
  facet normal 0.89686 -0.442314 0
    outer loop
      vertex 5.79134 7.35922 2.4
      vertex 5.86077 7.5 3.8147e-07
      vertex 5.86077 7.5 2.4
    endloop
  endfacet
  facet normal 0.89686 -0.442314 0
    outer loop
      vertex 5.86077 7.5 3.8147e-07
      vertex 5.79134 7.35922 2.4
      vertex 5.79134 7.35922 3.8147e-07
    endloop
  endfacet
  facet normal 0.89686 0.442314 0
    outer loop
      vertex 5.86077 6.3 2.4
      vertex 5.79134 6.44078 3.8147e-07
      vertex 5.79134 6.44078 2.4
    endloop
  endfacet
  facet normal 0.89686 0.442314 0
    outer loop
      vertex 5.79134 6.44078 3.8147e-07
      vertex 5.86077 6.3 2.4
      vertex 5.86077 6.3 3.8147e-07
    endloop
  endfacet
  facet normal 0.831452 0.555597 0
    outer loop
      vertex 5.94798 6.16949 2.4
      vertex 5.86077 6.3 3.8147e-07
      vertex 5.86077 6.3 2.4
    endloop
  endfacet
  facet normal 0.831452 0.555597 0
    outer loop
      vertex 5.86077 6.3 3.8147e-07
      vertex 5.94798 6.16949 2.4
      vertex 5.94798 6.16949 3.8147e-07
    endloop
  endfacet
  facet normal 0.442314 -0.89686 0
    outer loop
      vertex 6.3 7.93923 3.8147e-07
      vertex 6.44078 8.00866 2.4
      vertex 6.3 7.93923 2.4
    endloop
  endfacet
  facet normal 0.442314 -0.89686 0
    outer loop
      vertex 6.44078 8.00866 2.4
      vertex 6.3 7.93923 3.8147e-07
      vertex 6.44078 8.00866 3.8147e-07
    endloop
  endfacet
  facet normal -0.659307 -0.751874 0
    outer loop
      vertex 7.63051 7.85202 3.8147e-07
      vertex 7.74853 7.74853 2.4
      vertex 7.63051 7.85202 2.4
    endloop
  endfacet
  facet normal -0.659307 -0.751874 -0
    outer loop
      vertex 7.74853 7.74853 2.4
      vertex 7.63051 7.85202 3.8147e-07
      vertex 7.74853 7.74853 3.8147e-07
    endloop
  endfacet
  facet normal 0.065428 0.997857 -0
    outer loop
      vertex 6.9 5.7 3.8147e-07
      vertex 6.74337 5.71027 2.4
      vertex 6.9 5.7 2.4
    endloop
  endfacet
  facet normal 0.065428 0.997857 0
    outer loop
      vertex 6.74337 5.71027 2.4
      vertex 6.9 5.7 3.8147e-07
      vertex 6.74337 5.71027 3.8147e-07
    endloop
  endfacet
  facet normal 0.997857 -0.065428 0
    outer loop
      vertex 5.7 6.9 2.4
      vertex 5.71027 7.05663 3.8147e-07
      vertex 5.71027 7.05663 2.4
    endloop
  endfacet
  facet normal 0.997857 -0.065428 0
    outer loop
      vertex 5.71027 7.05663 3.8147e-07
      vertex 5.7 6.9 2.4
      vertex 5.7 6.9 3.8147e-07
    endloop
  endfacet
  facet normal -0.946923 -0.32146 0
    outer loop
      vertex 8.05911 7.21058 3.8147e-07
      vertex 8.00865 7.35922 2.4
      vertex 8.00865 7.35922 3.8147e-07
    endloop
  endfacet
  facet normal -0.946923 -0.32146 0
    outer loop
      vertex 8.00865 7.35922 2.4
      vertex 8.05911 7.21058 3.8147e-07
      vertex 8.05911 7.21058 2.4
    endloop
  endfacet
  facet normal -0.997857 -0.065428 0
    outer loop
      vertex 8.1 6.9 3.8147e-07
      vertex 8.08973 7.05663 2.4
      vertex 8.08973 7.05663 3.8147e-07
    endloop
  endfacet
  facet normal -0.997857 -0.065428 0
    outer loop
      vertex 8.08973 7.05663 2.4
      vertex 8.1 6.9 3.8147e-07
      vertex 8.1 6.9 2.4
    endloop
  endfacet
  facet normal -0.896885 0.442263 0
    outer loop
      vertex 7.93923 6.3 3.8147e-07
      vertex 8.00865 6.44078 2.4
      vertex 8.00865 6.44078 3.8147e-07
    endloop
  endfacet
  facet normal -0.896885 0.442263 0
    outer loop
      vertex 8.00865 6.44078 2.4
      vertex 7.93923 6.3 3.8147e-07
      vertex 7.93923 6.3 2.4
    endloop
  endfacet
  facet normal -0.195075 -0.980788 0
    outer loop
      vertex 7.05663 8.08973 3.8147e-07
      vertex 7.21058 8.05911 2.4
      vertex 7.05663 8.08973 2.4
    endloop
  endfacet
  facet normal -0.195075 -0.980788 -0
    outer loop
      vertex 7.21058 8.05911 2.4
      vertex 7.05663 8.08973 3.8147e-07
      vertex 7.21058 8.05911 3.8147e-07
    endloop
  endfacet
  facet normal -0.831452 0.555597 0
    outer loop
      vertex 7.85202 6.16949 3.8147e-07
      vertex 7.93923 6.3 2.4
      vertex 7.93923 6.3 3.8147e-07
    endloop
  endfacet
  facet normal -0.831452 0.555597 0
    outer loop
      vertex 7.93923 6.3 2.4
      vertex 7.85202 6.16949 3.8147e-07
      vertex 7.85202 6.16949 2.4
    endloop
  endfacet
  facet normal 0.751874 -0.659307 0
    outer loop
      vertex 5.94798 7.63051 2.4
      vertex 6.05147 7.74853 3.8147e-07
      vertex 6.05147 7.74853 2.4
    endloop
  endfacet
  facet normal 0.751874 -0.659307 0
    outer loop
      vertex 6.05147 7.74853 3.8147e-07
      vertex 5.94798 7.63051 2.4
      vertex 5.94798 7.63051 3.8147e-07
    endloop
  endfacet
  facet normal 0.751874 0.659307 0
    outer loop
      vertex 6.05147 6.05147 2.4
      vertex 5.94798 6.16949 3.8147e-07
      vertex 5.94798 6.16949 2.4
    endloop
  endfacet
  facet normal 0.751874 0.659307 0
    outer loop
      vertex 5.94798 6.16949 3.8147e-07
      vertex 6.05147 6.05147 2.4
      vertex 6.05147 6.05147 3.8147e-07
    endloop
  endfacet
  facet normal 0.997857 0.065428 0
    outer loop
      vertex 5.71027 6.74337 2.4
      vertex 5.7 6.9 3.8147e-07
      vertex 5.7 6.9 2.4
    endloop
  endfacet
  facet normal 0.997857 0.065428 0
    outer loop
      vertex 5.7 6.9 3.8147e-07
      vertex 5.71027 6.74337 2.4
      vertex 5.71027 6.74337 3.8147e-07
    endloop
  endfacet
  facet normal -0.321402 -0.946943 0
    outer loop
      vertex 7.21058 8.05911 3.8147e-07
      vertex 7.35922 8.00866 2.4
      vertex 7.21058 8.05911 2.4
    endloop
  endfacet
  facet normal -0.321402 -0.946943 -0
    outer loop
      vertex 7.35922 8.00866 2.4
      vertex 7.21058 8.05911 3.8147e-07
      vertex 7.35922 8.00866 3.8147e-07
    endloop
  endfacet
  facet normal -0.980788 -0.195075 0
    outer loop
      vertex 8.08973 7.05663 3.8147e-07
      vertex 8.05911 7.21058 2.4
      vertex 8.05911 7.21058 3.8147e-07
    endloop
  endfacet
  facet normal -0.980788 -0.195075 0
    outer loop
      vertex 8.05911 7.21058 2.4
      vertex 8.08973 7.05663 3.8147e-07
      vertex 8.08973 7.05663 2.4
    endloop
  endfacet
  facet normal -0.555597 0.831452 0
    outer loop
      vertex 7.63051 5.94798 3.8147e-07
      vertex 7.5 5.86077 2.4
      vertex 7.63051 5.94798 2.4
    endloop
  endfacet
  facet normal -0.555597 0.831452 0
    outer loop
      vertex 7.5 5.86077 2.4
      vertex 7.63051 5.94798 3.8147e-07
      vertex 7.5 5.86077 3.8147e-07
    endloop
  endfacet
  facet normal -0.555597 -0.831452 0
    outer loop
      vertex 7.5 7.93923 3.8147e-07
      vertex 7.63051 7.85202 2.4
      vertex 7.5 7.93923 2.4
    endloop
  endfacet
  facet normal -0.555597 -0.831452 -0
    outer loop
      vertex 7.63051 7.85202 2.4
      vertex 7.5 7.93923 3.8147e-07
      vertex 7.63051 7.85202 3.8147e-07
    endloop
  endfacet
  facet normal 0.442263 0.896885 -0
    outer loop
      vertex 6.44078 5.79135 3.8147e-07
      vertex 6.3 5.86077 2.4
      vertex 6.44078 5.79135 2.4
    endloop
  endfacet
  facet normal 0.442263 0.896885 0
    outer loop
      vertex 6.3 5.86077 2.4
      vertex 6.44078 5.79135 3.8147e-07
      vertex 6.3 5.86077 3.8147e-07
    endloop
  endfacet
  facet normal -0.751874 -0.659307 0
    outer loop
      vertex 7.85202 7.63051 3.8147e-07
      vertex 7.74853 7.74853 2.4
      vertex 7.74853 7.74853 3.8147e-07
    endloop
  endfacet
  facet normal -0.751874 -0.659307 0
    outer loop
      vertex 7.74853 7.74853 2.4
      vertex 7.85202 7.63051 3.8147e-07
      vertex 7.85202 7.63051 2.4
    endloop
  endfacet
  facet normal -0.831452 -0.555597 0
    outer loop
      vertex 7.93923 7.5 3.8147e-07
      vertex 7.85202 7.63051 2.4
      vertex 7.85202 7.63051 3.8147e-07
    endloop
  endfacet
  facet normal -0.831452 -0.555597 0
    outer loop
      vertex 7.85202 7.63051 2.4
      vertex 7.93923 7.5 3.8147e-07
      vertex 7.93923 7.5 2.4
    endloop
  endfacet
  facet normal 0.980788 -0.195075 0
    outer loop
      vertex 5.71027 7.05663 2.4
      vertex 5.74089 7.21058 3.8147e-07
      vertex 5.74089 7.21058 2.4
    endloop
  endfacet
  facet normal 0.980788 -0.195075 0
    outer loop
      vertex 5.74089 7.21058 3.8147e-07
      vertex 5.71027 7.05663 2.4
      vertex 5.71027 7.05663 3.8147e-07
    endloop
  endfacet
  facet normal -0.442314 -0.89686 0
    outer loop
      vertex 7.35922 8.00866 3.8147e-07
      vertex 7.5 7.93923 2.4
      vertex 7.35922 8.00866 2.4
    endloop
  endfacet
  facet normal -0.442314 -0.89686 -0
    outer loop
      vertex 7.5 7.93923 2.4
      vertex 7.35922 8.00866 3.8147e-07
      vertex 7.5 7.93923 3.8147e-07
    endloop
  endfacet
  facet normal -0.32146 0.946923 0
    outer loop
      vertex 7.35922 5.79135 3.8147e-07
      vertex 7.21058 5.74089 2.4
      vertex 7.35922 5.79135 2.4
    endloop
  endfacet
  facet normal -0.32146 0.946923 0
    outer loop
      vertex 7.21058 5.74089 2.4
      vertex 7.35922 5.79135 3.8147e-07
      vertex 7.21058 5.74089 3.8147e-07
    endloop
  endfacet
  facet normal -0.195075 0.980788 0
    outer loop
      vertex 7.21058 5.74089 3.8147e-07
      vertex 7.05663 5.71027 2.4
      vertex 7.21058 5.74089 2.4
    endloop
  endfacet
  facet normal -0.195075 0.980788 0
    outer loop
      vertex 7.05663 5.71027 2.4
      vertex 7.21058 5.74089 3.8147e-07
      vertex 7.05663 5.71027 3.8147e-07
    endloop
  endfacet
  facet normal 0.065428 -0.997857 0
    outer loop
      vertex 6.74337 8.08973 3.8147e-07
      vertex 6.9 8.1 2.4
      vertex 6.74337 8.08973 2.4
    endloop
  endfacet
  facet normal 0.065428 -0.997857 0
    outer loop
      vertex 6.9 8.1 2.4
      vertex 6.74337 8.08973 3.8147e-07
      vertex 6.9 8.1 3.8147e-07
    endloop
  endfacet
  facet normal 0.980788 0.195075 0
    outer loop
      vertex 5.74089 6.58942 2.4
      vertex 5.71027 6.74337 3.8147e-07
      vertex 5.71027 6.74337 2.4
    endloop
  endfacet
  facet normal 0.980788 0.195075 0
    outer loop
      vertex 5.71027 6.74337 3.8147e-07
      vertex 5.74089 6.58942 2.4
      vertex 5.74089 6.58942 3.8147e-07
    endloop
  endfacet
  facet normal -0.751874 0.659307 0
    outer loop
      vertex 7.74853 6.05147 3.8147e-07
      vertex 7.85202 6.16949 2.4
      vertex 7.85202 6.16949 3.8147e-07
    endloop
  endfacet
  facet normal -0.751874 0.659307 0
    outer loop
      vertex 7.85202 6.16949 2.4
      vertex 7.74853 6.05147 3.8147e-07
      vertex 7.74853 6.05147 2.4
    endloop
  endfacet
  facet normal -0.946923 0.32146 0
    outer loop
      vertex 8.00865 6.44078 3.8147e-07
      vertex 8.05911 6.58942 2.4
      vertex 8.05911 6.58942 3.8147e-07
    endloop
  endfacet
  facet normal -0.946923 0.32146 0
    outer loop
      vertex 8.05911 6.58942 2.4
      vertex 8.00865 6.44078 3.8147e-07
      vertex 8.00865 6.44078 2.4
    endloop
  endfacet
  facet normal -0.065428 0.997857 0
    outer loop
      vertex 7.05663 5.71027 3.8147e-07
      vertex 6.9 5.7 2.4
      vertex 7.05663 5.71027 2.4
    endloop
  endfacet
  facet normal -0.065428 0.997857 0
    outer loop
      vertex 6.9 5.7 2.4
      vertex 7.05663 5.71027 3.8147e-07
      vertex 6.9 5.7 3.8147e-07
    endloop
  endfacet
  facet normal 0.195075 0.980788 -0
    outer loop
      vertex 6.74337 5.71027 3.8147e-07
      vertex 6.58942 5.74089 2.4
      vertex 6.74337 5.71027 2.4
    endloop
  endfacet
  facet normal 0.195075 0.980788 0
    outer loop
      vertex 6.58942 5.74089 2.4
      vertex 6.74337 5.71027 3.8147e-07
      vertex 6.58942 5.74089 3.8147e-07
    endloop
  endfacet
  facet normal 0.555597 0.831452 -0
    outer loop
      vertex 6.3 5.86077 3.8147e-07
      vertex 6.16949 5.94798 2.4
      vertex 6.3 5.86077 2.4
    endloop
  endfacet
  facet normal 0.555597 0.831452 0
    outer loop
      vertex 6.16949 5.94798 2.4
      vertex 6.3 5.86077 3.8147e-07
      vertex 6.16949 5.94798 3.8147e-07
    endloop
  endfacet
  facet normal 0.659307 0.751874 -0
    outer loop
      vertex 6.16949 5.94798 3.8147e-07
      vertex 6.05147 6.05147 2.4
      vertex 6.16949 5.94798 2.4
    endloop
  endfacet
  facet normal 0.659307 0.751874 0
    outer loop
      vertex 6.05147 6.05147 2.4
      vertex 6.16949 5.94798 3.8147e-07
      vertex 6.05147 6.05147 3.8147e-07
    endloop
  endfacet
  facet normal 0.946943 -0.321402 0
    outer loop
      vertex 5.74089 7.21058 2.4
      vertex 5.79134 7.35922 3.8147e-07
      vertex 5.79134 7.35922 2.4
    endloop
  endfacet
  facet normal 0.946943 -0.321402 0
    outer loop
      vertex 5.79134 7.35922 3.8147e-07
      vertex 5.74089 7.21058 2.4
      vertex 5.74089 7.21058 3.8147e-07
    endloop
  endfacet
  facet normal 0.946943 0.321402 0
    outer loop
      vertex 5.79134 6.44078 2.4
      vertex 5.74089 6.58942 3.8147e-07
      vertex 5.74089 6.58942 2.4
    endloop
  endfacet
  facet normal 0.946943 0.321402 0
    outer loop
      vertex 5.74089 6.58942 3.8147e-07
      vertex 5.79134 6.44078 2.4
      vertex 5.79134 6.44078 3.8147e-07
    endloop
  endfacet
  facet normal 0.555597 -0.831452 0
    outer loop
      vertex 6.16949 7.85202 3.8147e-07
      vertex 6.3 7.93923 2.4
      vertex 6.16949 7.85202 2.4
    endloop
  endfacet
  facet normal 0.555597 -0.831452 0
    outer loop
      vertex 6.3 7.93923 2.4
      vertex 6.16949 7.85202 3.8147e-07
      vertex 6.3 7.93923 3.8147e-07
    endloop
  endfacet
  facet normal 0.831452 -0.555597 0
    outer loop
      vertex 5.86077 7.5 2.4
      vertex 5.94798 7.63051 3.8147e-07
      vertex 5.94798 7.63051 2.4
    endloop
  endfacet
  facet normal 0.831452 -0.555597 0
    outer loop
      vertex 5.94798 7.63051 3.8147e-07
      vertex 5.86077 7.5 2.4
      vertex 5.86077 7.5 3.8147e-07
    endloop
  endfacet
  facet normal 0.321402 -0.946943 0
    outer loop
      vertex 6.44078 8.00866 3.8147e-07
      vertex 6.58942 8.05911 2.4
      vertex 6.44078 8.00866 2.4
    endloop
  endfacet
  facet normal 0.321402 -0.946943 0
    outer loop
      vertex 6.58942 8.05911 2.4
      vertex 6.44078 8.00866 3.8147e-07
      vertex 6.58942 8.05911 3.8147e-07
    endloop
  endfacet
  facet normal 0.195075 -0.980788 0
    outer loop
      vertex 6.58942 8.05911 3.8147e-07
      vertex 6.74337 8.08973 2.4
      vertex 6.58942 8.05911 2.4
    endloop
  endfacet
  facet normal 0.195075 -0.980788 0
    outer loop
      vertex 6.74337 8.08973 2.4
      vertex 6.58942 8.05911 3.8147e-07
      vertex 6.74337 8.08973 3.8147e-07
    endloop
  endfacet
  facet normal 0.659307 -0.751874 0
    outer loop
      vertex 6.05147 7.74853 3.8147e-07
      vertex 6.16949 7.85202 2.4
      vertex 6.05147 7.74853 2.4
    endloop
  endfacet
  facet normal 0.659307 -0.751874 0
    outer loop
      vertex 6.16949 7.85202 2.4
      vertex 6.05147 7.74853 3.8147e-07
      vertex 6.16949 7.85202 3.8147e-07
    endloop
  endfacet
  facet normal -0.980323 0.197402 0
    outer loop
      vertex 170.059 6.58942 3.8147e-07
      vertex 170.09 6.74337 2.4
      vertex 170.09 6.74337 3.8147e-07
    endloop
  endfacet
  facet normal -0.980323 0.197402 0
    outer loop
      vertex 170.09 6.74337 2.4
      vertex 170.059 6.58942 3.8147e-07
      vertex 170.059 6.58942 2.4
    endloop
  endfacet
  facet normal -0.997968 0.063715 0
    outer loop
      vertex 170.09 6.74337 3.8147e-07
      vertex 170.1 6.9 2.4
      vertex 170.1 6.9 3.8147e-07
    endloop
  endfacet
  facet normal -0.997968 0.063715 0
    outer loop
      vertex 170.1 6.9 2.4
      vertex 170.09 6.74337 3.8147e-07
      vertex 170.09 6.74337 2.4
    endloop
  endfacet
  facet normal -0.895417 -0.445228 0
    outer loop
      vertex 170.009 7.35922 3.8147e-07
      vertex 169.939 7.5 2.4
      vertex 169.939 7.5 3.8147e-07
    endloop
  endfacet
  facet normal -0.895417 -0.445228 0
    outer loop
      vertex 169.939 7.5 2.4
      vertex 170.009 7.35922 3.8147e-07
      vertex 170.009 7.35922 2.4
    endloop
  endfacet
  facet normal -0.441708 0.897159 0
    outer loop
      vertex 169.5 5.86077 3.8147e-07
      vertex 169.359 5.79135 2.4
      vertex 169.5 5.86077 2.4
    endloop
  endfacet
  facet normal -0.441708 0.897159 0
    outer loop
      vertex 169.359 5.79135 2.4
      vertex 169.5 5.86077 3.8147e-07
      vertex 169.359 5.79135 3.8147e-07
    endloop
  endfacet
  facet normal 0.322705 0.9465 -0
    outer loop
      vertex 168.589 5.74089 3.8147e-07
      vertex 168.441 5.79135 2.4
      vertex 168.589 5.74089 2.4
    endloop
  endfacet
  facet normal 0.322705 0.9465 0
    outer loop
      vertex 168.441 5.79135 2.4
      vertex 168.589 5.74089 3.8147e-07
      vertex 168.441 5.79135 3.8147e-07
    endloop
  endfacet
  facet normal -0.554158 0.832412 0
    outer loop
      vertex 169.631 5.94798 3.8147e-07
      vertex 169.5 5.86077 2.4
      vertex 169.631 5.94798 2.4
    endloop
  endfacet
  facet normal -0.554158 0.832412 0
    outer loop
      vertex 169.5 5.86077 2.4
      vertex 169.631 5.94798 3.8147e-07
      vertex 169.5 5.86077 3.8147e-07
    endloop
  endfacet
  facet normal -0.0652745 -0.997867 0
    outer loop
      vertex 168.9 8.1 3.8147e-07
      vertex 169.057 8.08973 2.4
      vertex 168.9 8.1 2.4
    endloop
  endfacet
  facet normal -0.0652745 -0.997867 -0
    outer loop
      vertex 169.057 8.08973 2.4
      vertex 168.9 8.1 3.8147e-07
      vertex 169.057 8.08973 3.8147e-07
    endloop
  endfacet
  facet normal -0.65937 0.751818 0
    outer loop
      vertex 169.749 6.05147 3.8147e-07
      vertex 169.631 5.94798 2.4
      vertex 169.749 6.05147 2.4
    endloop
  endfacet
  facet normal -0.65937 0.751818 0
    outer loop
      vertex 169.631 5.94798 2.4
      vertex 169.749 6.05147 3.8147e-07
      vertex 169.631 5.94798 3.8147e-07
    endloop
  endfacet
  facet normal 0.895417 -0.445228 0
    outer loop
      vertex 167.791 7.35922 2.4
      vertex 167.861 7.5 3.8147e-07
      vertex 167.861 7.5 2.4
    endloop
  endfacet
  facet normal 0.895417 -0.445228 0
    outer loop
      vertex 167.861 7.5 3.8147e-07
      vertex 167.791 7.35922 2.4
      vertex 167.791 7.35922 3.8147e-07
    endloop
  endfacet
  facet normal 0.895417 0.445228 0
    outer loop
      vertex 167.861 6.3 2.4
      vertex 167.791 6.44078 3.8147e-07
      vertex 167.791 6.44078 2.4
    endloop
  endfacet
  facet normal 0.895417 0.445228 0
    outer loop
      vertex 167.791 6.44078 3.8147e-07
      vertex 167.861 6.3 2.4
      vertex 167.861 6.3 3.8147e-07
    endloop
  endfacet
  facet normal 0.83207 0.554671 0
    outer loop
      vertex 167.948 6.16949 2.4
      vertex 167.861 6.3 3.8147e-07
      vertex 167.861 6.3 2.4
    endloop
  endfacet
  facet normal 0.83207 0.554671 0
    outer loop
      vertex 167.861 6.3 3.8147e-07
      vertex 167.948 6.16949 2.4
      vertex 167.948 6.16949 3.8147e-07
    endloop
  endfacet
  facet normal 0.441759 -0.897134 0
    outer loop
      vertex 168.3 7.93923 3.8147e-07
      vertex 168.441 8.00866 2.4
      vertex 168.3 7.93923 2.4
    endloop
  endfacet
  facet normal 0.441759 -0.897134 0
    outer loop
      vertex 168.441 8.00866 2.4
      vertex 168.3 7.93923 3.8147e-07
      vertex 168.441 8.00866 3.8147e-07
    endloop
  endfacet
  facet normal 0.0652745 0.997867 -0
    outer loop
      vertex 168.9 5.7 3.8147e-07
      vertex 168.743 5.71027 2.4
      vertex 168.9 5.7 2.4
    endloop
  endfacet
  facet normal 0.0652745 0.997867 0
    outer loop
      vertex 168.743 5.71027 2.4
      vertex 168.9 5.7 3.8147e-07
      vertex 168.743 5.71027 3.8147e-07
    endloop
  endfacet
  facet normal 0.997968 -0.063715 0
    outer loop
      vertex 167.7 6.9 2.4
      vertex 167.71 7.05663 3.8147e-07
      vertex 167.71 7.05663 2.4
    endloop
  endfacet
  facet normal 0.997968 -0.063715 0
    outer loop
      vertex 167.71 7.05663 3.8147e-07
      vertex 167.7 6.9 2.4
      vertex 167.7 6.9 3.8147e-07
    endloop
  endfacet
  facet normal -0.947813 -0.318828 0
    outer loop
      vertex 170.059 7.21058 3.8147e-07
      vertex 170.009 7.35922 2.4
      vertex 170.009 7.35922 3.8147e-07
    endloop
  endfacet
  facet normal -0.947813 -0.318828 0
    outer loop
      vertex 170.009 7.35922 2.4
      vertex 170.059 7.21058 3.8147e-07
      vertex 170.059 7.21058 2.4
    endloop
  endfacet
  facet normal -0.997968 -0.063715 0
    outer loop
      vertex 170.1 6.9 3.8147e-07
      vertex 170.09 7.05663 2.4
      vertex 170.09 7.05663 3.8147e-07
    endloop
  endfacet
  facet normal -0.997968 -0.063715 0
    outer loop
      vertex 170.09 7.05663 2.4
      vertex 170.1 6.9 3.8147e-07
      vertex 170.1 6.9 2.4
    endloop
  endfacet
  facet normal -0.895417 0.445228 0
    outer loop
      vertex 169.939 6.3 3.8147e-07
      vertex 170.009 6.44078 2.4
      vertex 170.009 6.44078 3.8147e-07
    endloop
  endfacet
  facet normal -0.895417 0.445228 0
    outer loop
      vertex 170.009 6.44078 2.4
      vertex 169.939 6.3 3.8147e-07
      vertex 169.939 6.3 2.4
    endloop
  endfacet
  facet normal -0.195014 -0.980801 0
    outer loop
      vertex 169.057 8.08973 3.8147e-07
      vertex 169.211 8.05911 2.4
      vertex 169.057 8.08973 2.4
    endloop
  endfacet
  facet normal -0.195014 -0.980801 -0
    outer loop
      vertex 169.211 8.05911 2.4
      vertex 169.057 8.08973 3.8147e-07
      vertex 169.211 8.05911 3.8147e-07
    endloop
  endfacet
  facet normal -0.83207 0.554671 0
    outer loop
      vertex 169.852 6.16949 3.8147e-07
      vertex 169.939 6.3 2.4
      vertex 169.939 6.3 3.8147e-07
    endloop
  endfacet
  facet normal -0.83207 0.554671 0
    outer loop
      vertex 169.939 6.3 2.4
      vertex 169.852 6.16949 3.8147e-07
      vertex 169.852 6.16949 2.4
    endloop
  endfacet
  facet normal 0.753422 -0.657537 0
    outer loop
      vertex 167.948 7.63051 2.4
      vertex 168.051 7.74853 3.8147e-07
      vertex 168.051 7.74853 2.4
    endloop
  endfacet
  facet normal 0.753422 -0.657537 0
    outer loop
      vertex 168.051 7.74853 3.8147e-07
      vertex 167.948 7.63051 2.4
      vertex 167.948 7.63051 3.8147e-07
    endloop
  endfacet
  facet normal 0.753422 0.657537 0
    outer loop
      vertex 168.051 6.05147 2.4
      vertex 167.948 6.16949 3.8147e-07
      vertex 167.948 6.16949 2.4
    endloop
  endfacet
  facet normal 0.753422 0.657537 0
    outer loop
      vertex 167.948 6.16949 3.8147e-07
      vertex 168.051 6.05147 2.4
      vertex 168.051 6.05147 3.8147e-07
    endloop
  endfacet
  facet normal 0.997968 0.063715 0
    outer loop
      vertex 167.71 6.74337 2.4
      vertex 167.7 6.9 3.8147e-07
      vertex 167.7 6.9 2.4
    endloop
  endfacet
  facet normal 0.997968 0.063715 0
    outer loop
      vertex 167.7 6.9 3.8147e-07
      vertex 167.71 6.74337 2.4
      vertex 167.71 6.74337 3.8147e-07
    endloop
  endfacet
  facet normal -0.322648 -0.946519 0
    outer loop
      vertex 169.211 8.05911 3.8147e-07
      vertex 169.359 8.00866 2.4
      vertex 169.211 8.05911 2.4
    endloop
  endfacet
  facet normal -0.322648 -0.946519 -0
    outer loop
      vertex 169.359 8.00866 2.4
      vertex 169.211 8.05911 3.8147e-07
      vertex 169.359 8.00866 3.8147e-07
    endloop
  endfacet
  facet normal -0.980323 -0.197402 0
    outer loop
      vertex 170.09 7.05663 3.8147e-07
      vertex 170.059 7.21058 2.4
      vertex 170.059 7.21058 3.8147e-07
    endloop
  endfacet
  facet normal -0.980323 -0.197402 0
    outer loop
      vertex 170.059 7.21058 2.4
      vertex 170.09 7.05663 3.8147e-07
      vertex 170.09 7.05663 2.4
    endloop
  endfacet
  facet normal -0.554158 -0.832412 0
    outer loop
      vertex 169.5 7.93923 3.8147e-07
      vertex 169.631 7.85202 2.4
      vertex 169.5 7.93923 2.4
    endloop
  endfacet
  facet normal -0.554158 -0.832412 -0
    outer loop
      vertex 169.631 7.85202 2.4
      vertex 169.5 7.93923 3.8147e-07
      vertex 169.631 7.85202 3.8147e-07
    endloop
  endfacet
  facet normal 0.441708 0.897159 -0
    outer loop
      vertex 168.441 5.79135 3.8147e-07
      vertex 168.3 5.86077 2.4
      vertex 168.441 5.79135 2.4
    endloop
  endfacet
  facet normal 0.441708 0.897159 0
    outer loop
      vertex 168.3 5.86077 2.4
      vertex 168.441 5.79135 3.8147e-07
      vertex 168.3 5.86077 3.8147e-07
    endloop
  endfacet
  facet normal -0.753422 -0.657537 0
    outer loop
      vertex 169.852 7.63051 3.8147e-07
      vertex 169.749 7.74853 2.4
      vertex 169.749 7.74853 3.8147e-07
    endloop
  endfacet
  facet normal -0.753422 -0.657537 0
    outer loop
      vertex 169.749 7.74853 2.4
      vertex 169.852 7.63051 3.8147e-07
      vertex 169.852 7.63051 2.4
    endloop
  endfacet
  facet normal -0.83207 -0.554671 0
    outer loop
      vertex 169.939 7.5 3.8147e-07
      vertex 169.852 7.63051 2.4
      vertex 169.852 7.63051 3.8147e-07
    endloop
  endfacet
  facet normal -0.83207 -0.554671 0
    outer loop
      vertex 169.852 7.63051 2.4
      vertex 169.939 7.5 3.8147e-07
      vertex 169.939 7.5 2.4
    endloop
  endfacet
  facet normal 0.980323 -0.197402 0
    outer loop
      vertex 167.71 7.05663 2.4
      vertex 167.741 7.21058 3.8147e-07
      vertex 167.741 7.21058 2.4
    endloop
  endfacet
  facet normal 0.980323 -0.197402 0
    outer loop
      vertex 167.741 7.21058 3.8147e-07
      vertex 167.71 7.05663 2.4
      vertex 167.71 7.05663 3.8147e-07
    endloop
  endfacet
  facet normal -0.441759 -0.897134 0
    outer loop
      vertex 169.359 8.00866 3.8147e-07
      vertex 169.5 7.93923 2.4
      vertex 169.359 8.00866 2.4
    endloop
  endfacet
  facet normal -0.441759 -0.897134 -0
    outer loop
      vertex 169.5 7.93923 2.4
      vertex 169.359 8.00866 3.8147e-07
      vertex 169.5 7.93923 3.8147e-07
    endloop
  endfacet
  facet normal -0.322705 0.9465 0
    outer loop
      vertex 169.359 5.79135 3.8147e-07
      vertex 169.211 5.74089 2.4
      vertex 169.359 5.79135 2.4
    endloop
  endfacet
  facet normal -0.322705 0.9465 0
    outer loop
      vertex 169.211 5.74089 2.4
      vertex 169.359 5.79135 3.8147e-07
      vertex 169.211 5.74089 3.8147e-07
    endloop
  endfacet
  facet normal -0.195014 0.980801 0
    outer loop
      vertex 169.211 5.74089 3.8147e-07
      vertex 169.057 5.71027 2.4
      vertex 169.211 5.74089 2.4
    endloop
  endfacet
  facet normal -0.195014 0.980801 0
    outer loop
      vertex 169.057 5.71027 2.4
      vertex 169.211 5.74089 3.8147e-07
      vertex 169.057 5.71027 3.8147e-07
    endloop
  endfacet
  facet normal 0.0652745 -0.997867 0
    outer loop
      vertex 168.743 8.08973 3.8147e-07
      vertex 168.9 8.1 2.4
      vertex 168.743 8.08973 2.4
    endloop
  endfacet
  facet normal 0.0652745 -0.997867 0
    outer loop
      vertex 168.9 8.1 2.4
      vertex 168.743 8.08973 3.8147e-07
      vertex 168.9 8.1 3.8147e-07
    endloop
  endfacet
  facet normal -0.65937 -0.751818 0
    outer loop
      vertex 169.631 7.85202 3.8147e-07
      vertex 169.749 7.74853 2.4
      vertex 169.631 7.85202 2.4
    endloop
  endfacet
  facet normal -0.65937 -0.751818 -0
    outer loop
      vertex 169.749 7.74853 2.4
      vertex 169.631 7.85202 3.8147e-07
      vertex 169.749 7.74853 3.8147e-07
    endloop
  endfacet
  facet normal 0.980323 0.197402 0
    outer loop
      vertex 167.741 6.58942 2.4
      vertex 167.71 6.74337 3.8147e-07
      vertex 167.71 6.74337 2.4
    endloop
  endfacet
  facet normal 0.980323 0.197402 0
    outer loop
      vertex 167.71 6.74337 3.8147e-07
      vertex 167.741 6.58942 2.4
      vertex 167.741 6.58942 3.8147e-07
    endloop
  endfacet
  facet normal -0.753422 0.657537 0
    outer loop
      vertex 169.749 6.05147 3.8147e-07
      vertex 169.852 6.16949 2.4
      vertex 169.852 6.16949 3.8147e-07
    endloop
  endfacet
  facet normal -0.753422 0.657537 0
    outer loop
      vertex 169.852 6.16949 2.4
      vertex 169.749 6.05147 3.8147e-07
      vertex 169.749 6.05147 2.4
    endloop
  endfacet
  facet normal -0.947813 0.318828 0
    outer loop
      vertex 170.009 6.44078 3.8147e-07
      vertex 170.059 6.58942 2.4
      vertex 170.059 6.58942 3.8147e-07
    endloop
  endfacet
  facet normal -0.947813 0.318828 0
    outer loop
      vertex 170.059 6.58942 2.4
      vertex 170.009 6.44078 3.8147e-07
      vertex 170.009 6.44078 2.4
    endloop
  endfacet
  facet normal -0.0652745 0.997867 0
    outer loop
      vertex 169.057 5.71027 3.8147e-07
      vertex 168.9 5.7 2.4
      vertex 169.057 5.71027 2.4
    endloop
  endfacet
  facet normal -0.0652745 0.997867 0
    outer loop
      vertex 168.9 5.7 2.4
      vertex 169.057 5.71027 3.8147e-07
      vertex 168.9 5.7 3.8147e-07
    endloop
  endfacet
  facet normal 0.195014 0.980801 -0
    outer loop
      vertex 168.743 5.71027 3.8147e-07
      vertex 168.589 5.74089 2.4
      vertex 168.743 5.71027 2.4
    endloop
  endfacet
  facet normal 0.195014 0.980801 0
    outer loop
      vertex 168.589 5.74089 2.4
      vertex 168.743 5.71027 3.8147e-07
      vertex 168.589 5.74089 3.8147e-07
    endloop
  endfacet
  facet normal 0.554158 0.832412 -0
    outer loop
      vertex 168.3 5.86077 3.8147e-07
      vertex 168.169 5.94798 2.4
      vertex 168.3 5.86077 2.4
    endloop
  endfacet
  facet normal 0.554158 0.832412 0
    outer loop
      vertex 168.169 5.94798 2.4
      vertex 168.3 5.86077 3.8147e-07
      vertex 168.169 5.94798 3.8147e-07
    endloop
  endfacet
  facet normal 0.65937 0.751818 -0
    outer loop
      vertex 168.169 5.94798 3.8147e-07
      vertex 168.051 6.05147 2.4
      vertex 168.169 5.94798 2.4
    endloop
  endfacet
  facet normal 0.65937 0.751818 0
    outer loop
      vertex 168.051 6.05147 2.4
      vertex 168.169 5.94798 3.8147e-07
      vertex 168.051 6.05147 3.8147e-07
    endloop
  endfacet
  facet normal 0.947813 -0.318828 0
    outer loop
      vertex 167.741 7.21058 2.4
      vertex 167.791 7.35922 3.8147e-07
      vertex 167.791 7.35922 2.4
    endloop
  endfacet
  facet normal 0.947813 -0.318828 0
    outer loop
      vertex 167.791 7.35922 3.8147e-07
      vertex 167.741 7.21058 2.4
      vertex 167.741 7.21058 3.8147e-07
    endloop
  endfacet
  facet normal 0.947813 0.318828 0
    outer loop
      vertex 167.791 6.44078 2.4
      vertex 167.741 6.58942 3.8147e-07
      vertex 167.741 6.58942 2.4
    endloop
  endfacet
  facet normal 0.947813 0.318828 0
    outer loop
      vertex 167.741 6.58942 3.8147e-07
      vertex 167.791 6.44078 2.4
      vertex 167.791 6.44078 3.8147e-07
    endloop
  endfacet
  facet normal 0.554158 -0.832412 0
    outer loop
      vertex 168.169 7.85202 3.8147e-07
      vertex 168.3 7.93923 2.4
      vertex 168.169 7.85202 2.4
    endloop
  endfacet
  facet normal 0.554158 -0.832412 0
    outer loop
      vertex 168.3 7.93923 2.4
      vertex 168.169 7.85202 3.8147e-07
      vertex 168.3 7.93923 3.8147e-07
    endloop
  endfacet
  facet normal 0.83207 -0.554671 0
    outer loop
      vertex 167.861 7.5 2.4
      vertex 167.948 7.63051 3.8147e-07
      vertex 167.948 7.63051 2.4
    endloop
  endfacet
  facet normal 0.83207 -0.554671 0
    outer loop
      vertex 167.948 7.63051 3.8147e-07
      vertex 167.861 7.5 2.4
      vertex 167.861 7.5 3.8147e-07
    endloop
  endfacet
  facet normal 0.322648 -0.946519 0
    outer loop
      vertex 168.441 8.00866 3.8147e-07
      vertex 168.589 8.05911 2.4
      vertex 168.441 8.00866 2.4
    endloop
  endfacet
  facet normal 0.322648 -0.946519 0
    outer loop
      vertex 168.589 8.05911 2.4
      vertex 168.441 8.00866 3.8147e-07
      vertex 168.589 8.05911 3.8147e-07
    endloop
  endfacet
  facet normal 0.195014 -0.980801 0
    outer loop
      vertex 168.589 8.05911 3.8147e-07
      vertex 168.743 8.08973 2.4
      vertex 168.589 8.05911 2.4
    endloop
  endfacet
  facet normal 0.195014 -0.980801 0
    outer loop
      vertex 168.743 8.08973 2.4
      vertex 168.589 8.05911 3.8147e-07
      vertex 168.743 8.08973 3.8147e-07
    endloop
  endfacet
  facet normal 0.65937 -0.751818 0
    outer loop
      vertex 168.051 7.74853 3.8147e-07
      vertex 168.169 7.85202 2.4
      vertex 168.051 7.74853 2.4
    endloop
  endfacet
  facet normal 0.65937 -0.751818 0
    outer loop
      vertex 168.169 7.85202 2.4
      vertex 168.051 7.74853 3.8147e-07
      vertex 168.169 7.85202 3.8147e-07
    endloop
  endfacet
  facet normal 0.320807 0.947145 -0
    outer loop
      vertex 173.331 120.096 3.8147e-07
      vertex 172.835 120.264 2.4
      vertex 173.331 120.096 2.4
    endloop
  endfacet
  facet normal 0.320807 0.947145 0
    outer loop
      vertex 172.835 120.264 2.4
      vertex 173.331 120.096 3.8147e-07
      vertex 172.835 120.264 3.8147e-07
    endloop
  endfacet
  facet normal 0 1 -0
    outer loop
      vertex 171.8 120.4 3.8147e-07
      vertex 4 120.4 2.4
      vertex 171.8 120.4 2.4
    endloop
  endfacet
  facet normal 0 1 0
    outer loop
      vertex 4 120.4 2.4
      vertex 171.8 120.4 3.8147e-07
      vertex 4 120.4 3.8147e-07
    endloop
  endfacet
  facet normal 0.195013 0.980801 -0
    outer loop
      vertex 172.835 120.264 3.8147e-07
      vertex 172.322 120.366 2.4
      vertex 172.835 120.264 2.4
    endloop
  endfacet
  facet normal 0.195013 0.980801 0
    outer loop
      vertex 172.322 120.366 2.4
      vertex 172.835 120.264 3.8147e-07
      vertex 172.322 120.366 3.8147e-07
    endloop
  endfacet
  facet normal -0.896774 0.442488 0
    outer loop
      vertex 0.304489 117.931 3.8147e-07
      vertex 0.535904 118.4 2.4
      vertex 0.535904 118.4 3.8147e-07
    endloop
  endfacet
  facet normal -0.896774 0.442488 0
    outer loop
      vertex 0.535904 118.4 2.4
      vertex 0.304489 117.931 3.8147e-07
      vertex 0.304489 117.931 2.4
    endloop
  endfacet
  facet normal -0.980789 -0.195073 0
    outer loop
      vertex 0.136292 2.96473 3.8147e-07
      vertex 0.0342255 3.4779 2.4
      vertex 0.0342255 3.4779 3.8147e-07
    endloop
  endfacet
  facet normal -0.980789 -0.195073 0
    outer loop
      vertex 0.0342255 3.4779 2.4
      vertex 0.136292 2.96473 3.8147e-07
      vertex 0.136292 2.96473 2.4
    endloop
  endfacet
  facet normal -0.659353 0.751834 0
    outer loop
      vertex 1.56496 119.573 3.8147e-07
      vertex 1.17157 119.228 2.4
      vertex 1.56496 119.573 2.4
    endloop
  endfacet
  facet normal -0.659353 0.751834 0
    outer loop
      vertex 1.17157 119.228 2.4
      vertex 1.56496 119.573 3.8147e-07
      vertex 1.17157 119.228 3.8147e-07
    endloop
  endfacet
  facet normal 0.0649964 0.997886 -0
    outer loop
      vertex 172.322 120.366 3.8147e-07
      vertex 171.8 120.4 2.4
      vertex 172.322 120.366 2.4
    endloop
  endfacet
  facet normal 0.0649964 0.997886 0
    outer loop
      vertex 171.8 120.4 2.4
      vertex 172.322 120.366 3.8147e-07
      vertex 171.8 120.4 3.8147e-07
    endloop
  endfacet
  facet normal -0.194951 0.980813 0
    outer loop
      vertex 3.47789 120.366 3.8147e-07
      vertex 2.96472 120.264 2.4
      vertex 3.47789 120.366 2.4
    endloop
  endfacet
  facet normal -0.194951 0.980813 0
    outer loop
      vertex 2.96472 120.264 2.4
      vertex 3.47789 120.366 3.8147e-07
      vertex 2.96472 120.264 3.8147e-07
    endloop
  endfacet
  facet normal -0.321126 0.947036 0
    outer loop
      vertex 2.96472 120.264 3.8147e-07
      vertex 2.46927 120.096 2.4
      vertex 2.96472 120.264 2.4
    endloop
  endfacet
  facet normal -0.321126 0.947036 0
    outer loop
      vertex 2.46927 120.096 2.4
      vertex 2.96472 120.264 3.8147e-07
      vertex 2.46927 120.096 3.8147e-07
    endloop
  endfacet
  facet normal -0.555564 -0.831474 0
    outer loop
      vertex 1.56496 0.82659 3.8147e-07
      vertex 2 0.53591 2.4
      vertex 1.56496 0.82659 2.4
    endloop
  endfacet
  facet normal -0.555564 -0.831474 -0
    outer loop
      vertex 2 0.53591 2.4
      vertex 1.56496 0.82659 3.8147e-07
      vertex 2 0.53591 3.8147e-07
    endloop
  endfacet
  facet normal -0.0654119 -0.997858 0
    outer loop
      vertex 3.47789 0.0342316 3.8147e-07
      vertex 4 6.10352e-06 2.4
      vertex 3.47789 0.0342316 2.4
    endloop
  endfacet
  facet normal -0.0654119 -0.997858 -0
    outer loop
      vertex 4 6.10352e-06 2.4
      vertex 3.47789 0.0342316 3.8147e-07
      vertex 4 6.10352e-06 3.8147e-07
    endloop
  endfacet
  facet normal 0.831167 0.556022 0
    outer loop
      vertex 175.264 118.4 2.4
      vertex 174.973 118.835 3.8147e-07
      vertex 174.973 118.835 2.4
    endloop
  endfacet
  facet normal 0.831167 0.556022 0
    outer loop
      vertex 174.973 118.835 3.8147e-07
      vertex 175.264 118.4 2.4
      vertex 175.264 118.4 3.8147e-07
    endloop
  endfacet
  facet normal 1 -0 0
    outer loop
      vertex 175.8 4.00001 2.4
      vertex 175.8 116.4 3.8147e-07
      vertex 175.8 116.4 2.4
    endloop
  endfacet
  facet normal 1 0 0
    outer loop
      vertex 175.8 116.4 3.8147e-07
      vertex 175.8 4.00001 2.4
      vertex 175.8 4.00001 3.8147e-07
    endloop
  endfacet
  facet normal -1 0 0
    outer loop
      vertex 0 4.00001 3.8147e-07
      vertex 0 75.97 2.4
      vertex 0 75.97 3.8147e-07
    endloop
  endfacet
  facet normal -1 -0 0
    outer loop
      vertex 0 75.97 2.4
      vertex 0 4.00001 3.8147e-07
      vertex 0 4.00001 2.4
    endloop
  endfacet
  facet normal -1 0 0
    outer loop
      vertex 0 86.57 3.8147e-07
      vertex 0 116.4 2.4
      vertex 0 116.4 3.8147e-07
    endloop
  endfacet
  facet normal -1 -0 0
    outer loop
      vertex 0 116.4 2.4
      vertex 0 86.57 3.8147e-07
      vertex 0 86.57 2.4
    endloop
  endfacet
  facet normal -0.997857 0.0654256 0
    outer loop
      vertex 0 116.4 3.8147e-07
      vertex 0.0342255 116.922 2.4
      vertex 0.0342255 116.922 3.8147e-07
    endloop
  endfacet
  facet normal -0.997857 0.0654256 0
    outer loop
      vertex 0.0342255 116.922 2.4
      vertex 0 116.4 3.8147e-07
      vertex 0 116.4 2.4
    endloop
  endfacet
  facet normal 0 0 -1
    outer loop
      vertex 167.71 113.343 3.8147e-07
      vertex 8.08973 113.343 3.8147e-07
      vertex 8.1 113.5 3.8147e-07
    endloop
  endfacet
  facet normal 0 0 -1
    outer loop
      vertex 8.38 86.57 3.8147e-07
      vertex 8.05911 113.189 3.8147e-07
      vertex 8.08973 113.343 3.8147e-07
    endloop
  endfacet
  facet normal 0 0 -1
    outer loop
      vertex 8.38 86.57 3.8147e-07
      vertex 8.00865 113.041 3.8147e-07
      vertex 8.05911 113.189 3.8147e-07
    endloop
  endfacet
  facet normal 0 0 -1
    outer loop
      vertex 8.38 86.57 3.8147e-07
      vertex 7.93923 112.9 3.8147e-07
      vertex 8.00865 113.041 3.8147e-07
    endloop
  endfacet
  facet normal 0 0 -1
    outer loop
      vertex 8.38 86.57 3.8147e-07
      vertex 7.85202 112.769 3.8147e-07
      vertex 7.93923 112.9 3.8147e-07
    endloop
  endfacet
  facet normal 0 0 -1
    outer loop
      vertex 8.38 86.57 3.8147e-07
      vertex 7.74853 112.651 3.8147e-07
      vertex 7.85202 112.769 3.8147e-07
    endloop
  endfacet
  facet normal 0 0 -1
    outer loop
      vertex 8.38 86.57 3.8147e-07
      vertex 7.63051 112.548 3.8147e-07
      vertex 7.74853 112.651 3.8147e-07
    endloop
  endfacet
  facet normal 0 0 -1
    outer loop
      vertex 8.38 86.57 3.8147e-07
      vertex 7.5 112.461 3.8147e-07
      vertex 7.63051 112.548 3.8147e-07
    endloop
  endfacet
  facet normal 0 0 -1
    outer loop
      vertex 8.38 86.57 3.8147e-07
      vertex 7.35922 112.391 3.8147e-07
      vertex 7.5 112.461 3.8147e-07
    endloop
  endfacet
  facet normal 0 0 -1
    outer loop
      vertex 8.38 86.57 3.8147e-07
      vertex 7.21058 112.341 3.8147e-07
      vertex 7.35922 112.391 3.8147e-07
    endloop
  endfacet
  facet normal 0 0 -1
    outer loop
      vertex 8.38 86.57 3.8147e-07
      vertex 7.05663 112.31 3.8147e-07
      vertex 7.21058 112.341 3.8147e-07
    endloop
  endfacet
  facet normal 0 0 -1
    outer loop
      vertex 8.38 86.57 3.8147e-07
      vertex 6.9 112.3 3.8147e-07
      vertex 7.05663 112.31 3.8147e-07
    endloop
  endfacet
  facet normal 0 0 -1
    outer loop
      vertex 8.38 86.57 3.8147e-07
      vertex 6.74337 112.31 3.8147e-07
      vertex 6.9 112.3 3.8147e-07
    endloop
  endfacet
  facet normal 0 0 -1
    outer loop
      vertex 8.38 86.57 3.8147e-07
      vertex 6.58942 112.341 3.8147e-07
      vertex 6.74337 112.31 3.8147e-07
    endloop
  endfacet
  facet normal 0 0 -1
    outer loop
      vertex 0 86.57 3.8147e-07
      vertex 6.58942 112.341 3.8147e-07
      vertex 8.38 86.57 3.8147e-07
    endloop
  endfacet
  facet normal -0 0 -1
    outer loop
      vertex 6.58942 112.341 3.8147e-07
      vertex 0 86.57 3.8147e-07
      vertex 6.44078 112.391 3.8147e-07
    endloop
  endfacet
  facet normal -0 0 -1
    outer loop
      vertex 6.44078 112.391 3.8147e-07
      vertex 0 86.57 3.8147e-07
      vertex 6.3 112.461 3.8147e-07
    endloop
  endfacet
  facet normal -0 0 -1
    outer loop
      vertex 6.3 112.461 3.8147e-07
      vertex 0 86.57 3.8147e-07
      vertex 6.16949 112.548 3.8147e-07
    endloop
  endfacet
  facet normal -0 0 -1
    outer loop
      vertex 6.16949 112.548 3.8147e-07
      vertex 0 86.57 3.8147e-07
      vertex 6.05147 112.651 3.8147e-07
    endloop
  endfacet
  facet normal 0 0 -1
    outer loop
      vertex 0 116.4 3.8147e-07
      vertex 6.05147 112.651 3.8147e-07
      vertex 0 86.57 3.8147e-07
    endloop
  endfacet
  facet normal 0 0 -1
    outer loop
      vertex 6.05147 112.651 3.8147e-07
      vertex 0 116.4 3.8147e-07
      vertex 5.94798 112.769 3.8147e-07
    endloop
  endfacet
  facet normal 0 0 -1
    outer loop
      vertex 5.94798 112.769 3.8147e-07
      vertex 0 116.4 3.8147e-07
      vertex 5.86077 112.9 3.8147e-07
    endloop
  endfacet
  facet normal 0 0 -1
    outer loop
      vertex 5.86077 112.9 3.8147e-07
      vertex 0 116.4 3.8147e-07
      vertex 5.79134 113.041 3.8147e-07
    endloop
  endfacet
  facet normal 0 0 -1
    outer loop
      vertex 0 116.4 3.8147e-07
      vertex 5.7 113.5 3.8147e-07
      vertex 5.71027 113.343 3.8147e-07
    endloop
  endfacet
  facet normal 0 0 -1
    outer loop
      vertex 5.79134 113.041 3.8147e-07
      vertex 0 116.4 3.8147e-07
      vertex 5.74089 113.189 3.8147e-07
    endloop
  endfacet
  facet normal 0 0 -1
    outer loop
      vertex 5.7 113.5 3.8147e-07
      vertex 0 116.4 3.8147e-07
      vertex 0.0342255 116.922 3.8147e-07
    endloop
  endfacet
  facet normal 0 0 -1
    outer loop
      vertex 5.7 113.5 3.8147e-07
      vertex 3.47789 120.366 3.8147e-07
      vertex 4 120.4 3.8147e-07
    endloop
  endfacet
  facet normal 0 0 -1
    outer loop
      vertex 5.7 113.5 3.8147e-07
      vertex 2.96472 120.264 3.8147e-07
      vertex 3.47789 120.366 3.8147e-07
    endloop
  endfacet
  facet normal 0 0 -1
    outer loop
      vertex 5.7 113.5 3.8147e-07
      vertex 2.46927 120.096 3.8147e-07
      vertex 2.96472 120.264 3.8147e-07
    endloop
  endfacet
  facet normal 0 0 -1
    outer loop
      vertex 5.7 113.5 3.8147e-07
      vertex 2 119.864 3.8147e-07
      vertex 2.46927 120.096 3.8147e-07
    endloop
  endfacet
  facet normal 0 0 -1
    outer loop
      vertex 5.7 113.5 3.8147e-07
      vertex 1.56496 119.573 3.8147e-07
      vertex 2 119.864 3.8147e-07
    endloop
  endfacet
  facet normal 0 0 -1
    outer loop
      vertex 5.7 113.5 3.8147e-07
      vertex 1.17157 119.228 3.8147e-07
      vertex 1.56496 119.573 3.8147e-07
    endloop
  endfacet
  facet normal 0 0 -1
    outer loop
      vertex 5.7 113.5 3.8147e-07
      vertex 0.826584 118.835 3.8147e-07
      vertex 1.17157 119.228 3.8147e-07
    endloop
  endfacet
  facet normal 0 0 -1
    outer loop
      vertex 5.7 113.5 3.8147e-07
      vertex 0.535904 118.4 3.8147e-07
      vertex 0.826584 118.835 3.8147e-07
    endloop
  endfacet
  facet normal 0 0 -1
    outer loop
      vertex 5.7 113.5 3.8147e-07
      vertex 0.304489 117.931 3.8147e-07
      vertex 0.535904 118.4 3.8147e-07
    endloop
  endfacet
  facet normal 0 0 -1
    outer loop
      vertex 5.7 113.5 3.8147e-07
      vertex 0.136292 117.435 3.8147e-07
      vertex 0.304489 117.931 3.8147e-07
    endloop
  endfacet
  facet normal 0 0 -1
    outer loop
      vertex 5.74089 113.189 3.8147e-07
      vertex 0 116.4 3.8147e-07
      vertex 5.71027 113.343 3.8147e-07
    endloop
  endfacet
  facet normal 0 0 -1
    outer loop
      vertex 5.7 113.5 3.8147e-07
      vertex 0.0342255 116.922 3.8147e-07
      vertex 0.136292 117.435 3.8147e-07
    endloop
  endfacet
  facet normal 0 0 -1
    outer loop
      vertex 170.009 7.35922 3.8147e-07
      vertex 175.8 4.00001 3.8147e-07
      vertex 170.059 7.21058 3.8147e-07
    endloop
  endfacet
  facet normal 0 0 -1
    outer loop
      vertex 175.8 116.4 3.8147e-07
      vertex 170.09 113.343 3.8147e-07
      vertex 170.1 113.5 3.8147e-07
    endloop
  endfacet
  facet normal 0 0 -1
    outer loop
      vertex 169.939 7.5 3.8147e-07
      vertex 175.8 4.00001 3.8147e-07
      vertex 170.009 7.35922 3.8147e-07
    endloop
  endfacet
  facet normal 0 0 -1
    outer loop
      vertex 175.8 116.4 3.8147e-07
      vertex 170.059 113.189 3.8147e-07
      vertex 170.09 113.343 3.8147e-07
    endloop
  endfacet
  facet normal 0 0 -1
    outer loop
      vertex 169.852 7.63051 3.8147e-07
      vertex 175.8 4.00001 3.8147e-07
      vertex 169.939 7.5 3.8147e-07
    endloop
  endfacet
  facet normal 0 0 -1
    outer loop
      vertex 175.8 116.4 3.8147e-07
      vertex 170.009 113.041 3.8147e-07
      vertex 170.059 113.189 3.8147e-07
    endloop
  endfacet
  facet normal 0 0 -1
    outer loop
      vertex 169.749 7.74853 3.8147e-07
      vertex 175.8 4.00001 3.8147e-07
      vertex 169.852 7.63051 3.8147e-07
    endloop
  endfacet
  facet normal 0 0 -1
    outer loop
      vertex 175.8 116.4 3.8147e-07
      vertex 169.939 112.9 3.8147e-07
      vertex 170.009 113.041 3.8147e-07
    endloop
  endfacet
  facet normal 0 0 -1
    outer loop
      vertex 169.631 7.85202 3.8147e-07
      vertex 175.8 4.00001 3.8147e-07
      vertex 169.749 7.74853 3.8147e-07
    endloop
  endfacet
  facet normal 0 0 -1
    outer loop
      vertex 175.8 116.4 3.8147e-07
      vertex 169.852 112.769 3.8147e-07
      vertex 169.939 112.9 3.8147e-07
    endloop
  endfacet
  facet normal 0 0 -1
    outer loop
      vertex 175.8 4.00001 3.8147e-07
      vertex 169.631 7.85202 3.8147e-07
      vertex 175.8 116.4 3.8147e-07
    endloop
  endfacet
  facet normal 0 0 -1
    outer loop
      vertex 175.8 116.4 3.8147e-07
      vertex 169.749 112.651 3.8147e-07
      vertex 169.852 112.769 3.8147e-07
    endloop
  endfacet
  facet normal 0 0 -1
    outer loop
      vertex 169.631 112.548 3.8147e-07
      vertex 175.8 116.4 3.8147e-07
      vertex 169.631 7.85202 3.8147e-07
    endloop
  endfacet
  facet normal 0 0 -1
    outer loop
      vertex 175.8 116.4 3.8147e-07
      vertex 169.631 112.548 3.8147e-07
      vertex 169.749 112.651 3.8147e-07
    endloop
  endfacet
  facet normal 0 0 -1
    outer loop
      vertex 169.5 7.93923 3.8147e-07
      vertex 169.631 112.548 3.8147e-07
      vertex 169.631 7.85202 3.8147e-07
    endloop
  endfacet
  facet normal 0 0 -1
    outer loop
      vertex 169.5 7.93923 3.8147e-07
      vertex 169.5 112.461 3.8147e-07
      vertex 169.631 112.548 3.8147e-07
    endloop
  endfacet
  facet normal 0 0 -1
    outer loop
      vertex 169.359 8.00866 3.8147e-07
      vertex 169.5 112.461 3.8147e-07
      vertex 169.5 7.93923 3.8147e-07
    endloop
  endfacet
  facet normal 0 0 -1
    outer loop
      vertex 169.359 8.00866 3.8147e-07
      vertex 169.359 112.391 3.8147e-07
      vertex 169.5 112.461 3.8147e-07
    endloop
  endfacet
  facet normal 0 0 -1
    outer loop
      vertex 169.211 8.05911 3.8147e-07
      vertex 169.359 112.391 3.8147e-07
      vertex 169.359 8.00866 3.8147e-07
    endloop
  endfacet
  facet normal 0 0 -1
    outer loop
      vertex 169.211 8.05911 3.8147e-07
      vertex 169.211 112.341 3.8147e-07
      vertex 169.359 112.391 3.8147e-07
    endloop
  endfacet
  facet normal 0 0 -1
    outer loop
      vertex 169.057 8.08973 3.8147e-07
      vertex 169.211 112.341 3.8147e-07
      vertex 169.211 8.05911 3.8147e-07
    endloop
  endfacet
  facet normal 0 0 -1
    outer loop
      vertex 169.057 8.08973 3.8147e-07
      vertex 169.057 112.31 3.8147e-07
      vertex 169.211 112.341 3.8147e-07
    endloop
  endfacet
  facet normal 0 0 -1
    outer loop
      vertex 168.9 8.1 3.8147e-07
      vertex 169.057 112.31 3.8147e-07
      vertex 169.057 8.08973 3.8147e-07
    endloop
  endfacet
  facet normal 0 0 -1
    outer loop
      vertex 168.9 8.1 3.8147e-07
      vertex 168.9 112.3 3.8147e-07
      vertex 169.057 112.31 3.8147e-07
    endloop
  endfacet
  facet normal 0 0 -1
    outer loop
      vertex 168.743 8.08973 3.8147e-07
      vertex 168.9 112.3 3.8147e-07
      vertex 168.9 8.1 3.8147e-07
    endloop
  endfacet
  facet normal 0 0 -1
    outer loop
      vertex 168.743 8.08973 3.8147e-07
      vertex 168.743 112.31 3.8147e-07
      vertex 168.9 112.3 3.8147e-07
    endloop
  endfacet
  facet normal 0 0 -1
    outer loop
      vertex 168.589 8.05911 3.8147e-07
      vertex 168.743 112.31 3.8147e-07
      vertex 168.743 8.08973 3.8147e-07
    endloop
  endfacet
  facet normal 0 0 -1
    outer loop
      vertex 168.589 8.05911 3.8147e-07
      vertex 168.589 112.341 3.8147e-07
      vertex 168.743 112.31 3.8147e-07
    endloop
  endfacet
  facet normal 0 0 -1
    outer loop
      vertex 168.441 8.00866 3.8147e-07
      vertex 168.589 112.341 3.8147e-07
      vertex 168.589 8.05911 3.8147e-07
    endloop
  endfacet
  facet normal 0 0 -1
    outer loop
      vertex 168.441 8.00866 3.8147e-07
      vertex 168.441 112.391 3.8147e-07
      vertex 168.589 112.341 3.8147e-07
    endloop
  endfacet
  facet normal 0 0 -1
    outer loop
      vertex 168.3 7.93923 3.8147e-07
      vertex 168.441 112.391 3.8147e-07
      vertex 168.441 8.00866 3.8147e-07
    endloop
  endfacet
  facet normal 0 0 -1
    outer loop
      vertex 168.3 7.93923 3.8147e-07
      vertex 168.3 112.461 3.8147e-07
      vertex 168.441 112.391 3.8147e-07
    endloop
  endfacet
  facet normal 0 0 -1
    outer loop
      vertex 168.169 7.85202 3.8147e-07
      vertex 168.3 112.461 3.8147e-07
      vertex 168.3 7.93923 3.8147e-07
    endloop
  endfacet
  facet normal 0 0 -1
    outer loop
      vertex 168.169 7.85202 3.8147e-07
      vertex 168.169 112.548 3.8147e-07
      vertex 168.3 112.461 3.8147e-07
    endloop
  endfacet
  facet normal 0 0 -1
    outer loop
      vertex 168.051 7.74853 3.8147e-07
      vertex 168.169 112.548 3.8147e-07
      vertex 168.169 7.85202 3.8147e-07
    endloop
  endfacet
  facet normal 0 0 -1
    outer loop
      vertex 168.051 7.74853 3.8147e-07
      vertex 168.051 112.651 3.8147e-07
      vertex 168.169 112.548 3.8147e-07
    endloop
  endfacet
  facet normal 0 0 -1
    outer loop
      vertex 167.948 7.63051 3.8147e-07
      vertex 168.051 112.651 3.8147e-07
      vertex 168.051 7.74853 3.8147e-07
    endloop
  endfacet
  facet normal 0 0 -1
    outer loop
      vertex 167.948 7.63051 3.8147e-07
      vertex 167.948 112.769 3.8147e-07
      vertex 168.051 112.651 3.8147e-07
    endloop
  endfacet
  facet normal 0 0 -1
    outer loop
      vertex 8.38 75.97 3.8147e-07
      vertex 167.948 7.63051 3.8147e-07
      vertex 167.861 7.5 3.8147e-07
    endloop
  endfacet
  facet normal 0 0 -1
    outer loop
      vertex 167.948 7.63051 3.8147e-07
      vertex 8.38 75.97 3.8147e-07
      vertex 167.948 112.769 3.8147e-07
    endloop
  endfacet
  facet normal 0 0 -1
    outer loop
      vertex 8.38 75.97 3.8147e-07
      vertex 167.861 7.5 3.8147e-07
      vertex 167.791 7.35922 3.8147e-07
    endloop
  endfacet
  facet normal -0 0 -1
    outer loop
      vertex 167.948 112.769 3.8147e-07
      vertex 8.38 75.97 3.8147e-07
      vertex 167.861 112.9 3.8147e-07
    endloop
  endfacet
  facet normal 0 0 -1
    outer loop
      vertex 8.00865 7.35922 3.8147e-07
      vertex 167.791 7.35922 3.8147e-07
      vertex 167.741 7.21058 3.8147e-07
    endloop
  endfacet
  facet normal -0 0 -1
    outer loop
      vertex 167.861 112.9 3.8147e-07
      vertex 8.38 75.97 3.8147e-07
      vertex 167.791 113.041 3.8147e-07
    endloop
  endfacet
  facet normal 0 0 -1
    outer loop
      vertex 8.05911 7.21058 3.8147e-07
      vertex 167.741 7.21058 3.8147e-07
      vertex 167.71 7.05663 3.8147e-07
    endloop
  endfacet
  facet normal 0 0 -1
    outer loop
      vertex 8.38 86.57 3.8147e-07
      vertex 167.791 113.041 3.8147e-07
      vertex 8.38 75.97 3.8147e-07
    endloop
  endfacet
  facet normal 0 0 -1
    outer loop
      vertex 8.08973 7.05663 3.8147e-07
      vertex 167.71 7.05663 3.8147e-07
      vertex 167.7 6.9 3.8147e-07
    endloop
  endfacet
  facet normal -0 0 -1
    outer loop
      vertex 167.791 113.041 3.8147e-07
      vertex 8.38 86.57 3.8147e-07
      vertex 167.741 113.189 3.8147e-07
    endloop
  endfacet
  facet normal 0 0 -1
    outer loop
      vertex 169.852 6.16949 3.8147e-07
      vertex 175.8 4.00001 3.8147e-07
      vertex 175.766 3.4779 3.8147e-07
    endloop
  endfacet
  facet normal 0 0 -1
    outer loop
      vertex 170.09 7.05663 3.8147e-07
      vertex 175.8 4.00001 3.8147e-07
      vertex 170.1 6.9 3.8147e-07
    endloop
  endfacet
  facet normal 0 0 -1
    outer loop
      vertex 169.852 6.16949 3.8147e-07
      vertex 175.766 3.4779 3.8147e-07
      vertex 175.664 2.96473 3.8147e-07
    endloop
  endfacet
  facet normal 0 0 -1
    outer loop
      vertex 170.059 7.21058 3.8147e-07
      vertex 175.8 4.00001 3.8147e-07
      vertex 170.09 7.05663 3.8147e-07
    endloop
  endfacet
  facet normal 0 0 -1
    outer loop
      vertex 169.749 6.05147 3.8147e-07
      vertex 175.664 2.96473 3.8147e-07
      vertex 175.495 2.46927 3.8147e-07
    endloop
  endfacet
  facet normal 0 0 -1
    outer loop
      vertex 170.09 113.657 3.8147e-07
      vertex 175.8 116.4 3.8147e-07
      vertex 170.1 113.5 3.8147e-07
    endloop
  endfacet
  facet normal 0 0 -1
    outer loop
      vertex 169.749 6.05147 3.8147e-07
      vertex 175.495 2.46927 3.8147e-07
      vertex 175.264 2.00001 3.8147e-07
    endloop
  endfacet
  facet normal 0 0 -1
    outer loop
      vertex 170.059 113.811 3.8147e-07
      vertex 175.8 116.4 3.8147e-07
      vertex 170.09 113.657 3.8147e-07
    endloop
  endfacet
  facet normal 0 0 -1
    outer loop
      vertex 169.749 6.05147 3.8147e-07
      vertex 175.264 2.00001 3.8147e-07
      vertex 174.973 1.56496 3.8147e-07
    endloop
  endfacet
  facet normal 0 0 -1
    outer loop
      vertex 170.009 113.959 3.8147e-07
      vertex 175.8 116.4 3.8147e-07
      vertex 170.059 113.811 3.8147e-07
    endloop
  endfacet
  facet normal 0 0 -1
    outer loop
      vertex 169.749 6.05147 3.8147e-07
      vertex 174.973 1.56496 3.8147e-07
      vertex 174.628 1.17158 3.8147e-07
    endloop
  endfacet
  facet normal 0 0 -1
    outer loop
      vertex 169.939 114.1 3.8147e-07
      vertex 175.8 116.4 3.8147e-07
      vertex 170.009 113.959 3.8147e-07
    endloop
  endfacet
  facet normal 0 0 -1
    outer loop
      vertex 169.749 6.05147 3.8147e-07
      vertex 174.628 1.17158 3.8147e-07
      vertex 174.235 0.82659 3.8147e-07
    endloop
  endfacet
  facet normal 0 0 -1
    outer loop
      vertex 169.852 114.231 3.8147e-07
      vertex 175.8 116.4 3.8147e-07
      vertex 169.939 114.1 3.8147e-07
    endloop
  endfacet
  facet normal 0 0 -1
    outer loop
      vertex 169.749 6.05147 3.8147e-07
      vertex 174.235 0.82659 3.8147e-07
      vertex 173.8 0.53591 3.8147e-07
    endloop
  endfacet
  facet normal -0 0 -1
    outer loop
      vertex 175.8 116.4 3.8147e-07
      vertex 169.852 114.231 3.8147e-07
      vertex 175.766 116.922 3.8147e-07
    endloop
  endfacet
  facet normal 0 0 -1
    outer loop
      vertex 169.749 6.05147 3.8147e-07
      vertex 173.8 0.53591 3.8147e-07
      vertex 173.331 0.304495 3.8147e-07
    endloop
  endfacet
  facet normal -0 0 -1
    outer loop
      vertex 175.766 116.922 3.8147e-07
      vertex 169.852 114.231 3.8147e-07
      vertex 175.664 117.435 3.8147e-07
    endloop
  endfacet
  facet normal 0 0 -1
    outer loop
      vertex 169.749 6.05147 3.8147e-07
      vertex 173.331 0.304495 3.8147e-07
      vertex 172.835 0.136298 3.8147e-07
    endloop
  endfacet
  facet normal 0 0 -1
    outer loop
      vertex 169.749 114.349 3.8147e-07
      vertex 175.664 117.435 3.8147e-07
      vertex 169.852 114.231 3.8147e-07
    endloop
  endfacet
  facet normal 0 0 -1
    outer loop
      vertex 169.749 6.05147 3.8147e-07
      vertex 172.835 0.136298 3.8147e-07
      vertex 172.322 0.0342316 3.8147e-07
    endloop
  endfacet
  facet normal -0 0 -1
    outer loop
      vertex 175.664 117.435 3.8147e-07
      vertex 169.749 114.349 3.8147e-07
      vertex 175.495 117.931 3.8147e-07
    endloop
  endfacet
  facet normal 0 0 -1
    outer loop
      vertex 169.631 5.94798 3.8147e-07
      vertex 172.322 0.0342316 3.8147e-07
      vertex 171.8 6.10352e-06 3.8147e-07
    endloop
  endfacet
  facet normal -0 0 -1
    outer loop
      vertex 175.495 117.931 3.8147e-07
      vertex 169.749 114.349 3.8147e-07
      vertex 175.264 118.4 3.8147e-07
    endloop
  endfacet
  facet normal -0 0 -1
    outer loop
      vertex 175.264 118.4 3.8147e-07
      vertex 169.749 114.349 3.8147e-07
      vertex 174.973 118.835 3.8147e-07
    endloop
  endfacet
  facet normal 0 0 -1
    outer loop
      vertex 175.8 4.00001 3.8147e-07
      vertex 170.09 6.74337 3.8147e-07
      vertex 170.1 6.9 3.8147e-07
    endloop
  endfacet
  facet normal 0 0 -1
    outer loop
      vertex 175.8 4.00001 3.8147e-07
      vertex 170.059 6.58942 3.8147e-07
      vertex 170.09 6.74337 3.8147e-07
    endloop
  endfacet
  facet normal 0 0 -1
    outer loop
      vertex 175.8 4.00001 3.8147e-07
      vertex 170.009 6.44078 3.8147e-07
      vertex 170.059 6.58942 3.8147e-07
    endloop
  endfacet
  facet normal 0 0 -1
    outer loop
      vertex 175.8 4.00001 3.8147e-07
      vertex 169.939 6.3 3.8147e-07
      vertex 170.009 6.44078 3.8147e-07
    endloop
  endfacet
  facet normal 0 0 -1
    outer loop
      vertex 175.8 4.00001 3.8147e-07
      vertex 169.852 6.16949 3.8147e-07
      vertex 169.939 6.3 3.8147e-07
    endloop
  endfacet
  facet normal 0 0 -1
    outer loop
      vertex 175.664 2.96473 3.8147e-07
      vertex 169.749 6.05147 3.8147e-07
      vertex 169.852 6.16949 3.8147e-07
    endloop
  endfacet
  facet normal 0 0 -1
    outer loop
      vertex 172.322 0.0342316 3.8147e-07
      vertex 169.631 5.94798 3.8147e-07
      vertex 169.749 6.05147 3.8147e-07
    endloop
  endfacet
  facet normal 0 0 -1
    outer loop
      vertex 171.8 6.10352e-06 3.8147e-07
      vertex 169.5 5.86077 3.8147e-07
      vertex 169.631 5.94798 3.8147e-07
    endloop
  endfacet
  facet normal 0 0 -1
    outer loop
      vertex 171.8 6.10352e-06 3.8147e-07
      vertex 169.359 5.79135 3.8147e-07
      vertex 169.5 5.86077 3.8147e-07
    endloop
  endfacet
  facet normal 0 0 -1
    outer loop
      vertex 171.8 6.10352e-06 3.8147e-07
      vertex 169.211 5.74089 3.8147e-07
      vertex 169.359 5.79135 3.8147e-07
    endloop
  endfacet
  facet normal 0 0 -1
    outer loop
      vertex 171.8 6.10352e-06 3.8147e-07
      vertex 169.057 5.71027 3.8147e-07
      vertex 169.211 5.74089 3.8147e-07
    endloop
  endfacet
  facet normal 0 0 -1
    outer loop
      vertex 171.8 6.10352e-06 3.8147e-07
      vertex 168.9 5.7 3.8147e-07
      vertex 169.057 5.71027 3.8147e-07
    endloop
  endfacet
  facet normal 0 0 -1
    outer loop
      vertex 171.8 6.10352e-06 3.8147e-07
      vertex 168.743 5.71027 3.8147e-07
      vertex 168.9 5.7 3.8147e-07
    endloop
  endfacet
  facet normal 0 0 -1
    outer loop
      vertex 171.8 6.10352e-06 3.8147e-07
      vertex 168.589 5.74089 3.8147e-07
      vertex 168.743 5.71027 3.8147e-07
    endloop
  endfacet
  facet normal 0 0 -1
    outer loop
      vertex 171.8 6.10352e-06 3.8147e-07
      vertex 168.441 5.79135 3.8147e-07
      vertex 168.589 5.74089 3.8147e-07
    endloop
  endfacet
  facet normal 0 0 -1
    outer loop
      vertex 171.8 6.10352e-06 3.8147e-07
      vertex 168.3 5.86077 3.8147e-07
      vertex 168.441 5.79135 3.8147e-07
    endloop
  endfacet
  facet normal 0 0 -1
    outer loop
      vertex 171.8 6.10352e-06 3.8147e-07
      vertex 168.169 5.94798 3.8147e-07
      vertex 168.3 5.86077 3.8147e-07
    endloop
  endfacet
  facet normal 0 0 -1
    outer loop
      vertex 171.8 6.10352e-06 3.8147e-07
      vertex 168.051 6.05147 3.8147e-07
      vertex 168.169 5.94798 3.8147e-07
    endloop
  endfacet
  facet normal 0 0 -1
    outer loop
      vertex 171.8 6.10352e-06 3.8147e-07
      vertex 167.948 6.16949 3.8147e-07
      vertex 168.051 6.05147 3.8147e-07
    endloop
  endfacet
  facet normal 0 0 -1
    outer loop
      vertex 171.8 6.10352e-06 3.8147e-07
      vertex 167.861 6.3 3.8147e-07
      vertex 167.948 6.16949 3.8147e-07
    endloop
  endfacet
  facet normal -0 0 -1
    outer loop
      vertex 167.741 113.189 3.8147e-07
      vertex 8.38 86.57 3.8147e-07
      vertex 167.71 113.343 3.8147e-07
    endloop
  endfacet
  facet normal 0 0 -1
    outer loop
      vertex 8.1 6.9 3.8147e-07
      vertex 167.7 6.9 3.8147e-07
      vertex 167.71 6.74337 3.8147e-07
    endloop
  endfacet
  facet normal 0 0 -1
    outer loop
      vertex 8.08973 6.74337 3.8147e-07
      vertex 167.71 6.74337 3.8147e-07
      vertex 167.741 6.58942 3.8147e-07
    endloop
  endfacet
  facet normal 0 0 -1
    outer loop
      vertex 8.05911 6.58942 3.8147e-07
      vertex 167.741 6.58942 3.8147e-07
      vertex 167.791 6.44078 3.8147e-07
    endloop
  endfacet
  facet normal 0 0 -1
    outer loop
      vertex 8.00865 6.44078 3.8147e-07
      vertex 167.791 6.44078 3.8147e-07
      vertex 167.861 6.3 3.8147e-07
    endloop
  endfacet
  facet normal 0 0 -1
    outer loop
      vertex 7.93923 6.3 3.8147e-07
      vertex 167.861 6.3 3.8147e-07
      vertex 171.8 6.10352e-06 3.8147e-07
    endloop
  endfacet
  facet normal 0 0 -1
    outer loop
      vertex 167.7 6.9 3.8147e-07
      vertex 8.1 6.9 3.8147e-07
      vertex 8.08973 7.05663 3.8147e-07
    endloop
  endfacet
  facet normal 0 0 -1
    outer loop
      vertex 167.71 6.74337 3.8147e-07
      vertex 8.08973 6.74337 3.8147e-07
      vertex 8.1 6.9 3.8147e-07
    endloop
  endfacet
  facet normal 0 0 -1
    outer loop
      vertex 167.741 6.58942 3.8147e-07
      vertex 8.05911 6.58942 3.8147e-07
      vertex 8.08973 6.74337 3.8147e-07
    endloop
  endfacet
  facet normal 0 0 -1
    outer loop
      vertex 167.791 6.44078 3.8147e-07
      vertex 8.00865 6.44078 3.8147e-07
      vertex 8.05911 6.58942 3.8147e-07
    endloop
  endfacet
  facet normal 0 0 -1
    outer loop
      vertex 167.861 6.3 3.8147e-07
      vertex 7.93923 6.3 3.8147e-07
      vertex 8.00865 6.44078 3.8147e-07
    endloop
  endfacet
  facet normal 0 0 -1
    outer loop
      vertex 171.8 6.10352e-06 3.8147e-07
      vertex 7.85202 6.16949 3.8147e-07
      vertex 7.93923 6.3 3.8147e-07
    endloop
  endfacet
  facet normal 0 0 -1
    outer loop
      vertex 4 6.10352e-06 3.8147e-07
      vertex 7.85202 6.16949 3.8147e-07
      vertex 171.8 6.10352e-06 3.8147e-07
    endloop
  endfacet
  facet normal 0 0 -1
    outer loop
      vertex 7.85202 6.16949 3.8147e-07
      vertex 4 6.10352e-06 3.8147e-07
      vertex 7.74853 6.05147 3.8147e-07
    endloop
  endfacet
  facet normal 0 0 -1
    outer loop
      vertex 7.74853 6.05147 3.8147e-07
      vertex 4 6.10352e-06 3.8147e-07
      vertex 7.63051 5.94798 3.8147e-07
    endloop
  endfacet
  facet normal 0 0 -1
    outer loop
      vertex 7.63051 5.94798 3.8147e-07
      vertex 4 6.10352e-06 3.8147e-07
      vertex 7.5 5.86077 3.8147e-07
    endloop
  endfacet
  facet normal 0 0 -1
    outer loop
      vertex 7.5 5.86077 3.8147e-07
      vertex 4 6.10352e-06 3.8147e-07
      vertex 7.35922 5.79135 3.8147e-07
    endloop
  endfacet
  facet normal 0 0 -1
    outer loop
      vertex 7.35922 5.79135 3.8147e-07
      vertex 4 6.10352e-06 3.8147e-07
      vertex 7.21058 5.74089 3.8147e-07
    endloop
  endfacet
  facet normal 0 0 -1
    outer loop
      vertex 7.21058 5.74089 3.8147e-07
      vertex 4 6.10352e-06 3.8147e-07
      vertex 7.05663 5.71027 3.8147e-07
    endloop
  endfacet
  facet normal 0 0 -1
    outer loop
      vertex 1.17157 1.17158 3.8147e-07
      vertex 6.05147 6.05147 3.8147e-07
      vertex 1.56496 0.82659 3.8147e-07
    endloop
  endfacet
  facet normal 0 0 -1
    outer loop
      vertex 1.56496 0.82659 3.8147e-07
      vertex 6.05147 6.05147 3.8147e-07
      vertex 2 0.53591 3.8147e-07
    endloop
  endfacet
  facet normal 0 0 -1
    outer loop
      vertex 2 0.53591 3.8147e-07
      vertex 6.05147 6.05147 3.8147e-07
      vertex 2.46927 0.304495 3.8147e-07
    endloop
  endfacet
  facet normal 0 0 -1
    outer loop
      vertex 2.46927 0.304495 3.8147e-07
      vertex 6.05147 6.05147 3.8147e-07
      vertex 2.96472 0.136298 3.8147e-07
    endloop
  endfacet
  facet normal 0 0 -1
    outer loop
      vertex 2.96472 0.136298 3.8147e-07
      vertex 6.05147 6.05147 3.8147e-07
      vertex 3.47789 0.0342316 3.8147e-07
    endloop
  endfacet
  facet normal -0 0 -1
    outer loop
      vertex 6.16949 5.94798 3.8147e-07
      vertex 3.47789 0.0342316 3.8147e-07
      vertex 6.05147 6.05147 3.8147e-07
    endloop
  endfacet
  facet normal 0 0 -1
    outer loop
      vertex 3.47789 0.0342316 3.8147e-07
      vertex 6.16949 5.94798 3.8147e-07
      vertex 4 6.10352e-06 3.8147e-07
    endloop
  endfacet
  facet normal -0 0 -1
    outer loop
      vertex 6.3 5.86077 3.8147e-07
      vertex 4 6.10352e-06 3.8147e-07
      vertex 6.16949 5.94798 3.8147e-07
    endloop
  endfacet
  facet normal -0 0 -1
    outer loop
      vertex 6.44078 5.79135 3.8147e-07
      vertex 4 6.10352e-06 3.8147e-07
      vertex 6.3 5.86077 3.8147e-07
    endloop
  endfacet
  facet normal -0 0 -1
    outer loop
      vertex 6.58942 5.74089 3.8147e-07
      vertex 4 6.10352e-06 3.8147e-07
      vertex 6.44078 5.79135 3.8147e-07
    endloop
  endfacet
  facet normal -0 0 -1
    outer loop
      vertex 6.74337 5.71027 3.8147e-07
      vertex 4 6.10352e-06 3.8147e-07
      vertex 6.58942 5.74089 3.8147e-07
    endloop
  endfacet
  facet normal -0 0 -1
    outer loop
      vertex 6.9 5.7 3.8147e-07
      vertex 4 6.10352e-06 3.8147e-07
      vertex 6.74337 5.71027 3.8147e-07
    endloop
  endfacet
  facet normal 0 0 -1
    outer loop
      vertex 7.05663 5.71027 3.8147e-07
      vertex 4 6.10352e-06 3.8147e-07
      vertex 6.9 5.7 3.8147e-07
    endloop
  endfacet
  facet normal -0 0 -1
    outer loop
      vertex 174.973 118.835 3.8147e-07
      vertex 169.749 114.349 3.8147e-07
      vertex 174.628 119.228 3.8147e-07
    endloop
  endfacet
  facet normal -0 0 -1
    outer loop
      vertex 174.628 119.228 3.8147e-07
      vertex 169.749 114.349 3.8147e-07
      vertex 174.235 119.573 3.8147e-07
    endloop
  endfacet
  facet normal -0 0 -1
    outer loop
      vertex 174.235 119.573 3.8147e-07
      vertex 169.749 114.349 3.8147e-07
      vertex 173.8 119.864 3.8147e-07
    endloop
  endfacet
  facet normal -0 0 -1
    outer loop
      vertex 173.8 119.864 3.8147e-07
      vertex 169.749 114.349 3.8147e-07
      vertex 173.331 120.096 3.8147e-07
    endloop
  endfacet
  facet normal -0 0 -1
    outer loop
      vertex 173.331 120.096 3.8147e-07
      vertex 169.749 114.349 3.8147e-07
      vertex 172.835 120.264 3.8147e-07
    endloop
  endfacet
  facet normal -0 0 -1
    outer loop
      vertex 172.835 120.264 3.8147e-07
      vertex 169.749 114.349 3.8147e-07
      vertex 172.322 120.366 3.8147e-07
    endloop
  endfacet
  facet normal 0 0 -1
    outer loop
      vertex 169.631 114.452 3.8147e-07
      vertex 172.322 120.366 3.8147e-07
      vertex 169.749 114.349 3.8147e-07
    endloop
  endfacet
  facet normal -0 0 -1
    outer loop
      vertex 172.322 120.366 3.8147e-07
      vertex 169.631 114.452 3.8147e-07
      vertex 171.8 120.4 3.8147e-07
    endloop
  endfacet
  facet normal 0 0 -1
    outer loop
      vertex 169.5 114.539 3.8147e-07
      vertex 171.8 120.4 3.8147e-07
      vertex 169.631 114.452 3.8147e-07
    endloop
  endfacet
  facet normal 0 0 -1
    outer loop
      vertex 169.359 114.609 3.8147e-07
      vertex 171.8 120.4 3.8147e-07
      vertex 169.5 114.539 3.8147e-07
    endloop
  endfacet
  facet normal 0 0 -1
    outer loop
      vertex 169.211 114.659 3.8147e-07
      vertex 171.8 120.4 3.8147e-07
      vertex 169.359 114.609 3.8147e-07
    endloop
  endfacet
  facet normal 0 0 -1
    outer loop
      vertex 169.057 114.69 3.8147e-07
      vertex 171.8 120.4 3.8147e-07
      vertex 169.211 114.659 3.8147e-07
    endloop
  endfacet
  facet normal 0 0 -1
    outer loop
      vertex 168.9 114.7 3.8147e-07
      vertex 171.8 120.4 3.8147e-07
      vertex 169.057 114.69 3.8147e-07
    endloop
  endfacet
  facet normal 0 0 -1
    outer loop
      vertex 168.743 114.69 3.8147e-07
      vertex 171.8 120.4 3.8147e-07
      vertex 168.9 114.7 3.8147e-07
    endloop
  endfacet
  facet normal 0 0 -1
    outer loop
      vertex 168.589 114.659 3.8147e-07
      vertex 171.8 120.4 3.8147e-07
      vertex 168.743 114.69 3.8147e-07
    endloop
  endfacet
  facet normal 0 0 -1
    outer loop
      vertex 168.441 114.609 3.8147e-07
      vertex 171.8 120.4 3.8147e-07
      vertex 168.589 114.659 3.8147e-07
    endloop
  endfacet
  facet normal 0 0 -1
    outer loop
      vertex 168.3 114.539 3.8147e-07
      vertex 171.8 120.4 3.8147e-07
      vertex 168.441 114.609 3.8147e-07
    endloop
  endfacet
  facet normal 0 0 -1
    outer loop
      vertex 168.169 114.452 3.8147e-07
      vertex 171.8 120.4 3.8147e-07
      vertex 168.3 114.539 3.8147e-07
    endloop
  endfacet
  facet normal 0 0 -1
    outer loop
      vertex 168.051 114.349 3.8147e-07
      vertex 171.8 120.4 3.8147e-07
      vertex 168.169 114.452 3.8147e-07
    endloop
  endfacet
  facet normal 0 0 -1
    outer loop
      vertex 167.948 114.231 3.8147e-07
      vertex 171.8 120.4 3.8147e-07
      vertex 168.051 114.349 3.8147e-07
    endloop
  endfacet
  facet normal 0 0 -1
    outer loop
      vertex 167.861 114.1 3.8147e-07
      vertex 171.8 120.4 3.8147e-07
      vertex 167.948 114.231 3.8147e-07
    endloop
  endfacet
  facet normal 0 0 -1
    outer loop
      vertex 8.08973 113.343 3.8147e-07
      vertex 167.71 113.343 3.8147e-07
      vertex 8.38 86.57 3.8147e-07
    endloop
  endfacet
  facet normal 0 0 -1
    outer loop
      vertex 167.71 113.343 3.8147e-07
      vertex 8.1 113.5 3.8147e-07
      vertex 167.7 113.5 3.8147e-07
    endloop
  endfacet
  facet normal 0 0 -1
    outer loop
      vertex 167.7 113.5 3.8147e-07
      vertex 8.1 113.5 3.8147e-07
      vertex 167.71 113.657 3.8147e-07
    endloop
  endfacet
  facet normal 0 0 -1
    outer loop
      vertex 8.08973 113.657 3.8147e-07
      vertex 167.71 113.657 3.8147e-07
      vertex 8.1 113.5 3.8147e-07
    endloop
  endfacet
  facet normal 0 0 -1
    outer loop
      vertex 167.71 113.657 3.8147e-07
      vertex 8.08973 113.657 3.8147e-07
      vertex 167.741 113.811 3.8147e-07
    endloop
  endfacet
  facet normal 0 0 -1
    outer loop
      vertex 8.05911 113.811 3.8147e-07
      vertex 167.741 113.811 3.8147e-07
      vertex 8.08973 113.657 3.8147e-07
    endloop
  endfacet
  facet normal 0 0 -1
    outer loop
      vertex 167.741 113.811 3.8147e-07
      vertex 8.05911 113.811 3.8147e-07
      vertex 167.791 113.959 3.8147e-07
    endloop
  endfacet
  facet normal 0 0 -1
    outer loop
      vertex 8.00865 113.959 3.8147e-07
      vertex 167.791 113.959 3.8147e-07
      vertex 8.05911 113.811 3.8147e-07
    endloop
  endfacet
  facet normal 0 0 -1
    outer loop
      vertex 167.791 113.959 3.8147e-07
      vertex 8.00865 113.959 3.8147e-07
      vertex 167.861 114.1 3.8147e-07
    endloop
  endfacet
  facet normal 0 0 -1
    outer loop
      vertex 7.93923 114.1 3.8147e-07
      vertex 167.861 114.1 3.8147e-07
      vertex 8.00865 113.959 3.8147e-07
    endloop
  endfacet
  facet normal 0 0 -1
    outer loop
      vertex 167.861 114.1 3.8147e-07
      vertex 7.93923 114.1 3.8147e-07
      vertex 171.8 120.4 3.8147e-07
    endloop
  endfacet
  facet normal 0 0 -1
    outer loop
      vertex 7.85202 114.231 3.8147e-07
      vertex 171.8 120.4 3.8147e-07
      vertex 7.93923 114.1 3.8147e-07
    endloop
  endfacet
  facet normal 0 0 -1
    outer loop
      vertex 4 120.4 3.8147e-07
      vertex 7.85202 114.231 3.8147e-07
      vertex 7.74853 114.349 3.8147e-07
    endloop
  endfacet
  facet normal 0 0 -1
    outer loop
      vertex 4 120.4 3.8147e-07
      vertex 7.74853 114.349 3.8147e-07
      vertex 7.63051 114.452 3.8147e-07
    endloop
  endfacet
  facet normal 0 0 -1
    outer loop
      vertex 4 120.4 3.8147e-07
      vertex 7.63051 114.452 3.8147e-07
      vertex 7.5 114.539 3.8147e-07
    endloop
  endfacet
  facet normal 0 0 -1
    outer loop
      vertex 4 120.4 3.8147e-07
      vertex 7.5 114.539 3.8147e-07
      vertex 7.35922 114.609 3.8147e-07
    endloop
  endfacet
  facet normal 0 0 -1
    outer loop
      vertex 4 120.4 3.8147e-07
      vertex 7.35922 114.609 3.8147e-07
      vertex 7.21058 114.659 3.8147e-07
    endloop
  endfacet
  facet normal 0 0 -1
    outer loop
      vertex 4 120.4 3.8147e-07
      vertex 7.21058 114.659 3.8147e-07
      vertex 7.05663 114.69 3.8147e-07
    endloop
  endfacet
  facet normal 0 0 -1
    outer loop
      vertex 4 120.4 3.8147e-07
      vertex 7.05663 114.69 3.8147e-07
      vertex 6.9 114.7 3.8147e-07
    endloop
  endfacet
  facet normal 0 0 -1
    outer loop
      vertex 7.85202 114.231 3.8147e-07
      vertex 4 120.4 3.8147e-07
      vertex 171.8 120.4 3.8147e-07
    endloop
  endfacet
  facet normal 0 0 -1
    outer loop
      vertex 6.74337 114.69 3.8147e-07
      vertex 4 120.4 3.8147e-07
      vertex 6.9 114.7 3.8147e-07
    endloop
  endfacet
  facet normal 0 0 -1
    outer loop
      vertex 6.58942 114.659 3.8147e-07
      vertex 4 120.4 3.8147e-07
      vertex 6.74337 114.69 3.8147e-07
    endloop
  endfacet
  facet normal 0 0 -1
    outer loop
      vertex 6.44078 114.609 3.8147e-07
      vertex 4 120.4 3.8147e-07
      vertex 6.58942 114.659 3.8147e-07
    endloop
  endfacet
  facet normal 0 0 -1
    outer loop
      vertex 6.3 114.539 3.8147e-07
      vertex 4 120.4 3.8147e-07
      vertex 6.44078 114.609 3.8147e-07
    endloop
  endfacet
  facet normal 0 0 -1
    outer loop
      vertex 6.16949 114.452 3.8147e-07
      vertex 4 120.4 3.8147e-07
      vertex 6.3 114.539 3.8147e-07
    endloop
  endfacet
  facet normal 0 0 -1
    outer loop
      vertex 6.05147 114.349 3.8147e-07
      vertex 4 120.4 3.8147e-07
      vertex 6.16949 114.452 3.8147e-07
    endloop
  endfacet
  facet normal 0 0 -1
    outer loop
      vertex 5.94798 114.231 3.8147e-07
      vertex 4 120.4 3.8147e-07
      vertex 6.05147 114.349 3.8147e-07
    endloop
  endfacet
  facet normal 0 0 -1
    outer loop
      vertex 5.86077 114.1 3.8147e-07
      vertex 4 120.4 3.8147e-07
      vertex 5.94798 114.231 3.8147e-07
    endloop
  endfacet
  facet normal 0 0 -1
    outer loop
      vertex 5.79134 113.959 3.8147e-07
      vertex 4 120.4 3.8147e-07
      vertex 5.86077 114.1 3.8147e-07
    endloop
  endfacet
  facet normal 0 0 -1
    outer loop
      vertex 5.74089 113.811 3.8147e-07
      vertex 4 120.4 3.8147e-07
      vertex 5.79134 113.959 3.8147e-07
    endloop
  endfacet
  facet normal 0 0 -1
    outer loop
      vertex 5.71027 113.657 3.8147e-07
      vertex 4 120.4 3.8147e-07
      vertex 5.74089 113.811 3.8147e-07
    endloop
  endfacet
  facet normal 0 0 -1
    outer loop
      vertex 4 120.4 3.8147e-07
      vertex 5.71027 113.657 3.8147e-07
      vertex 5.7 113.5 3.8147e-07
    endloop
  endfacet
  facet normal 0 0 -1
    outer loop
      vertex 167.71 7.05663 3.8147e-07
      vertex 8.08973 7.05663 3.8147e-07
      vertex 8.05911 7.21058 3.8147e-07
    endloop
  endfacet
  facet normal 0 0 -1
    outer loop
      vertex 167.741 7.21058 3.8147e-07
      vertex 8.05911 7.21058 3.8147e-07
      vertex 8.00865 7.35922 3.8147e-07
    endloop
  endfacet
  facet normal 0 0 -1
    outer loop
      vertex 167.791 7.35922 3.8147e-07
      vertex 8.00865 7.35922 3.8147e-07
      vertex 8.38 75.97 3.8147e-07
    endloop
  endfacet
  facet normal 0 0 -1
    outer loop
      vertex 7.93923 7.5 3.8147e-07
      vertex 8.38 75.97 3.8147e-07
      vertex 8.00865 7.35922 3.8147e-07
    endloop
  endfacet
  facet normal 0 0 -1
    outer loop
      vertex 7.85202 7.63051 3.8147e-07
      vertex 8.38 75.97 3.8147e-07
      vertex 7.93923 7.5 3.8147e-07
    endloop
  endfacet
  facet normal 0 0 -1
    outer loop
      vertex 7.74853 7.74853 3.8147e-07
      vertex 8.38 75.97 3.8147e-07
      vertex 7.85202 7.63051 3.8147e-07
    endloop
  endfacet
  facet normal 0 0 -1
    outer loop
      vertex 7.63051 7.85202 3.8147e-07
      vertex 8.38 75.97 3.8147e-07
      vertex 7.74853 7.74853 3.8147e-07
    endloop
  endfacet
  facet normal 0 0 -1
    outer loop
      vertex 7.5 7.93923 3.8147e-07
      vertex 8.38 75.97 3.8147e-07
      vertex 7.63051 7.85202 3.8147e-07
    endloop
  endfacet
  facet normal 0 0 -1
    outer loop
      vertex 7.35922 8.00866 3.8147e-07
      vertex 8.38 75.97 3.8147e-07
      vertex 7.5 7.93923 3.8147e-07
    endloop
  endfacet
  facet normal 0 0 -1
    outer loop
      vertex 7.21058 8.05911 3.8147e-07
      vertex 8.38 75.97 3.8147e-07
      vertex 7.35922 8.00866 3.8147e-07
    endloop
  endfacet
  facet normal 0 0 -1
    outer loop
      vertex 7.05663 8.08973 3.8147e-07
      vertex 8.38 75.97 3.8147e-07
      vertex 7.21058 8.05911 3.8147e-07
    endloop
  endfacet
  facet normal 0 0 -1
    outer loop
      vertex 6.9 8.1 3.8147e-07
      vertex 8.38 75.97 3.8147e-07
      vertex 7.05663 8.08973 3.8147e-07
    endloop
  endfacet
  facet normal 0 0 -1
    outer loop
      vertex 6.74337 8.08973 3.8147e-07
      vertex 8.38 75.97 3.8147e-07
      vertex 6.9 8.1 3.8147e-07
    endloop
  endfacet
  facet normal 0 0 -1
    outer loop
      vertex 0 75.97 3.8147e-07
      vertex 6.74337 8.08973 3.8147e-07
      vertex 6.58942 8.05911 3.8147e-07
    endloop
  endfacet
  facet normal 0 0 -1
    outer loop
      vertex 0 75.97 3.8147e-07
      vertex 6.58942 8.05911 3.8147e-07
      vertex 6.44078 8.00866 3.8147e-07
    endloop
  endfacet
  facet normal 0 0 -1
    outer loop
      vertex 0 75.97 3.8147e-07
      vertex 6.44078 8.00866 3.8147e-07
      vertex 6.3 7.93923 3.8147e-07
    endloop
  endfacet
  facet normal 0 0 -1
    outer loop
      vertex 0 75.97 3.8147e-07
      vertex 6.3 7.93923 3.8147e-07
      vertex 6.16949 7.85202 3.8147e-07
    endloop
  endfacet
  facet normal 0 0 -1
    outer loop
      vertex 0 4.00001 3.8147e-07
      vertex 6.16949 7.85202 3.8147e-07
      vertex 6.05147 7.74853 3.8147e-07
    endloop
  endfacet
  facet normal 0 0 -1
    outer loop
      vertex 0 4.00001 3.8147e-07
      vertex 6.05147 7.74853 3.8147e-07
      vertex 5.94798 7.63051 3.8147e-07
    endloop
  endfacet
  facet normal 0 0 -1
    outer loop
      vertex 0 4.00001 3.8147e-07
      vertex 5.94798 7.63051 3.8147e-07
      vertex 5.86077 7.5 3.8147e-07
    endloop
  endfacet
  facet normal 0 0 -1
    outer loop
      vertex 0 4.00001 3.8147e-07
      vertex 5.86077 7.5 3.8147e-07
      vertex 5.79134 7.35922 3.8147e-07
    endloop
  endfacet
  facet normal 0 0 -1
    outer loop
      vertex 0 4.00001 3.8147e-07
      vertex 5.79134 7.35922 3.8147e-07
      vertex 5.74089 7.21058 3.8147e-07
    endloop
  endfacet
  facet normal 0 0 -1
    outer loop
      vertex 0 4.00001 3.8147e-07
      vertex 5.74089 7.21058 3.8147e-07
      vertex 5.71027 7.05663 3.8147e-07
    endloop
  endfacet
  facet normal 0 0 -1
    outer loop
      vertex 0 4.00001 3.8147e-07
      vertex 5.71027 7.05663 3.8147e-07
      vertex 5.7 6.9 3.8147e-07
    endloop
  endfacet
  facet normal 0 0 -1
    outer loop
      vertex 0.826584 1.56496 3.8147e-07
      vertex 6.05147 6.05147 3.8147e-07
      vertex 1.17157 1.17158 3.8147e-07
    endloop
  endfacet
  facet normal 0 0 -1
    outer loop
      vertex 0.535904 2.00001 3.8147e-07
      vertex 6.05147 6.05147 3.8147e-07
      vertex 0.826584 1.56496 3.8147e-07
    endloop
  endfacet
  facet normal 0 0 -1
    outer loop
      vertex 0.304489 2.46927 3.8147e-07
      vertex 6.05147 6.05147 3.8147e-07
      vertex 0.535904 2.00001 3.8147e-07
    endloop
  endfacet
  facet normal 0 0 -1
    outer loop
      vertex 0.136292 2.96473 3.8147e-07
      vertex 6.05147 6.05147 3.8147e-07
      vertex 0.304489 2.46927 3.8147e-07
    endloop
  endfacet
  facet normal -0 0 -1
    outer loop
      vertex 6.05147 6.05147 3.8147e-07
      vertex 0.136292 2.96473 3.8147e-07
      vertex 5.94798 6.16949 3.8147e-07
    endloop
  endfacet
  facet normal 0 0 -1
    outer loop
      vertex 0.0342255 3.4779 3.8147e-07
      vertex 5.94798 6.16949 3.8147e-07
      vertex 0.136292 2.96473 3.8147e-07
    endloop
  endfacet
  facet normal 0 0 -1
    outer loop
      vertex 0 4.00001 3.8147e-07
      vertex 5.94798 6.16949 3.8147e-07
      vertex 0.0342255 3.4779 3.8147e-07
    endloop
  endfacet
  facet normal -0 0 -1
    outer loop
      vertex 5.94798 6.16949 3.8147e-07
      vertex 0 4.00001 3.8147e-07
      vertex 5.86077 6.3 3.8147e-07
    endloop
  endfacet
  facet normal -0 0 -1
    outer loop
      vertex 5.86077 6.3 3.8147e-07
      vertex 0 4.00001 3.8147e-07
      vertex 5.79134 6.44078 3.8147e-07
    endloop
  endfacet
  facet normal -0 0 -1
    outer loop
      vertex 5.79134 6.44078 3.8147e-07
      vertex 0 4.00001 3.8147e-07
      vertex 5.74089 6.58942 3.8147e-07
    endloop
  endfacet
  facet normal -0 0 -1
    outer loop
      vertex 5.74089 6.58942 3.8147e-07
      vertex 0 4.00001 3.8147e-07
      vertex 5.71027 6.74337 3.8147e-07
    endloop
  endfacet
  facet normal -0 0 -1
    outer loop
      vertex 5.71027 6.74337 3.8147e-07
      vertex 0 4.00001 3.8147e-07
      vertex 5.7 6.9 3.8147e-07
    endloop
  endfacet
  facet normal -0 0 -1
    outer loop
      vertex 6.16949 7.85202 3.8147e-07
      vertex 0 4.00001 3.8147e-07
      vertex 0 75.97 3.8147e-07
    endloop
  endfacet
  facet normal 0 0 -1
    outer loop
      vertex 6.74337 8.08973 3.8147e-07
      vertex 0 75.97 3.8147e-07
      vertex 8.38 75.97 3.8147e-07
    endloop
  endfacet
  facet normal -0.0649827 0.997886 0
    outer loop
      vertex 4 120.4 3.8147e-07
      vertex 3.47789 120.366 2.4
      vertex 4 120.4 2.4
    endloop
  endfacet
  facet normal -0.0649827 0.997886 0
    outer loop
      vertex 3.47789 120.366 2.4
      vertex 4 120.4 3.8147e-07
      vertex 3.47789 120.366 3.8147e-07
    endloop
  endfacet
  facet normal 0.75151 0.659722 0
    outer loop
      vertex 174.973 118.835 2.4
      vertex 174.628 119.228 3.8147e-07
      vertex 174.628 119.228 2.4
    endloop
  endfacet
  facet normal 0.75151 0.659722 0
    outer loop
      vertex 174.628 119.228 3.8147e-07
      vertex 174.973 118.835 2.4
      vertex 174.973 118.835 3.8147e-07
    endloop
  endfacet
  facet normal 0.946563 0.322518 0
    outer loop
      vertex 175.664 117.435 2.4
      vertex 175.495 117.931 3.8147e-07
      vertex 175.495 117.931 2.4
    endloop
  endfacet
  facet normal 0.946563 0.322518 0
    outer loop
      vertex 175.495 117.931 3.8147e-07
      vertex 175.664 117.435 2.4
      vertex 175.664 117.435 3.8147e-07
    endloop
  endfacet
  facet normal -0.555987 0.831191 0
    outer loop
      vertex 2 119.864 3.8147e-07
      vertex 1.56496 119.573 2.4
      vertex 2 119.864 2.4
    endloop
  endfacet
  facet normal -0.555987 0.831191 0
    outer loop
      vertex 1.56496 119.573 2.4
      vertex 2 119.864 3.8147e-07
      vertex 1.56496 119.573 3.8147e-07
    endloop
  endfacet
  facet normal 0 -1 0
    outer loop
      vertex 4 6.10352e-06 3.8147e-07
      vertex 171.8 6.10352e-06 2.4
      vertex 4 6.10352e-06 2.4
    endloop
  endfacet
  facet normal 0 -1 -0
    outer loop
      vertex 171.8 6.10352e-06 2.4
      vertex 4 6.10352e-06 3.8147e-07
      vertex 171.8 6.10352e-06 3.8147e-07
    endloop
  endfacet
  facet normal 0.442488 -0.896774 0
    outer loop
      vertex 173.331 0.304495 3.8147e-07
      vertex 173.8 0.53591 2.4
      vertex 173.331 0.304495 2.4
    endloop
  endfacet
  facet normal 0.442488 -0.896774 0
    outer loop
      vertex 173.8 0.53591 2.4
      vertex 173.331 0.304495 3.8147e-07
      vertex 173.8 0.53591 3.8147e-07
    endloop
  endfacet
  facet normal 0.751826 -0.659362 0
    outer loop
      vertex 174.628 1.17158 2.4
      vertex 174.973 1.56496 3.8147e-07
      vertex 174.973 1.56496 2.4
    endloop
  endfacet
  facet normal 0.751826 -0.659362 0
    outer loop
      vertex 174.973 1.56496 3.8147e-07
      vertex 174.628 1.17158 2.4
      vertex 174.628 1.17158 3.8147e-07
    endloop
  endfacet
  facet normal -0.442284 -0.896875 0
    outer loop
      vertex 2 0.53591 3.8147e-07
      vertex 2.46927 0.304495 2.4
      vertex 2 0.53591 2.4
    endloop
  endfacet
  facet normal -0.442284 -0.896875 -0
    outer loop
      vertex 2.46927 0.304495 2.4
      vertex 2 0.53591 3.8147e-07
      vertex 2.46927 0.304495 3.8147e-07
    endloop
  endfacet
  facet normal 0.980801 0.195013 0
    outer loop
      vertex 175.766 116.922 2.4
      vertex 175.664 117.435 3.8147e-07
      vertex 175.664 117.435 2.4
    endloop
  endfacet
  facet normal 0.980801 0.195013 0
    outer loop
      vertex 175.664 117.435 3.8147e-07
      vertex 175.766 116.922 2.4
      vertex 175.766 116.922 3.8147e-07
    endloop
  endfacet
  facet normal 0.195135 -0.980776 0
    outer loop
      vertex 172.322 0.0342316 3.8147e-07
      vertex 172.835 0.136298 2.4
      vertex 172.322 0.0342316 2.4
    endloop
  endfacet
  facet normal 0.195135 -0.980776 0
    outer loop
      vertex 172.835 0.136298 2.4
      vertex 172.322 0.0342316 3.8147e-07
      vertex 172.835 0.136298 3.8147e-07
    endloop
  endfacet
  facet normal 0.659711 -0.751519 0
    outer loop
      vertex 174.235 0.82659 3.8147e-07
      vertex 174.628 1.17158 2.4
      vertex 174.235 0.82659 2.4
    endloop
  endfacet
  facet normal 0.659711 -0.751519 0
    outer loop
      vertex 174.628 1.17158 2.4
      vertex 174.235 0.82659 3.8147e-07
      vertex 174.628 1.17158 3.8147e-07
    endloop
  endfacet
  facet normal -0.659342 -0.751843 0
    outer loop
      vertex 1.17157 1.17158 3.8147e-07
      vertex 1.56496 0.82659 2.4
      vertex 1.17157 1.17158 2.4
    endloop
  endfacet
  facet normal -0.659342 -0.751843 -0
    outer loop
      vertex 1.56496 0.82659 2.4
      vertex 1.17157 1.17158 3.8147e-07
      vertex 1.56496 0.82659 3.8147e-07
    endloop
  endfacet
  facet normal -0.896872 -0.442291 0
    outer loop
      vertex 0.535904 2.00001 3.8147e-07
      vertex 0.304489 2.46927 2.4
      vertex 0.304489 2.46927 3.8147e-07
    endloop
  endfacet
  facet normal -0.896872 -0.442291 0
    outer loop
      vertex 0.304489 2.46927 2.4
      vertex 0.535904 2.00001 3.8147e-07
      vertex 0.535904 2.00001 2.4
    endloop
  endfacet
  facet normal -0.751839 -0.659347 0
    outer loop
      vertex 1.17157 1.17158 3.8147e-07
      vertex 0.826584 1.56496 2.4
      vertex 0.826584 1.56496 3.8147e-07
    endloop
  endfacet
  facet normal -0.751839 -0.659347 0
    outer loop
      vertex 0.826584 1.56496 2.4
      vertex 1.17157 1.17158 3.8147e-07
      vertex 1.17157 1.17158 2.4
    endloop
  endfacet
  facet normal -0.195073 -0.980789 0
    outer loop
      vertex 2.96472 0.136298 3.8147e-07
      vertex 3.47789 0.0342316 2.4
      vertex 2.96472 0.136298 2.4
    endloop
  endfacet
  facet normal -0.195073 -0.980789 -0
    outer loop
      vertex 3.47789 0.0342316 2.4
      vertex 2.96472 0.136298 3.8147e-07
      vertex 3.47789 0.0342316 3.8147e-07
    endloop
  endfacet
  facet normal -0.321464 -0.946922 0
    outer loop
      vertex 2.46927 0.304495 3.8147e-07
      vertex 2.96472 0.136298 2.4
      vertex 2.46927 0.304495 2.4
    endloop
  endfacet
  facet normal -0.321464 -0.946922 -0
    outer loop
      vertex 2.96472 0.136298 2.4
      vertex 2.46927 0.304495 3.8147e-07
      vertex 2.96472 0.136298 3.8147e-07
    endloop
  endfacet
  facet normal 0.897089 0.44185 0
    outer loop
      vertex 175.495 117.931 2.4
      vertex 175.264 118.4 3.8147e-07
      vertex 175.264 118.4 2.4
    endloop
  endfacet
  facet normal 0.897089 0.44185 0
    outer loop
      vertex 175.264 118.4 3.8147e-07
      vertex 175.495 117.931 2.4
      vertex 175.495 117.931 3.8147e-07
    endloop
  endfacet
  facet normal -0.831479 -0.555556 0
    outer loop
      vertex 0.826584 1.56496 3.8147e-07
      vertex 0.535904 2.00001 2.4
      vertex 0.535904 2.00001 3.8147e-07
    endloop
  endfacet
  facet normal -0.831479 -0.555556 0
    outer loop
      vertex 0.535904 2.00001 2.4
      vertex 0.826584 1.56496 3.8147e-07
      vertex 0.826584 1.56496 2.4
    endloop
  endfacet
  facet normal -0.443182 0.896432 0
    outer loop
      vertex 2.46927 120.096 3.8147e-07
      vertex 2 119.864 2.4
      vertex 2.46927 120.096 2.4
    endloop
  endfacet
  facet normal -0.443182 0.896432 0
    outer loop
      vertex 2 119.864 2.4
      vertex 2.46927 120.096 3.8147e-07
      vertex 2 119.864 3.8147e-07
    endloop
  endfacet
  facet normal 0.946456 -0.322833 0
    outer loop
      vertex 175.495 2.46927 2.4
      vertex 175.664 2.96473 3.8147e-07
      vertex 175.664 2.96473 2.4
    endloop
  endfacet
  facet normal 0.946456 -0.322833 0
    outer loop
      vertex 175.664 2.96473 3.8147e-07
      vertex 175.495 2.46927 2.4
      vertex 175.495 2.46927 3.8147e-07
    endloop
  endfacet
  facet normal 0.980813 -0.194951 0
    outer loop
      vertex 175.664 2.96473 2.4
      vertex 175.766 3.4779 3.8147e-07
      vertex 175.766 3.4779 2.4
    endloop
  endfacet
  facet normal 0.980813 -0.194951 0
    outer loop
      vertex 175.766 3.4779 3.8147e-07
      vertex 175.664 2.96473 2.4
      vertex 175.664 2.96473 3.8147e-07
    endloop
  endfacet
  facet normal 0.556022 0.831167 -0
    outer loop
      vertex 174.235 119.573 3.8147e-07
      vertex 173.8 119.864 2.4
      vertex 174.235 119.573 2.4
    endloop
  endfacet
  facet normal 0.556022 0.831167 0
    outer loop
      vertex 173.8 119.864 2.4
      vertex 174.235 119.573 3.8147e-07
      vertex 173.8 119.864 3.8147e-07
    endloop
  endfacet
  facet normal 0.5556 -0.83145 0
    outer loop
      vertex 173.8 0.53591 3.8147e-07
      vertex 174.235 0.82659 2.4
      vertex 173.8 0.53591 2.4
    endloop
  endfacet
  facet normal 0.5556 -0.83145 0
    outer loop
      vertex 174.235 0.82659 2.4
      vertex 173.8 0.53591 3.8147e-07
      vertex 174.235 0.82659 3.8147e-07
    endloop
  endfacet
  facet normal -0.946924 -0.321458 0
    outer loop
      vertex 0.304489 2.46927 3.8147e-07
      vertex 0.136292 2.96473 2.4
      vertex 0.136292 2.96473 3.8147e-07
    endloop
  endfacet
  facet normal -0.946924 -0.321458 0
    outer loop
      vertex 0.136292 2.96473 2.4
      vertex 0.304489 2.46927 3.8147e-07
      vertex 0.304489 2.46927 2.4
    endloop
  endfacet
  facet normal 0.659722 0.75151 -0
    outer loop
      vertex 174.628 119.228 3.8147e-07
      vertex 174.235 119.573 2.4
      vertex 174.628 119.228 2.4
    endloop
  endfacet
  facet normal 0.659722 0.75151 0
    outer loop
      vertex 174.235 119.573 2.4
      vertex 174.628 119.228 3.8147e-07
      vertex 174.235 119.573 3.8147e-07
    endloop
  endfacet
  facet normal 0.0654256 -0.997857 0
    outer loop
      vertex 171.8 6.10352e-06 3.8147e-07
      vertex 172.322 0.0342316 2.4
      vertex 171.8 6.10352e-06 2.4
    endloop
  endfacet
  facet normal 0.0654256 -0.997857 0
    outer loop
      vertex 172.322 0.0342316 2.4
      vertex 171.8 6.10352e-06 3.8147e-07
      vertex 172.322 0.0342316 3.8147e-07
    endloop
  endfacet
  facet normal -0.997858 -0.0654119 0
    outer loop
      vertex 0.0342255 3.4779 3.8147e-07
      vertex 0 4.00001 2.4
      vertex 0 4.00001 3.8147e-07
    endloop
  endfacet
  facet normal -0.997858 -0.0654119 0
    outer loop
      vertex 0 4.00001 2.4
      vertex 0.0342255 3.4779 3.8147e-07
      vertex 0.0342255 3.4779 2.4
    endloop
  endfacet
  facet normal 0.997886 -0.0649827 0
    outer loop
      vertex 175.766 3.4779 2.4
      vertex 175.8 4.00001 3.8147e-07
      vertex 175.8 4.00001 2.4
    endloop
  endfacet
  facet normal 0.997886 -0.0649827 0
    outer loop
      vertex 175.8 4.00001 3.8147e-07
      vertex 175.766 3.4779 2.4
      vertex 175.766 3.4779 3.8147e-07
    endloop
  endfacet
  facet normal 0.831197 -0.555978 0
    outer loop
      vertex 174.973 1.56496 2.4
      vertex 175.264 2.00001 3.8147e-07
      vertex 175.264 2.00001 2.4
    endloop
  endfacet
  facet normal 0.831197 -0.555978 0
    outer loop
      vertex 175.264 2.00001 3.8147e-07
      vertex 174.973 1.56496 2.4
      vertex 174.973 1.56496 3.8147e-07
    endloop
  endfacet
  facet normal -0.751523 0.659707 0
    outer loop
      vertex 0.826584 118.835 3.8147e-07
      vertex 1.17157 119.228 2.4
      vertex 1.17157 119.228 3.8147e-07
    endloop
  endfacet
  facet normal -0.751523 0.659707 0
    outer loop
      vertex 1.17157 119.228 2.4
      vertex 0.826584 118.835 3.8147e-07
      vertex 0.826584 118.835 2.4
    endloop
  endfacet
  facet normal 0.321144 -0.94703 0
    outer loop
      vertex 172.835 0.136298 3.8147e-07
      vertex 173.331 0.304495 2.4
      vertex 172.835 0.136298 2.4
    endloop
  endfacet
  facet normal 0.321144 -0.94703 0
    outer loop
      vertex 173.331 0.304495 2.4
      vertex 172.835 0.136298 3.8147e-07
      vertex 173.331 0.304495 3.8147e-07
    endloop
  endfacet
  facet normal -0.83145 0.5556 0
    outer loop
      vertex 0.535904 118.4 3.8147e-07
      vertex 0.826584 118.835 2.4
      vertex 0.826584 118.835 3.8147e-07
    endloop
  endfacet
  facet normal -0.83145 0.5556 0
    outer loop
      vertex 0.826584 118.835 2.4
      vertex 0.535904 118.4 3.8147e-07
      vertex 0.535904 118.4 2.4
    endloop
  endfacet
  facet normal 0.897186 -0.441653 0
    outer loop
      vertex 175.264 2.00001 2.4
      vertex 175.495 2.46927 3.8147e-07
      vertex 175.495 2.46927 2.4
    endloop
  endfacet
  facet normal 0.897186 -0.441653 0
    outer loop
      vertex 175.495 2.46927 3.8147e-07
      vertex 175.264 2.00001 2.4
      vertex 175.264 2.00001 3.8147e-07
    endloop
  endfacet
  facet normal -0.980776 0.195135 0
    outer loop
      vertex 0.0342255 116.922 3.8147e-07
      vertex 0.136292 117.435 2.4
      vertex 0.136292 117.435 3.8147e-07
    endloop
  endfacet
  facet normal -0.980776 0.195135 0
    outer loop
      vertex 0.136292 117.435 2.4
      vertex 0.0342255 116.922 3.8147e-07
      vertex 0.0342255 116.922 2.4
    endloop
  endfacet
  facet normal -0.94703 0.321144 0
    outer loop
      vertex 0.136292 117.435 3.8147e-07
      vertex 0.304489 117.931 2.4
      vertex 0.304489 117.931 3.8147e-07
    endloop
  endfacet
  facet normal -0.94703 0.321144 0
    outer loop
      vertex 0.304489 117.931 2.4
      vertex 0.136292 117.435 3.8147e-07
      vertex 0.136292 117.435 2.4
    endloop
  endfacet
  facet normal 0 0 1
    outer loop
      vertex 5.86077 7.5 2.4
      vertex 0 4.00001 2.4
      vertex 5.79134 7.35922 2.4
    endloop
  endfacet
  facet normal 0 -0 1
    outer loop
      vertex 0.136292 2.96473 2.4
      vertex 5.74089 7.21058 2.4
      vertex 0 4.00001 2.4
    endloop
  endfacet
  facet normal 0 0 1
    outer loop
      vertex 5.74089 7.21058 2.4
      vertex 3.47789 0.0342316 2.4
      vertex 4 6.10352e-06 2.4
    endloop
  endfacet
  facet normal 0 0 1
    outer loop
      vertex 5.79134 7.35922 2.4
      vertex 0 4.00001 2.4
      vertex 5.74089 7.21058 2.4
    endloop
  endfacet
  facet normal 0 0 1
    outer loop
      vertex 5.74089 7.21058 2.4
      vertex 2.96472 0.136298 2.4
      vertex 3.47789 0.0342316 2.4
    endloop
  endfacet
  facet normal 0 0 1
    outer loop
      vertex 52.4606 68.8809 2.4
      vertex 8.08973 7.05663 2.4
      vertex 8.1 6.9 2.4
    endloop
  endfacet
  facet normal 0 0 1
    outer loop
      vertex 9.74089 69.7294 2.4
      vertex 8.05911 7.21058 2.4
      vertex 8.08973 7.05663 2.4
    endloop
  endfacet
  facet normal 0 0 1
    outer loop
      vertex 9.74089 69.7294 2.4
      vertex 8.00865 7.35922 2.4
      vertex 8.05911 7.21058 2.4
    endloop
  endfacet
  facet normal 0 0 1
    outer loop
      vertex 9.74089 69.7294 2.4
      vertex 7.93923 7.5 2.4
      vertex 8.00865 7.35922 2.4
    endloop
  endfacet
  facet normal 0 0 1
    outer loop
      vertex 3.85 55.5 2.4
      vertex 9.74089 69.7294 2.4
      vertex 3.85 64.9 2.4
    endloop
  endfacet
  facet normal -0 0 1
    outer loop
      vertex 3.85 55.5 2.4
      vertex 7.93923 7.5 2.4
      vertex 9.74089 69.7294 2.4
    endloop
  endfacet
  facet normal 0 0 1
    outer loop
      vertex 7.93923 7.5 2.4
      vertex 3.85 55.5 2.4
      vertex 7.85202 7.63051 2.4
    endloop
  endfacet
  facet normal 0 0 1
    outer loop
      vertex 7.85202 7.63051 2.4
      vertex 3.85 55.5 2.4
      vertex 7.74853 7.74853 2.4
    endloop
  endfacet
  facet normal 0 0 1
    outer loop
      vertex 7.74853 7.74853 2.4
      vertex 3.85 55.5 2.4
      vertex 7.63051 7.85202 2.4
    endloop
  endfacet
  facet normal 0 0 1
    outer loop
      vertex 7.63051 7.85202 2.4
      vertex 3.85 55.5 2.4
      vertex 7.5 7.93923 2.4
    endloop
  endfacet
  facet normal 0 0 1
    outer loop
      vertex 7.5 7.93923 2.4
      vertex 3.85 55.5 2.4
      vertex 7.35922 8.00866 2.4
    endloop
  endfacet
  facet normal 0 0 1
    outer loop
      vertex 7.35922 8.00866 2.4
      vertex 3.85 55.5 2.4
      vertex 7.21058 8.05911 2.4
    endloop
  endfacet
  facet normal 0 0 1
    outer loop
      vertex 7.21058 8.05911 2.4
      vertex 3.85 55.5 2.4
      vertex 7.05663 8.08973 2.4
    endloop
  endfacet
  facet normal 0 0 1
    outer loop
      vertex 7.05663 8.08973 2.4
      vertex 3.85 55.5 2.4
      vertex 6.9 8.1 2.4
    endloop
  endfacet
  facet normal 0 0 1
    outer loop
      vertex 6.9 8.1 2.4
      vertex 3.85 55.5 2.4
      vertex 6.74337 8.08973 2.4
    endloop
  endfacet
  facet normal -0 0 1
    outer loop
      vertex 2.65 55.5 2.4
      vertex 6.74337 8.08973 2.4
      vertex 3.85 55.5 2.4
    endloop
  endfacet
  facet normal 0 0 1
    outer loop
      vertex 6.74337 8.08973 2.4
      vertex 2.65 55.5 2.4
      vertex 6.58942 8.05911 2.4
    endloop
  endfacet
  facet normal 0 0 1
    outer loop
      vertex 6.58942 8.05911 2.4
      vertex 2.65 55.5 2.4
      vertex 6.44078 8.00866 2.4
    endloop
  endfacet
  facet normal 0 0 1
    outer loop
      vertex 6.44078 8.00866 2.4
      vertex 2.65 55.5 2.4
      vertex 6.3 7.93923 2.4
    endloop
  endfacet
  facet normal 0 0 1
    outer loop
      vertex 6.3 7.93923 2.4
      vertex 2.65 55.5 2.4
      vertex 6.16949 7.85202 2.4
    endloop
  endfacet
  facet normal 0 0 1
    outer loop
      vertex 0 4.00001 2.4
      vertex 6.16949 7.85202 2.4
      vertex 2.65 55.5 2.4
    endloop
  endfacet
  facet normal 0 0 1
    outer loop
      vertex 6.16949 7.85202 2.4
      vertex 0 4.00001 2.4
      vertex 6.05147 7.74853 2.4
    endloop
  endfacet
  facet normal 0 0 1
    outer loop
      vertex 6.05147 7.74853 2.4
      vertex 0 4.00001 2.4
      vertex 5.94798 7.63051 2.4
    endloop
  endfacet
  facet normal 0 0 1
    outer loop
      vertex 5.94798 7.63051 2.4
      vertex 0 4.00001 2.4
      vertex 5.86077 7.5 2.4
    endloop
  endfacet
  facet normal 0 0 1
    outer loop
      vertex 5.74089 7.21058 2.4
      vertex 4 6.10352e-06 2.4
      vertex 5.71027 7.05663 2.4
    endloop
  endfacet
  facet normal 0 0 1
    outer loop
      vertex 5.71027 7.05663 2.4
      vertex 4 6.10352e-06 2.4
      vertex 5.7 6.9 2.4
    endloop
  endfacet
  facet normal 0 0 1
    outer loop
      vertex 9.71027 69.8834 2.4
      vertex 3.85 64.9 2.4
      vertex 9.74089 69.7294 2.4
    endloop
  endfacet
  facet normal 0 0 1
    outer loop
      vertex 0 75.97 2.4
      vertex 2.65 55.5 2.4
      vertex 2.65 64.9 2.4
    endloop
  endfacet
  facet normal 0 0 1
    outer loop
      vertex 5.74089 7.21058 2.4
      vertex 2.46927 0.304495 2.4
      vertex 2.96472 0.136298 2.4
    endloop
  endfacet
  facet normal 0 0 1
    outer loop
      vertex 5.74089 7.21058 2.4
      vertex 2 0.53591 2.4
      vertex 2.46927 0.304495 2.4
    endloop
  endfacet
  facet normal 0 0 1
    outer loop
      vertex 5.74089 7.21058 2.4
      vertex 1.56496 0.82659 2.4
      vertex 2 0.53591 2.4
    endloop
  endfacet
  facet normal 0 0 1
    outer loop
      vertex 5.74089 7.21058 2.4
      vertex 1.17157 1.17158 2.4
      vertex 1.56496 0.82659 2.4
    endloop
  endfacet
  facet normal 0 0 1
    outer loop
      vertex 5.74089 7.21058 2.4
      vertex 0.826584 1.56496 2.4
      vertex 1.17157 1.17158 2.4
    endloop
  endfacet
  facet normal 0 0 1
    outer loop
      vertex 5.74089 7.21058 2.4
      vertex 0.535904 2.00001 2.4
      vertex 0.826584 1.56496 2.4
    endloop
  endfacet
  facet normal 0 0 1
    outer loop
      vertex 5.74089 7.21058 2.4
      vertex 0.304489 2.46927 2.4
      vertex 0.535904 2.00001 2.4
    endloop
  endfacet
  facet normal 0 0 1
    outer loop
      vertex 5.74089 7.21058 2.4
      vertex 0.136292 2.96473 2.4
      vertex 0.304489 2.46927 2.4
    endloop
  endfacet
  facet normal 0 0 1
    outer loop
      vertex 3.85 64.9 2.4
      vertex 0 75.97 2.4
      vertex 2.65 64.9 2.4
    endloop
  endfacet
  facet normal 0 0 1
    outer loop
      vertex 2.65 55.5 2.4
      vertex 0 75.97 2.4
      vertex 0 4.00001 2.4
    endloop
  endfacet
  facet normal 0 0 1
    outer loop
      vertex 0.136292 2.96473 2.4
      vertex 0 4.00001 2.4
      vertex 0.0342255 3.4779 2.4
    endloop
  endfacet
  facet normal 0 0 1
    outer loop
      vertex 51.0413 92.0408 2.4
      vertex 12.0087 92.0408 2.4
      vertex 51.1108 91.9 2.4
    endloop
  endfacet
  facet normal 0 0 1
    outer loop
      vertex 51.1108 70.64 2.4
      vertex 12.0897 70.1966 2.4
      vertex 12.1 70.04 2.4
    endloop
  endfacet
  facet normal 0 0 1
    outer loop
      vertex 11.9392 91.9 2.4
      vertex 51.1108 91.9 2.4
      vertex 12.0087 92.0408 2.4
    endloop
  endfacet
  facet normal 0 0 1
    outer loop
      vertex 51.1108 70.64 2.4
      vertex 12.0591 70.3506 2.4
      vertex 12.0897 70.1966 2.4
    endloop
  endfacet
  facet normal 0 0 1
    outer loop
      vertex 51.1108 91.9 2.4
      vertex 11.9392 91.9 2.4
      vertex 51.1108 70.64 2.4
    endloop
  endfacet
  facet normal 0 0 1
    outer loop
      vertex 51.1108 70.64 2.4
      vertex 12.0087 70.4992 2.4
      vertex 12.0591 70.3506 2.4
    endloop
  endfacet
  facet normal 0 0 1
    outer loop
      vertex 11.9392 70.64 2.4
      vertex 51.1108 70.64 2.4
      vertex 11.9392 91.9 2.4
    endloop
  endfacet
  facet normal 0 0 1
    outer loop
      vertex 51.1108 70.64 2.4
      vertex 11.9392 70.64 2.4
      vertex 12.0087 70.4992 2.4
    endloop
  endfacet
  facet normal -0 0 1
    outer loop
      vertex 11.852 91.7695 2.4
      vertex 11.9392 70.64 2.4
      vertex 11.9392 91.9 2.4
    endloop
  endfacet
  facet normal 0 0 1
    outer loop
      vertex 11.852 91.7695 2.4
      vertex 11.852 70.7705 2.4
      vertex 11.9392 70.64 2.4
    endloop
  endfacet
  facet normal -0 0 1
    outer loop
      vertex 11.7485 91.6515 2.4
      vertex 11.852 70.7705 2.4
      vertex 11.852 91.7695 2.4
    endloop
  endfacet
  facet normal 0 0 1
    outer loop
      vertex 11.7485 91.6515 2.4
      vertex 11.7485 70.8885 2.4
      vertex 11.852 70.7705 2.4
    endloop
  endfacet
  facet normal 0 0 1
    outer loop
      vertex 8.38 86.57 2.4
      vertex 11.7485 91.6515 2.4
      vertex 11.6305 91.548 2.4
    endloop
  endfacet
  facet normal 0 0 1
    outer loop
      vertex 11.7485 91.6515 2.4
      vertex 8.38 86.57 2.4
      vertex 11.7485 70.8885 2.4
    endloop
  endfacet
  facet normal 0 0 1
    outer loop
      vertex 8.38 86.57 2.4
      vertex 11.6305 91.548 2.4
      vertex 11.5 91.4608 2.4
    endloop
  endfacet
  facet normal -0 0 1
    outer loop
      vertex 8.38 75.97 2.4
      vertex 11.7485 70.8885 2.4
      vertex 8.38 86.57 2.4
    endloop
  endfacet
  facet normal 0 0 1
    outer loop
      vertex 8.38 86.57 2.4
      vertex 11.5 91.4608 2.4
      vertex 11.3592 91.3913 2.4
    endloop
  endfacet
  facet normal 0 0 1
    outer loop
      vertex 11.7485 70.8885 2.4
      vertex 8.38 75.97 2.4
      vertex 11.6305 70.992 2.4
    endloop
  endfacet
  facet normal 0 0 1
    outer loop
      vertex 8.38 86.57 2.4
      vertex 11.3592 91.3913 2.4
      vertex 11.2106 91.3409 2.4
    endloop
  endfacet
  facet normal 0 0 1
    outer loop
      vertex 11.6305 70.992 2.4
      vertex 8.38 75.97 2.4
      vertex 11.5 71.0792 2.4
    endloop
  endfacet
  facet normal 0 0 1
    outer loop
      vertex 8.38 86.57 2.4
      vertex 11.2106 91.3409 2.4
      vertex 11.0566 91.3103 2.4
    endloop
  endfacet
  facet normal 0 0 1
    outer loop
      vertex 11.5 71.0792 2.4
      vertex 8.38 75.97 2.4
      vertex 11.3592 71.1487 2.4
    endloop
  endfacet
  facet normal 0 0 1
    outer loop
      vertex 8.38 86.57 2.4
      vertex 11.0566 91.3103 2.4
      vertex 10.9 91.3 2.4
    endloop
  endfacet
  facet normal 0 0 1
    outer loop
      vertex 11.3592 71.1487 2.4
      vertex 8.38 75.97 2.4
      vertex 11.2106 71.1991 2.4
    endloop
  endfacet
  facet normal 0 0 1
    outer loop
      vertex 8.38 86.57 2.4
      vertex 10.9 91.3 2.4
      vertex 10.7434 91.3103 2.4
    endloop
  endfacet
  facet normal 0 0 1
    outer loop
      vertex 11.2106 71.1991 2.4
      vertex 8.38 75.97 2.4
      vertex 11.0566 71.2297 2.4
    endloop
  endfacet
  facet normal 0 0 1
    outer loop
      vertex 8.38 86.57 2.4
      vertex 10.7434 91.3103 2.4
      vertex 10.5894 91.3409 2.4
    endloop
  endfacet
  facet normal 0 0 1
    outer loop
      vertex 11.0566 71.2297 2.4
      vertex 8.38 75.97 2.4
      vertex 10.9 71.24 2.4
    endloop
  endfacet
  facet normal 0 0 1
    outer loop
      vertex 8.38 86.57 2.4
      vertex 10.5894 91.3409 2.4
      vertex 10.4408 91.3913 2.4
    endloop
  endfacet
  facet normal 0 0 1
    outer loop
      vertex 10.9 71.24 2.4
      vertex 8.38 75.97 2.4
      vertex 10.7434 71.2297 2.4
    endloop
  endfacet
  facet normal 0 0 1
    outer loop
      vertex 8.38 86.57 2.4
      vertex 10.4408 91.3913 2.4
      vertex 10.3 91.4608 2.4
    endloop
  endfacet
  facet normal 0 0 1
    outer loop
      vertex 10.7434 71.2297 2.4
      vertex 8.38 75.97 2.4
      vertex 10.5894 71.1991 2.4
    endloop
  endfacet
  facet normal 0 0 1
    outer loop
      vertex 8.38 86.57 2.4
      vertex 10.3 91.4608 2.4
      vertex 10.1695 91.548 2.4
    endloop
  endfacet
  facet normal 0 0 1
    outer loop
      vertex 10.5894 71.1991 2.4
      vertex 8.38 75.97 2.4
      vertex 10.4408 71.1487 2.4
    endloop
  endfacet
  facet normal 0 0 1
    outer loop
      vertex 8.38 86.57 2.4
      vertex 10.1695 91.548 2.4
      vertex 10.0515 91.6515 2.4
    endloop
  endfacet
  facet normal 0 0 1
    outer loop
      vertex 10.4408 71.1487 2.4
      vertex 8.38 75.97 2.4
      vertex 10.3 71.0792 2.4
    endloop
  endfacet
  facet normal 0 0 1
    outer loop
      vertex 8.38 86.57 2.4
      vertex 10.0515 91.6515 2.4
      vertex 9.94798 91.7695 2.4
    endloop
  endfacet
  facet normal 0 0 1
    outer loop
      vertex 10.3 71.0792 2.4
      vertex 8.38 75.97 2.4
      vertex 10.1695 70.992 2.4
    endloop
  endfacet
  facet normal 0 0 1
    outer loop
      vertex 8.38 86.57 2.4
      vertex 9.94798 91.7695 2.4
      vertex 9.86077 91.9 2.4
    endloop
  endfacet
  facet normal 0 0 1
    outer loop
      vertex 10.1695 70.992 2.4
      vertex 8.38 75.97 2.4
      vertex 10.0515 70.8885 2.4
    endloop
  endfacet
  facet normal 0 0 1
    outer loop
      vertex 8.38 86.57 2.4
      vertex 9.86077 91.9 2.4
      vertex 9.79134 92.0408 2.4
    endloop
  endfacet
  facet normal 0 0 1
    outer loop
      vertex 10.0515 70.8885 2.4
      vertex 8.38 75.97 2.4
      vertex 9.94798 70.7705 2.4
    endloop
  endfacet
  facet normal 0 0 1
    outer loop
      vertex 8.38 86.57 2.4
      vertex 9.79134 92.0408 2.4
      vertex 9.74089 92.1894 2.4
    endloop
  endfacet
  facet normal 0 0 1
    outer loop
      vertex 9.94798 70.7705 2.4
      vertex 8.38 75.97 2.4
      vertex 9.86077 70.64 2.4
    endloop
  endfacet
  facet normal 0 0 1
    outer loop
      vertex 8.38 86.57 2.4
      vertex 9.74089 92.1894 2.4
      vertex 9.71027 92.3434 2.4
    endloop
  endfacet
  facet normal 0 0 1
    outer loop
      vertex 9.86077 70.64 2.4
      vertex 8.38 75.97 2.4
      vertex 9.79134 70.4992 2.4
    endloop
  endfacet
  facet normal 0 0 1
    outer loop
      vertex 8.38 86.57 2.4
      vertex 9.71027 92.3434 2.4
      vertex 9.7 92.5 2.4
    endloop
  endfacet
  facet normal 0 0 1
    outer loop
      vertex 9.79134 70.4992 2.4
      vertex 8.38 75.97 2.4
      vertex 9.74089 70.3506 2.4
    endloop
  endfacet
  facet normal -0 0 1
    outer loop
      vertex 53.3397 70.1966 2.4
      vertex 171.95 64.9 2.4
      vertex 53.3397 92.3434 2.4
    endloop
  endfacet
  facet normal 0 0 1
    outer loop
      vertex 171.95 64.9 2.4
      vertex 53.3397 70.1966 2.4
      vertex 53.35 70.04 2.4
    endloop
  endfacet
  facet normal -0 0 1
    outer loop
      vertex 53.3091 92.1894 2.4
      vertex 53.3397 70.1966 2.4
      vertex 53.3397 92.3434 2.4
    endloop
  endfacet
  facet normal 0 0 1
    outer loop
      vertex 53.3091 92.1894 2.4
      vertex 53.3091 70.3506 2.4
      vertex 53.3397 70.1966 2.4
    endloop
  endfacet
  facet normal -0 0 1
    outer loop
      vertex 53.2587 92.0408 2.4
      vertex 53.3091 70.3506 2.4
      vertex 53.3091 92.1894 2.4
    endloop
  endfacet
  facet normal 0 0 1
    outer loop
      vertex 53.2587 92.0408 2.4
      vertex 53.2587 70.4992 2.4
      vertex 53.3091 70.3506 2.4
    endloop
  endfacet
  facet normal -0 0 1
    outer loop
      vertex 53.1892 91.9 2.4
      vertex 53.2587 70.4992 2.4
      vertex 53.2587 92.0408 2.4
    endloop
  endfacet
  facet normal 0 0 1
    outer loop
      vertex 53.1892 91.9 2.4
      vertex 53.1892 70.64 2.4
      vertex 53.2587 70.4992 2.4
    endloop
  endfacet
  facet normal -0 0 1
    outer loop
      vertex 53.102 91.7695 2.4
      vertex 53.1892 70.64 2.4
      vertex 53.1892 91.9 2.4
    endloop
  endfacet
  facet normal 0 0 1
    outer loop
      vertex 53.102 91.7695 2.4
      vertex 53.102 70.7705 2.4
      vertex 53.1892 70.64 2.4
    endloop
  endfacet
  facet normal -0 0 1
    outer loop
      vertex 52.9985 91.6515 2.4
      vertex 53.102 70.7705 2.4
      vertex 53.102 91.7695 2.4
    endloop
  endfacet
  facet normal 0 0 1
    outer loop
      vertex 52.9985 91.6515 2.4
      vertex 52.9985 70.8885 2.4
      vertex 53.102 70.7705 2.4
    endloop
  endfacet
  facet normal -0 0 1
    outer loop
      vertex 52.8805 91.548 2.4
      vertex 52.9985 70.8885 2.4
      vertex 52.9985 91.6515 2.4
    endloop
  endfacet
  facet normal 0 0 1
    outer loop
      vertex 52.8805 91.548 2.4
      vertex 52.8805 70.992 2.4
      vertex 52.9985 70.8885 2.4
    endloop
  endfacet
  facet normal -0 0 1
    outer loop
      vertex 52.75 91.4608 2.4
      vertex 52.8805 70.992 2.4
      vertex 52.8805 91.548 2.4
    endloop
  endfacet
  facet normal 0 0 1
    outer loop
      vertex 52.75 91.4608 2.4
      vertex 52.75 71.0792 2.4
      vertex 52.8805 70.992 2.4
    endloop
  endfacet
  facet normal -0 0 1
    outer loop
      vertex 52.6092 91.3913 2.4
      vertex 52.75 71.0792 2.4
      vertex 52.75 91.4608 2.4
    endloop
  endfacet
  facet normal 0 0 1
    outer loop
      vertex 52.6092 91.3913 2.4
      vertex 52.6092 71.1487 2.4
      vertex 52.75 71.0792 2.4
    endloop
  endfacet
  facet normal -0 0 1
    outer loop
      vertex 52.4606 91.3409 2.4
      vertex 52.6092 71.1487 2.4
      vertex 52.6092 91.3913 2.4
    endloop
  endfacet
  facet normal 0 0 1
    outer loop
      vertex 52.4606 91.3409 2.4
      vertex 52.4606 71.1991 2.4
      vertex 52.6092 71.1487 2.4
    endloop
  endfacet
  facet normal -0 0 1
    outer loop
      vertex 52.3066 91.3103 2.4
      vertex 52.4606 71.1991 2.4
      vertex 52.4606 91.3409 2.4
    endloop
  endfacet
  facet normal 0 0 1
    outer loop
      vertex 52.3066 91.3103 2.4
      vertex 52.3066 71.2297 2.4
      vertex 52.4606 71.1991 2.4
    endloop
  endfacet
  facet normal -0 0 1
    outer loop
      vertex 52.15 91.3 2.4
      vertex 52.3066 71.2297 2.4
      vertex 52.3066 91.3103 2.4
    endloop
  endfacet
  facet normal 0 0 1
    outer loop
      vertex 52.15 91.3 2.4
      vertex 52.15 71.24 2.4
      vertex 52.3066 71.2297 2.4
    endloop
  endfacet
  facet normal 0 0 1
    outer loop
      vertex 51.9934 91.3103 2.4
      vertex 52.15 71.24 2.4
      vertex 52.15 91.3 2.4
    endloop
  endfacet
  facet normal 0 0 1
    outer loop
      vertex 51.9934 91.3103 2.4
      vertex 51.9934 71.2297 2.4
      vertex 52.15 71.24 2.4
    endloop
  endfacet
  facet normal 0 0 1
    outer loop
      vertex 51.8394 91.3409 2.4
      vertex 51.9934 71.2297 2.4
      vertex 51.9934 91.3103 2.4
    endloop
  endfacet
  facet normal 0 0 1
    outer loop
      vertex 51.8394 91.3409 2.4
      vertex 51.8394 71.1991 2.4
      vertex 51.9934 71.2297 2.4
    endloop
  endfacet
  facet normal 0 0 1
    outer loop
      vertex 51.6908 91.3913 2.4
      vertex 51.8394 71.1991 2.4
      vertex 51.8394 91.3409 2.4
    endloop
  endfacet
  facet normal 0 0 1
    outer loop
      vertex 51.6908 91.3913 2.4
      vertex 51.6908 71.1487 2.4
      vertex 51.8394 71.1991 2.4
    endloop
  endfacet
  facet normal 0 0 1
    outer loop
      vertex 51.55 91.4608 2.4
      vertex 51.6908 71.1487 2.4
      vertex 51.6908 91.3913 2.4
    endloop
  endfacet
  facet normal 0 0 1
    outer loop
      vertex 51.55 91.4608 2.4
      vertex 51.55 71.0792 2.4
      vertex 51.6908 71.1487 2.4
    endloop
  endfacet
  facet normal 0 0 1
    outer loop
      vertex 51.4195 91.548 2.4
      vertex 51.55 71.0792 2.4
      vertex 51.55 91.4608 2.4
    endloop
  endfacet
  facet normal 0 0 1
    outer loop
      vertex 51.4195 91.548 2.4
      vertex 51.4195 70.992 2.4
      vertex 51.55 71.0792 2.4
    endloop
  endfacet
  facet normal 0 0 1
    outer loop
      vertex 51.3015 91.6515 2.4
      vertex 51.4195 70.992 2.4
      vertex 51.4195 91.548 2.4
    endloop
  endfacet
  facet normal 0 0 1
    outer loop
      vertex 51.3015 91.6515 2.4
      vertex 51.3015 70.8885 2.4
      vertex 51.4195 70.992 2.4
    endloop
  endfacet
  facet normal 0 0 1
    outer loop
      vertex 51.198 91.7695 2.4
      vertex 51.3015 70.8885 2.4
      vertex 51.3015 91.6515 2.4
    endloop
  endfacet
  facet normal 0 0 1
    outer loop
      vertex 51.198 91.7695 2.4
      vertex 51.198 70.7705 2.4
      vertex 51.3015 70.8885 2.4
    endloop
  endfacet
  facet normal 0 0 1
    outer loop
      vertex 51.1108 91.9 2.4
      vertex 51.198 70.7705 2.4
      vertex 51.198 91.7695 2.4
    endloop
  endfacet
  facet normal 0 0 1
    outer loop
      vertex 51.1108 91.9 2.4
      vertex 51.1108 70.64 2.4
      vertex 51.198 70.7705 2.4
    endloop
  endfacet
  facet normal 0 0 1
    outer loop
      vertex 12.0591 92.1894 2.4
      vertex 50.9909 92.1894 2.4
      vertex 12.0897 92.3434 2.4
    endloop
  endfacet
  facet normal 0 0 1
    outer loop
      vertex 50.9909 92.1894 2.4
      vertex 12.0591 92.1894 2.4
      vertex 51.0413 92.0408 2.4
    endloop
  endfacet
  facet normal 0 0 1
    outer loop
      vertex 50.9603 92.3434 2.4
      vertex 12.0897 92.3434 2.4
      vertex 50.9909 92.1894 2.4
    endloop
  endfacet
  facet normal 0 0 1
    outer loop
      vertex 12.0087 92.0408 2.4
      vertex 51.0413 92.0408 2.4
      vertex 12.0591 92.1894 2.4
    endloop
  endfacet
  facet normal 0 0 1
    outer loop
      vertex 12.0897 92.3434 2.4
      vertex 50.9603 92.3434 2.4
      vertex 12.1 92.5 2.4
    endloop
  endfacet
  facet normal 0 0 1
    outer loop
      vertex 51.1108 70.64 2.4
      vertex 12.1 70.04 2.4
      vertex 51.0413 70.4992 2.4
    endloop
  endfacet
  facet normal -0 0 1
    outer loop
      vertex 12.1 92.5 2.4
      vertex 50.9603 92.3434 2.4
      vertex 50.95 92.5 2.4
    endloop
  endfacet
  facet normal 0 0 1
    outer loop
      vertex 51.0413 70.4992 2.4
      vertex 12.1 70.04 2.4
      vertex 50.9909 70.3506 2.4
    endloop
  endfacet
  facet normal 0 0 1
    outer loop
      vertex 169.852 112.769 2.4
      vertex 175.8 116.4 2.4
      vertex 169.939 112.9 2.4
    endloop
  endfacet
  facet normal 0 0 1
    outer loop
      vertex 171.95 55.5 2.4
      vertex 170.09 7.05663 2.4
      vertex 170.1 6.9 2.4
    endloop
  endfacet
  facet normal 0 0 1
    outer loop
      vertex 169.749 112.651 2.4
      vertex 175.8 116.4 2.4
      vertex 169.852 112.769 2.4
    endloop
  endfacet
  facet normal 0 0 1
    outer loop
      vertex 171.95 55.5 2.4
      vertex 170.059 7.21058 2.4
      vertex 170.09 7.05663 2.4
    endloop
  endfacet
  facet normal 0 0 1
    outer loop
      vertex 169.631 112.548 2.4
      vertex 175.8 116.4 2.4
      vertex 169.749 112.651 2.4
    endloop
  endfacet
  facet normal 0 0 1
    outer loop
      vertex 171.95 55.5 2.4
      vertex 170.009 7.35922 2.4
      vertex 170.059 7.21058 2.4
    endloop
  endfacet
  facet normal 0 0 1
    outer loop
      vertex 175.8 116.4 2.4
      vertex 169.631 112.548 2.4
      vertex 173.15 64.9 2.4
    endloop
  endfacet
  facet normal 0 0 1
    outer loop
      vertex 171.95 55.5 2.4
      vertex 169.939 7.5 2.4
      vertex 170.009 7.35922 2.4
    endloop
  endfacet
  facet normal -0 0 1
    outer loop
      vertex 169.5 112.461 2.4
      vertex 173.15 64.9 2.4
      vertex 169.631 112.548 2.4
    endloop
  endfacet
  facet normal 0 0 1
    outer loop
      vertex 171.95 55.5 2.4
      vertex 169.852 7.63051 2.4
      vertex 169.939 7.5 2.4
    endloop
  endfacet
  facet normal -0 0 1
    outer loop
      vertex 169.359 112.391 2.4
      vertex 173.15 64.9 2.4
      vertex 169.5 112.461 2.4
    endloop
  endfacet
  facet normal 0 0 1
    outer loop
      vertex 171.95 55.5 2.4
      vertex 169.749 7.74853 2.4
      vertex 169.852 7.63051 2.4
    endloop
  endfacet
  facet normal -0 0 1
    outer loop
      vertex 169.211 112.341 2.4
      vertex 173.15 64.9 2.4
      vertex 169.359 112.391 2.4
    endloop
  endfacet
  facet normal 0 0 1
    outer loop
      vertex 171.95 55.5 2.4
      vertex 169.631 7.85202 2.4
      vertex 169.749 7.74853 2.4
    endloop
  endfacet
  facet normal -0 0 1
    outer loop
      vertex 169.057 112.31 2.4
      vertex 173.15 64.9 2.4
      vertex 169.211 112.341 2.4
    endloop
  endfacet
  facet normal 0 0 1
    outer loop
      vertex 171.95 55.5 2.4
      vertex 169.5 7.93923 2.4
      vertex 169.631 7.85202 2.4
    endloop
  endfacet
  facet normal 0 0 1
    outer loop
      vertex 173.15 64.9 2.4
      vertex 169.057 112.31 2.4
      vertex 171.95 64.9 2.4
    endloop
  endfacet
  facet normal 0 0 1
    outer loop
      vertex 171.95 55.5 2.4
      vertex 169.359 8.00866 2.4
      vertex 169.5 7.93923 2.4
    endloop
  endfacet
  facet normal -0 0 1
    outer loop
      vertex 168.9 112.3 2.4
      vertex 171.95 64.9 2.4
      vertex 169.057 112.31 2.4
    endloop
  endfacet
  facet normal 0 0 1
    outer loop
      vertex 171.95 55.5 2.4
      vertex 169.211 8.05911 2.4
      vertex 169.359 8.00866 2.4
    endloop
  endfacet
  facet normal 0 0 1
    outer loop
      vertex 168.743 112.31 2.4
      vertex 171.95 64.9 2.4
      vertex 168.9 112.3 2.4
    endloop
  endfacet
  facet normal 0 0 1
    outer loop
      vertex 171.95 55.5 2.4
      vertex 169.057 8.08973 2.4
      vertex 169.211 8.05911 2.4
    endloop
  endfacet
  facet normal 0 0 1
    outer loop
      vertex 168.589 112.341 2.4
      vertex 171.95 64.9 2.4
      vertex 168.743 112.31 2.4
    endloop
  endfacet
  facet normal 0 0 1
    outer loop
      vertex 171.95 55.5 2.4
      vertex 168.9 8.1 2.4
      vertex 169.057 8.08973 2.4
    endloop
  endfacet
  facet normal 0 0 1
    outer loop
      vertex 168.441 112.391 2.4
      vertex 171.95 64.9 2.4
      vertex 168.589 112.341 2.4
    endloop
  endfacet
  facet normal 0 0 1
    outer loop
      vertex 171.95 55.5 2.4
      vertex 168.743 8.08973 2.4
      vertex 168.9 8.1 2.4
    endloop
  endfacet
  facet normal 0 0 1
    outer loop
      vertex 168.3 112.461 2.4
      vertex 171.95 64.9 2.4
      vertex 168.441 112.391 2.4
    endloop
  endfacet
  facet normal 0 0 1
    outer loop
      vertex 171.95 55.5 2.4
      vertex 168.589 8.05911 2.4
      vertex 168.743 8.08973 2.4
    endloop
  endfacet
  facet normal 0 0 1
    outer loop
      vertex 168.169 112.548 2.4
      vertex 171.95 64.9 2.4
      vertex 168.3 112.461 2.4
    endloop
  endfacet
  facet normal 0 0 1
    outer loop
      vertex 171.95 55.5 2.4
      vertex 168.441 8.00866 2.4
      vertex 168.589 8.05911 2.4
    endloop
  endfacet
  facet normal 0 0 1
    outer loop
      vertex 168.051 112.651 2.4
      vertex 171.95 64.9 2.4
      vertex 168.169 112.548 2.4
    endloop
  endfacet
  facet normal 0 0 1
    outer loop
      vertex 171.95 55.5 2.4
      vertex 168.3 7.93923 2.4
      vertex 168.441 8.00866 2.4
    endloop
  endfacet
  facet normal 0 0 1
    outer loop
      vertex 167.948 112.769 2.4
      vertex 171.95 64.9 2.4
      vertex 168.051 112.651 2.4
    endloop
  endfacet
  facet normal 0 0 1
    outer loop
      vertex 171.95 55.5 2.4
      vertex 168.169 7.85202 2.4
      vertex 168.3 7.93923 2.4
    endloop
  endfacet
  facet normal 0 0 1
    outer loop
      vertex 167.861 112.9 2.4
      vertex 171.95 64.9 2.4
      vertex 167.948 112.769 2.4
    endloop
  endfacet
  facet normal 0 0 1
    outer loop
      vertex 171.95 55.5 2.4
      vertex 168.051 7.74853 2.4
      vertex 168.169 7.85202 2.4
    endloop
  endfacet
  facet normal 0 0 1
    outer loop
      vertex 167.791 113.041 2.4
      vertex 53.3397 92.3434 2.4
      vertex 167.861 112.9 2.4
    endloop
  endfacet
  facet normal -0 0 1
    outer loop
      vertex 53.3091 69.7294 2.4
      vertex 171.95 55.5 2.4
      vertex 53.3397 69.8834 2.4
    endloop
  endfacet
  facet normal -0 0 1
    outer loop
      vertex 53.3397 69.8834 2.4
      vertex 171.95 64.9 2.4
      vertex 53.35 70.04 2.4
    endloop
  endfacet
  facet normal -0 0 1
    outer loop
      vertex 53.2587 69.5808 2.4
      vertex 171.95 55.5 2.4
      vertex 53.3091 69.7294 2.4
    endloop
  endfacet
  facet normal 0 0 1
    outer loop
      vertex 53.3397 92.3434 2.4
      vertex 167.791 113.041 2.4
      vertex 53.35 92.5 2.4
    endloop
  endfacet
  facet normal 0 0 1
    outer loop
      vertex 171.95 55.5 2.4
      vertex 167.948 7.63051 2.4
      vertex 168.051 7.74853 2.4
    endloop
  endfacet
  facet normal 0 0 1
    outer loop
      vertex 53.35 92.5 2.4
      vertex 167.791 113.041 2.4
      vertex 167.741 113.189 2.4
    endloop
  endfacet
  facet normal -0 0 1
    outer loop
      vertex 53.1892 69.44 2.4
      vertex 171.95 55.5 2.4
      vertex 53.2587 69.5808 2.4
    endloop
  endfacet
  facet normal 0 0 1
    outer loop
      vertex 53.3397 92.6566 2.4
      vertex 167.741 113.189 2.4
      vertex 167.71 113.343 2.4
    endloop
  endfacet
  facet normal 0 0 1
    outer loop
      vertex 171.95 55.5 2.4
      vertex 167.861 7.5 2.4
      vertex 167.948 7.63051 2.4
    endloop
  endfacet
  facet normal 0 0 1
    outer loop
      vertex 53.3091 92.8106 2.4
      vertex 167.71 113.343 2.4
      vertex 167.7 113.5 2.4
    endloop
  endfacet
  facet normal 0 0 1
    outer loop
      vertex 171.95 55.5 2.4
      vertex 53.1892 69.44 2.4
      vertex 167.861 7.5 2.4
    endloop
  endfacet
  facet normal 0 0 1
    outer loop
      vertex 174.973 1.56496 2.4
      vertex 169.749 6.05147 2.4
      vertex 174.628 1.17158 2.4
    endloop
  endfacet
  facet normal 0 0 1
    outer loop
      vertex 174.628 1.17158 2.4
      vertex 169.749 6.05147 2.4
      vertex 174.235 0.82659 2.4
    endloop
  endfacet
  facet normal 0 0 1
    outer loop
      vertex 174.235 0.82659 2.4
      vertex 169.749 6.05147 2.4
      vertex 173.8 0.53591 2.4
    endloop
  endfacet
  facet normal 0 0 1
    outer loop
      vertex 173.8 0.53591 2.4
      vertex 169.749 6.05147 2.4
      vertex 173.331 0.304495 2.4
    endloop
  endfacet
  facet normal 0 0 1
    outer loop
      vertex 173.331 0.304495 2.4
      vertex 169.749 6.05147 2.4
      vertex 172.835 0.136298 2.4
    endloop
  endfacet
  facet normal 0 0 1
    outer loop
      vertex 172.835 0.136298 2.4
      vertex 169.749 6.05147 2.4
      vertex 172.322 0.0342316 2.4
    endloop
  endfacet
  facet normal -0 0 1
    outer loop
      vertex 169.631 5.94798 2.4
      vertex 172.322 0.0342316 2.4
      vertex 169.749 6.05147 2.4
    endloop
  endfacet
  facet normal 0 0 1
    outer loop
      vertex 172.322 0.0342316 2.4
      vertex 169.631 5.94798 2.4
      vertex 171.8 6.10352e-06 2.4
    endloop
  endfacet
  facet normal -0 0 1
    outer loop
      vertex 169.5 5.86077 2.4
      vertex 171.8 6.10352e-06 2.4
      vertex 169.631 5.94798 2.4
    endloop
  endfacet
  facet normal -0 0 1
    outer loop
      vertex 169.359 5.79135 2.4
      vertex 171.8 6.10352e-06 2.4
      vertex 169.5 5.86077 2.4
    endloop
  endfacet
  facet normal -0 0 1
    outer loop
      vertex 169.211 5.74089 2.4
      vertex 171.8 6.10352e-06 2.4
      vertex 169.359 5.79135 2.4
    endloop
  endfacet
  facet normal -0 0 1
    outer loop
      vertex 169.057 5.71027 2.4
      vertex 171.8 6.10352e-06 2.4
      vertex 169.211 5.74089 2.4
    endloop
  endfacet
  facet normal -0 0 1
    outer loop
      vertex 168.9 5.7 2.4
      vertex 171.8 6.10352e-06 2.4
      vertex 169.057 5.71027 2.4
    endloop
  endfacet
  facet normal 0 0 1
    outer loop
      vertex 168.743 5.71027 2.4
      vertex 171.8 6.10352e-06 2.4
      vertex 168.9 5.7 2.4
    endloop
  endfacet
  facet normal 0 0 1
    outer loop
      vertex 168.589 5.74089 2.4
      vertex 171.8 6.10352e-06 2.4
      vertex 168.743 5.71027 2.4
    endloop
  endfacet
  facet normal 0 0 1
    outer loop
      vertex 168.441 5.79135 2.4
      vertex 171.8 6.10352e-06 2.4
      vertex 168.589 5.74089 2.4
    endloop
  endfacet
  facet normal 0 0 1
    outer loop
      vertex 168.3 5.86077 2.4
      vertex 171.8 6.10352e-06 2.4
      vertex 168.441 5.79135 2.4
    endloop
  endfacet
  facet normal 0 0 1
    outer loop
      vertex 168.169 5.94798 2.4
      vertex 171.8 6.10352e-06 2.4
      vertex 168.3 5.86077 2.4
    endloop
  endfacet
  facet normal 0 0 1
    outer loop
      vertex 168.051 6.05147 2.4
      vertex 171.8 6.10352e-06 2.4
      vertex 168.169 5.94798 2.4
    endloop
  endfacet
  facet normal 0 0 1
    outer loop
      vertex 167.948 6.16949 2.4
      vertex 171.8 6.10352e-06 2.4
      vertex 168.051 6.05147 2.4
    endloop
  endfacet
  facet normal 0 0 1
    outer loop
      vertex 167.861 6.3 2.4
      vertex 171.8 6.10352e-06 2.4
      vertex 167.948 6.16949 2.4
    endloop
  endfacet
  facet normal 0 0 1
    outer loop
      vertex 171.95 64.9 2.4
      vertex 53.3397 69.8834 2.4
      vertex 171.95 55.5 2.4
    endloop
  endfacet
  facet normal 0 0 1
    outer loop
      vertex 167.861 7.5 2.4
      vertex 53.1892 69.44 2.4
      vertex 167.791 7.35922 2.4
    endloop
  endfacet
  facet normal -0 0 1
    outer loop
      vertex 53.102 69.3095 2.4
      vertex 167.791 7.35922 2.4
      vertex 53.1892 69.44 2.4
    endloop
  endfacet
  facet normal 0 0 1
    outer loop
      vertex 167.791 7.35922 2.4
      vertex 53.102 69.3095 2.4
      vertex 167.741 7.21058 2.4
    endloop
  endfacet
  facet normal -0 0 1
    outer loop
      vertex 52.9985 69.1915 2.4
      vertex 167.741 7.21058 2.4
      vertex 53.102 69.3095 2.4
    endloop
  endfacet
  facet normal 0 0 1
    outer loop
      vertex 167.741 7.21058 2.4
      vertex 52.9985 69.1915 2.4
      vertex 167.71 7.05663 2.4
    endloop
  endfacet
  facet normal -0 0 1
    outer loop
      vertex 52.8805 69.088 2.4
      vertex 167.71 7.05663 2.4
      vertex 52.9985 69.1915 2.4
    endloop
  endfacet
  facet normal 0 0 1
    outer loop
      vertex 167.71 7.05663 2.4
      vertex 52.8805 69.088 2.4
      vertex 167.7 6.9 2.4
    endloop
  endfacet
  facet normal -0 0 1
    outer loop
      vertex 52.75 69.0008 2.4
      vertex 167.7 6.9 2.4
      vertex 52.8805 69.088 2.4
    endloop
  endfacet
  facet normal 0 0 1
    outer loop
      vertex 167.7 6.9 2.4
      vertex 52.75 69.0008 2.4
      vertex 167.71 6.74337 2.4
    endloop
  endfacet
  facet normal -0 0 1
    outer loop
      vertex 52.6092 68.9313 2.4
      vertex 167.71 6.74337 2.4
      vertex 52.75 69.0008 2.4
    endloop
  endfacet
  facet normal 0 0 1
    outer loop
      vertex 8.08973 6.74337 2.4
      vertex 167.71 6.74337 2.4
      vertex 52.6092 68.9313 2.4
    endloop
  endfacet
  facet normal 0 0 1
    outer loop
      vertex 167.71 6.74337 2.4
      vertex 8.08973 6.74337 2.4
      vertex 167.741 6.58942 2.4
    endloop
  endfacet
  facet normal 0 0 1
    outer loop
      vertex 8.05911 6.58942 2.4
      vertex 167.741 6.58942 2.4
      vertex 8.08973 6.74337 2.4
    endloop
  endfacet
  facet normal 0 0 1
    outer loop
      vertex 167.741 6.58942 2.4
      vertex 8.05911 6.58942 2.4
      vertex 167.791 6.44078 2.4
    endloop
  endfacet
  facet normal 0 0 1
    outer loop
      vertex 8.1 6.9 2.4
      vertex 52.6092 68.9313 2.4
      vertex 52.4606 68.8809 2.4
    endloop
  endfacet
  facet normal 0 0 1
    outer loop
      vertex 8.08973 7.05663 2.4
      vertex 52.4606 68.8809 2.4
      vertex 52.3066 68.8503 2.4
    endloop
  endfacet
  facet normal 0 0 1
    outer loop
      vertex 8.08973 7.05663 2.4
      vertex 52.3066 68.8503 2.4
      vertex 52.15 68.84 2.4
    endloop
  endfacet
  facet normal 0 0 1
    outer loop
      vertex 8.08973 7.05663 2.4
      vertex 52.15 68.84 2.4
      vertex 51.9934 68.8503 2.4
    endloop
  endfacet
  facet normal 0 0 1
    outer loop
      vertex 8.08973 7.05663 2.4
      vertex 51.9934 68.8503 2.4
      vertex 51.8394 68.8809 2.4
    endloop
  endfacet
  facet normal 0 0 1
    outer loop
      vertex 8.08973 7.05663 2.4
      vertex 51.8394 68.8809 2.4
      vertex 51.6908 68.9313 2.4
    endloop
  endfacet
  facet normal 0 0 1
    outer loop
      vertex 8.08973 7.05663 2.4
      vertex 51.6908 68.9313 2.4
      vertex 51.55 69.0008 2.4
    endloop
  endfacet
  facet normal 0 0 1
    outer loop
      vertex 50.9603 70.1966 2.4
      vertex 12.1 70.04 2.4
      vertex 50.95 70.04 2.4
    endloop
  endfacet
  facet normal 0 0 1
    outer loop
      vertex 50.95 70.04 2.4
      vertex 12.1 70.04 2.4
      vertex 50.9603 69.8834 2.4
    endloop
  endfacet
  facet normal 0 0 1
    outer loop
      vertex 12.0897 69.8834 2.4
      vertex 50.9603 69.8834 2.4
      vertex 12.1 70.04 2.4
    endloop
  endfacet
  facet normal 0 0 1
    outer loop
      vertex 50.9603 69.8834 2.4
      vertex 12.0897 69.8834 2.4
      vertex 50.9909 69.7294 2.4
    endloop
  endfacet
  facet normal 0 0 1
    outer loop
      vertex 12.0591 69.7294 2.4
      vertex 50.9909 69.7294 2.4
      vertex 12.0897 69.8834 2.4
    endloop
  endfacet
  facet normal 0 0 1
    outer loop
      vertex 50.9909 69.7294 2.4
      vertex 12.0591 69.7294 2.4
      vertex 51.0413 69.5808 2.4
    endloop
  endfacet
  facet normal 0 0 1
    outer loop
      vertex 12.0087 69.5808 2.4
      vertex 51.0413 69.5808 2.4
      vertex 12.0591 69.7294 2.4
    endloop
  endfacet
  facet normal 0 0 1
    outer loop
      vertex 51.0413 69.5808 2.4
      vertex 12.0087 69.5808 2.4
      vertex 51.1108 69.44 2.4
    endloop
  endfacet
  facet normal 0 0 1
    outer loop
      vertex 11.9392 69.44 2.4
      vertex 51.1108 69.44 2.4
      vertex 12.0087 69.5808 2.4
    endloop
  endfacet
  facet normal 0 0 1
    outer loop
      vertex 51.1108 69.44 2.4
      vertex 11.9392 69.44 2.4
      vertex 51.198 69.3095 2.4
    endloop
  endfacet
  facet normal 0 0 1
    outer loop
      vertex 11.852 69.3095 2.4
      vertex 51.198 69.3095 2.4
      vertex 11.9392 69.44 2.4
    endloop
  endfacet
  facet normal 0 0 1
    outer loop
      vertex 51.198 69.3095 2.4
      vertex 11.852 69.3095 2.4
      vertex 51.3015 69.1915 2.4
    endloop
  endfacet
  facet normal 0 0 1
    outer loop
      vertex 11.7485 69.1915 2.4
      vertex 51.3015 69.1915 2.4
      vertex 11.852 69.3095 2.4
    endloop
  endfacet
  facet normal 0 0 1
    outer loop
      vertex 51.3015 69.1915 2.4
      vertex 11.7485 69.1915 2.4
      vertex 51.4195 69.088 2.4
    endloop
  endfacet
  facet normal 0 0 1
    outer loop
      vertex 11.6305 69.088 2.4
      vertex 51.4195 69.088 2.4
      vertex 11.7485 69.1915 2.4
    endloop
  endfacet
  facet normal 0 0 1
    outer loop
      vertex 51.4195 69.088 2.4
      vertex 11.6305 69.088 2.4
      vertex 51.55 69.0008 2.4
    endloop
  endfacet
  facet normal 0 0 1
    outer loop
      vertex 11.5 69.0008 2.4
      vertex 51.55 69.0008 2.4
      vertex 11.6305 69.088 2.4
    endloop
  endfacet
  facet normal 0 0 1
    outer loop
      vertex 8.08973 7.05663 2.4
      vertex 51.55 69.0008 2.4
      vertex 11.5 69.0008 2.4
    endloop
  endfacet
  facet normal 0 0 1
    outer loop
      vertex 8.08973 7.05663 2.4
      vertex 11.5 69.0008 2.4
      vertex 11.3592 68.9313 2.4
    endloop
  endfacet
  facet normal 0 0 1
    outer loop
      vertex 8.08973 7.05663 2.4
      vertex 11.3592 68.9313 2.4
      vertex 11.2106 68.8809 2.4
    endloop
  endfacet
  facet normal 0 0 1
    outer loop
      vertex 8.08973 7.05663 2.4
      vertex 11.2106 68.8809 2.4
      vertex 11.0566 68.8503 2.4
    endloop
  endfacet
  facet normal 0 0 1
    outer loop
      vertex 8.08973 7.05663 2.4
      vertex 11.0566 68.8503 2.4
      vertex 10.9 68.84 2.4
    endloop
  endfacet
  facet normal 0 0 1
    outer loop
      vertex 8.08973 7.05663 2.4
      vertex 10.9 68.84 2.4
      vertex 10.7434 68.8503 2.4
    endloop
  endfacet
  facet normal 0 0 1
    outer loop
      vertex 8.08973 7.05663 2.4
      vertex 10.7434 68.8503 2.4
      vertex 10.5894 68.8809 2.4
    endloop
  endfacet
  facet normal 0 0 1
    outer loop
      vertex 8.08973 7.05663 2.4
      vertex 10.5894 68.8809 2.4
      vertex 10.4408 68.9313 2.4
    endloop
  endfacet
  facet normal 0 0 1
    outer loop
      vertex 9.74089 70.3506 2.4
      vertex 0 75.97 2.4
      vertex 9.71027 70.1966 2.4
    endloop
  endfacet
  facet normal 0 -0 1
    outer loop
      vertex 3.85 64.9 2.4
      vertex 9.71027 70.1966 2.4
      vertex 0 75.97 2.4
    endloop
  endfacet
  facet normal 0 0 1
    outer loop
      vertex 9.71027 70.1966 2.4
      vertex 3.85 64.9 2.4
      vertex 9.7 70.04 2.4
    endloop
  endfacet
  facet normal 0 0 1
    outer loop
      vertex 9.7 70.04 2.4
      vertex 3.85 64.9 2.4
      vertex 9.71027 69.8834 2.4
    endloop
  endfacet
  facet normal 0 0 1
    outer loop
      vertex 8.08973 7.05663 2.4
      vertex 9.79134 69.5808 2.4
      vertex 9.74089 69.7294 2.4
    endloop
  endfacet
  facet normal 0 0 1
    outer loop
      vertex 8.08973 7.05663 2.4
      vertex 9.86077 69.44 2.4
      vertex 9.79134 69.5808 2.4
    endloop
  endfacet
  facet normal 0 0 1
    outer loop
      vertex 8.08973 7.05663 2.4
      vertex 9.94798 69.3095 2.4
      vertex 9.86077 69.44 2.4
    endloop
  endfacet
  facet normal 0 0 1
    outer loop
      vertex 8.08973 7.05663 2.4
      vertex 10.0515 69.1915 2.4
      vertex 9.94798 69.3095 2.4
    endloop
  endfacet
  facet normal 0 0 1
    outer loop
      vertex 8.08973 7.05663 2.4
      vertex 10.1695 69.088 2.4
      vertex 10.0515 69.1915 2.4
    endloop
  endfacet
  facet normal 0 0 1
    outer loop
      vertex 8.08973 7.05663 2.4
      vertex 10.3 69.0008 2.4
      vertex 10.1695 69.088 2.4
    endloop
  endfacet
  facet normal 0 0 1
    outer loop
      vertex 8.08973 7.05663 2.4
      vertex 10.4408 68.9313 2.4
      vertex 10.3 69.0008 2.4
    endloop
  endfacet
  facet normal 0 0 1
    outer loop
      vertex 52.6092 68.9313 2.4
      vertex 8.1 6.9 2.4
      vertex 8.08973 6.74337 2.4
    endloop
  endfacet
  facet normal 0 0 1
    outer loop
      vertex 8.00865 6.44078 2.4
      vertex 167.791 6.44078 2.4
      vertex 8.05911 6.58942 2.4
    endloop
  endfacet
  facet normal 0 0 1
    outer loop
      vertex 167.791 6.44078 2.4
      vertex 8.00865 6.44078 2.4
      vertex 167.861 6.3 2.4
    endloop
  endfacet
  facet normal 0 0 1
    outer loop
      vertex 7.93923 6.3 2.4
      vertex 167.861 6.3 2.4
      vertex 8.00865 6.44078 2.4
    endloop
  endfacet
  facet normal 0 0 1
    outer loop
      vertex 167.861 6.3 2.4
      vertex 7.93923 6.3 2.4
      vertex 171.8 6.10352e-06 2.4
    endloop
  endfacet
  facet normal -0 0 1
    outer loop
      vertex 7.85202 6.16949 2.4
      vertex 171.8 6.10352e-06 2.4
      vertex 7.93923 6.3 2.4
    endloop
  endfacet
  facet normal 0 0 1
    outer loop
      vertex 4 6.10352e-06 2.4
      vertex 7.85202 6.16949 2.4
      vertex 7.74853 6.05147 2.4
    endloop
  endfacet
  facet normal 0 0 1
    outer loop
      vertex 4 6.10352e-06 2.4
      vertex 7.74853 6.05147 2.4
      vertex 7.63051 5.94798 2.4
    endloop
  endfacet
  facet normal 0 0 1
    outer loop
      vertex 4 6.10352e-06 2.4
      vertex 7.63051 5.94798 2.4
      vertex 7.5 5.86077 2.4
    endloop
  endfacet
  facet normal 0 0 1
    outer loop
      vertex 4 6.10352e-06 2.4
      vertex 7.5 5.86077 2.4
      vertex 7.35922 5.79135 2.4
    endloop
  endfacet
  facet normal 0 0 1
    outer loop
      vertex 4 6.10352e-06 2.4
      vertex 7.35922 5.79135 2.4
      vertex 7.21058 5.74089 2.4
    endloop
  endfacet
  facet normal 0 0 1
    outer loop
      vertex 4 6.10352e-06 2.4
      vertex 7.21058 5.74089 2.4
      vertex 7.05663 5.71027 2.4
    endloop
  endfacet
  facet normal 0 0 1
    outer loop
      vertex 4 6.10352e-06 2.4
      vertex 7.05663 5.71027 2.4
      vertex 6.9 5.7 2.4
    endloop
  endfacet
  facet normal 0 0 1
    outer loop
      vertex 7.85202 6.16949 2.4
      vertex 4 6.10352e-06 2.4
      vertex 171.8 6.10352e-06 2.4
    endloop
  endfacet
  facet normal 0 0 1
    outer loop
      vertex 6.74337 5.71027 2.4
      vertex 4 6.10352e-06 2.4
      vertex 6.9 5.7 2.4
    endloop
  endfacet
  facet normal 0 0 1
    outer loop
      vertex 6.58942 5.74089 2.4
      vertex 4 6.10352e-06 2.4
      vertex 6.74337 5.71027 2.4
    endloop
  endfacet
  facet normal 0 0 1
    outer loop
      vertex 6.44078 5.79135 2.4
      vertex 4 6.10352e-06 2.4
      vertex 6.58942 5.74089 2.4
    endloop
  endfacet
  facet normal 0 0 1
    outer loop
      vertex 6.3 5.86077 2.4
      vertex 4 6.10352e-06 2.4
      vertex 6.44078 5.79135 2.4
    endloop
  endfacet
  facet normal 0 0 1
    outer loop
      vertex 6.16949 5.94798 2.4
      vertex 4 6.10352e-06 2.4
      vertex 6.3 5.86077 2.4
    endloop
  endfacet
  facet normal 0 0 1
    outer loop
      vertex 6.05147 6.05147 2.4
      vertex 4 6.10352e-06 2.4
      vertex 6.16949 5.94798 2.4
    endloop
  endfacet
  facet normal 0 0 1
    outer loop
      vertex 5.94798 6.16949 2.4
      vertex 4 6.10352e-06 2.4
      vertex 6.05147 6.05147 2.4
    endloop
  endfacet
  facet normal 0 0 1
    outer loop
      vertex 5.86077 6.3 2.4
      vertex 4 6.10352e-06 2.4
      vertex 5.94798 6.16949 2.4
    endloop
  endfacet
  facet normal 0 0 1
    outer loop
      vertex 5.79134 6.44078 2.4
      vertex 4 6.10352e-06 2.4
      vertex 5.86077 6.3 2.4
    endloop
  endfacet
  facet normal 0 0 1
    outer loop
      vertex 5.74089 6.58942 2.4
      vertex 4 6.10352e-06 2.4
      vertex 5.79134 6.44078 2.4
    endloop
  endfacet
  facet normal 0 0 1
    outer loop
      vertex 5.71027 6.74337 2.4
      vertex 4 6.10352e-06 2.4
      vertex 5.74089 6.58942 2.4
    endloop
  endfacet
  facet normal 0 0 1
    outer loop
      vertex 4 6.10352e-06 2.4
      vertex 5.71027 6.74337 2.4
      vertex 5.7 6.9 2.4
    endloop
  endfacet
  facet normal 0 0 1
    outer loop
      vertex 10.7434 93.6897 2.4
      vertex 7.05663 112.31 2.4
      vertex 10.5894 93.6591 2.4
    endloop
  endfacet
  facet normal -0 0 1
    outer loop
      vertex 6.9 112.3 2.4
      vertex 10.5894 93.6591 2.4
      vertex 7.05663 112.31 2.4
    endloop
  endfacet
  facet normal 0 0 1
    outer loop
      vertex 10.5894 93.6591 2.4
      vertex 6.9 112.3 2.4
      vertex 10.4408 93.6087 2.4
    endloop
  endfacet
  facet normal 0 0 1
    outer loop
      vertex 6.74337 112.31 2.4
      vertex 10.4408 93.6087 2.4
      vertex 6.9 112.3 2.4
    endloop
  endfacet
  facet normal 0 0 1
    outer loop
      vertex 10.4408 93.6087 2.4
      vertex 6.74337 112.31 2.4
      vertex 10.3 93.5392 2.4
    endloop
  endfacet
  facet normal 0 0 1
    outer loop
      vertex 6.58942 112.341 2.4
      vertex 10.3 93.5392 2.4
      vertex 6.74337 112.31 2.4
    endloop
  endfacet
  facet normal 0 0 1
    outer loop
      vertex 10.3 93.5392 2.4
      vertex 6.58942 112.341 2.4
      vertex 10.1695 93.452 2.4
    endloop
  endfacet
  facet normal 0 0 1
    outer loop
      vertex 6.44078 112.391 2.4
      vertex 10.1695 93.452 2.4
      vertex 6.58942 112.341 2.4
    endloop
  endfacet
  facet normal 0 0 1
    outer loop
      vertex 10.1695 93.452 2.4
      vertex 6.44078 112.391 2.4
      vertex 10.0515 93.3485 2.4
    endloop
  endfacet
  facet normal 0 0 1
    outer loop
      vertex 6.3 112.461 2.4
      vertex 10.0515 93.3485 2.4
      vertex 6.44078 112.391 2.4
    endloop
  endfacet
  facet normal 0 0 1
    outer loop
      vertex 10.0515 93.3485 2.4
      vertex 6.3 112.461 2.4
      vertex 9.94798 93.2305 2.4
    endloop
  endfacet
  facet normal 0 0 1
    outer loop
      vertex 6.16949 112.548 2.4
      vertex 9.94798 93.2305 2.4
      vertex 6.3 112.461 2.4
    endloop
  endfacet
  facet normal 0 0 1
    outer loop
      vertex 9.94798 93.2305 2.4
      vertex 6.16949 112.548 2.4
      vertex 9.86077 93.1 2.4
    endloop
  endfacet
  facet normal 0 0 1
    outer loop
      vertex 0 86.57 2.4
      vertex 9.86077 93.1 2.4
      vertex 6.16949 112.548 2.4
    endloop
  endfacet
  facet normal 0 0 1
    outer loop
      vertex 9.86077 93.1 2.4
      vertex 0 86.57 2.4
      vertex 9.79134 92.9592 2.4
    endloop
  endfacet
  facet normal 0 0 1
    outer loop
      vertex 9.79134 92.9592 2.4
      vertex 0 86.57 2.4
      vertex 9.74089 92.8106 2.4
    endloop
  endfacet
  facet normal 0 0 1
    outer loop
      vertex 9.74089 92.8106 2.4
      vertex 0 86.57 2.4
      vertex 9.71027 92.6566 2.4
    endloop
  endfacet
  facet normal 0 0 1
    outer loop
      vertex 0 86.57 2.4
      vertex 6.16949 112.548 2.4
      vertex 6.05147 112.651 2.4
    endloop
  endfacet
  facet normal 0 0 1
    outer loop
      vertex 0 116.4 2.4
      vertex 6.05147 112.651 2.4
      vertex 5.94798 112.769 2.4
    endloop
  endfacet
  facet normal 0 0 1
    outer loop
      vertex 0 116.4 2.4
      vertex 5.94798 112.769 2.4
      vertex 5.86077 112.9 2.4
    endloop
  endfacet
  facet normal 0 0 1
    outer loop
      vertex 0 116.4 2.4
      vertex 5.86077 112.9 2.4
      vertex 5.79134 113.041 2.4
    endloop
  endfacet
  facet normal 0 0 1
    outer loop
      vertex 0 116.4 2.4
      vertex 5.79134 113.041 2.4
      vertex 5.74089 113.189 2.4
    endloop
  endfacet
  facet normal 0 0 1
    outer loop
      vertex 0 116.4 2.4
      vertex 5.74089 113.189 2.4
      vertex 5.71027 113.343 2.4
    endloop
  endfacet
  facet normal -0 0 1
    outer loop
      vertex 0.826584 118.835 2.4
      vertex 6.05147 114.349 2.4
      vertex 1.17157 119.228 2.4
    endloop
  endfacet
  facet normal -0 0 1
    outer loop
      vertex 0.535904 118.4 2.4
      vertex 6.05147 114.349 2.4
      vertex 0.826584 118.835 2.4
    endloop
  endfacet
  facet normal -0 0 1
    outer loop
      vertex 0.304489 117.931 2.4
      vertex 6.05147 114.349 2.4
      vertex 0.535904 118.4 2.4
    endloop
  endfacet
  facet normal -0 0 1
    outer loop
      vertex 0.136292 117.435 2.4
      vertex 6.05147 114.349 2.4
      vertex 0.304489 117.931 2.4
    endloop
  endfacet
  facet normal 0 0 1
    outer loop
      vertex 6.05147 114.349 2.4
      vertex 0.136292 117.435 2.4
      vertex 5.94798 114.231 2.4
    endloop
  endfacet
  facet normal -0 0 1
    outer loop
      vertex 0.0342255 116.922 2.4
      vertex 5.94798 114.231 2.4
      vertex 0.136292 117.435 2.4
    endloop
  endfacet
  facet normal -0 0 1
    outer loop
      vertex 0 116.4 2.4
      vertex 5.94798 114.231 2.4
      vertex 0.0342255 116.922 2.4
    endloop
  endfacet
  facet normal 0 0 1
    outer loop
      vertex 5.94798 114.231 2.4
      vertex 0 116.4 2.4
      vertex 5.86077 114.1 2.4
    endloop
  endfacet
  facet normal 0 0 1
    outer loop
      vertex 5.86077 114.1 2.4
      vertex 0 116.4 2.4
      vertex 5.79134 113.959 2.4
    endloop
  endfacet
  facet normal 0 0 1
    outer loop
      vertex 5.79134 113.959 2.4
      vertex 0 116.4 2.4
      vertex 5.74089 113.811 2.4
    endloop
  endfacet
  facet normal 0 0 1
    outer loop
      vertex 5.74089 113.811 2.4
      vertex 0 116.4 2.4
      vertex 5.71027 113.657 2.4
    endloop
  endfacet
  facet normal 0 0 1
    outer loop
      vertex 5.71027 113.657 2.4
      vertex 0 116.4 2.4
      vertex 5.7 113.5 2.4
    endloop
  endfacet
  facet normal 0 0 1
    outer loop
      vertex 5.7 113.5 2.4
      vertex 0 116.4 2.4
      vertex 5.71027 113.343 2.4
    endloop
  endfacet
  facet normal 0 0 1
    outer loop
      vertex 6.05147 112.651 2.4
      vertex 0 116.4 2.4
      vertex 0 86.57 2.4
    endloop
  endfacet
  facet normal 0 0 1
    outer loop
      vertex 9.71027 92.6566 2.4
      vertex 0 86.57 2.4
      vertex 8.38 86.57 2.4
    endloop
  endfacet
  facet normal 0 0 1
    outer loop
      vertex 170.1 113.5 2.4
      vertex 175.8 116.4 2.4
      vertex 175.766 116.922 2.4
    endloop
  endfacet
  facet normal 0 0 1
    outer loop
      vertex 175.8 116.4 2.4
      vertex 173.15 64.9 2.4
      vertex 175.8 4.00001 2.4
    endloop
  endfacet
  facet normal 0 0 1
    outer loop
      vertex 170.1 113.5 2.4
      vertex 175.766 116.922 2.4
      vertex 175.664 117.435 2.4
    endloop
  endfacet
  facet normal -0 0 1
    outer loop
      vertex 173.15 55.5 2.4
      vertex 175.8 4.00001 2.4
      vertex 173.15 64.9 2.4
    endloop
  endfacet
  facet normal 0 0 1
    outer loop
      vertex 170.1 113.5 2.4
      vertex 175.664 117.435 2.4
      vertex 175.495 117.931 2.4
    endloop
  endfacet
  facet normal 0 0 1
    outer loop
      vertex 170.1 6.9 2.4
      vertex 173.15 55.5 2.4
      vertex 171.95 55.5 2.4
    endloop
  endfacet
  facet normal 0 0 1
    outer loop
      vertex 170.1 113.5 2.4
      vertex 175.495 117.931 2.4
      vertex 175.264 118.4 2.4
    endloop
  endfacet
  facet normal 0 0 1
    outer loop
      vertex 173.15 55.5 2.4
      vertex 170.1 6.9 2.4
      vertex 175.8 4.00001 2.4
    endloop
  endfacet
  facet normal 0 0 1
    outer loop
      vertex 170.1 113.5 2.4
      vertex 175.264 118.4 2.4
      vertex 174.973 118.835 2.4
    endloop
  endfacet
  facet normal -0 0 1
    outer loop
      vertex 170.09 6.74337 2.4
      vertex 175.8 4.00001 2.4
      vertex 170.1 6.9 2.4
    endloop
  endfacet
  facet normal 0 0 1
    outer loop
      vertex 170.1 113.5 2.4
      vertex 174.973 118.835 2.4
      vertex 174.628 119.228 2.4
    endloop
  endfacet
  facet normal -0 0 1
    outer loop
      vertex 170.059 6.58942 2.4
      vertex 175.8 4.00001 2.4
      vertex 170.09 6.74337 2.4
    endloop
  endfacet
  facet normal 0 0 1
    outer loop
      vertex 170.1 113.5 2.4
      vertex 174.628 119.228 2.4
      vertex 174.235 119.573 2.4
    endloop
  endfacet
  facet normal -0 0 1
    outer loop
      vertex 170.009 6.44078 2.4
      vertex 175.8 4.00001 2.4
      vertex 170.059 6.58942 2.4
    endloop
  endfacet
  facet normal 0 0 1
    outer loop
      vertex 170.1 113.5 2.4
      vertex 174.235 119.573 2.4
      vertex 173.8 119.864 2.4
    endloop
  endfacet
  facet normal -0 0 1
    outer loop
      vertex 169.939 6.3 2.4
      vertex 175.8 4.00001 2.4
      vertex 170.009 6.44078 2.4
    endloop
  endfacet
  facet normal 0 0 1
    outer loop
      vertex 170.1 113.5 2.4
      vertex 173.8 119.864 2.4
      vertex 173.331 120.096 2.4
    endloop
  endfacet
  facet normal -0 0 1
    outer loop
      vertex 169.852 6.16949 2.4
      vertex 175.8 4.00001 2.4
      vertex 169.939 6.3 2.4
    endloop
  endfacet
  facet normal 0 0 1
    outer loop
      vertex 175.8 4.00001 2.4
      vertex 169.852 6.16949 2.4
      vertex 175.766 3.4779 2.4
    endloop
  endfacet
  facet normal 0 0 1
    outer loop
      vertex 170.1 113.5 2.4
      vertex 173.331 120.096 2.4
      vertex 172.835 120.264 2.4
    endloop
  endfacet
  facet normal 0 0 1
    outer loop
      vertex 170.1 113.5 2.4
      vertex 172.835 120.264 2.4
      vertex 172.322 120.366 2.4
    endloop
  endfacet
  facet normal 0 0 1
    outer loop
      vertex 170.09 113.343 2.4
      vertex 175.8 116.4 2.4
      vertex 170.1 113.5 2.4
    endloop
  endfacet
  facet normal 0 0 1
    outer loop
      vertex 170.059 113.189 2.4
      vertex 175.8 116.4 2.4
      vertex 170.09 113.343 2.4
    endloop
  endfacet
  facet normal 0 0 1
    outer loop
      vertex 170.1 113.5 2.4
      vertex 172.322 120.366 2.4
      vertex 171.8 120.4 2.4
    endloop
  endfacet
  facet normal 0 0 1
    outer loop
      vertex 175.766 3.4779 2.4
      vertex 169.852 6.16949 2.4
      vertex 175.664 2.96473 2.4
    endloop
  endfacet
  facet normal -0 0 1
    outer loop
      vertex 169.749 6.05147 2.4
      vertex 175.664 2.96473 2.4
      vertex 169.852 6.16949 2.4
    endloop
  endfacet
  facet normal 0 0 1
    outer loop
      vertex 175.664 2.96473 2.4
      vertex 169.749 6.05147 2.4
      vertex 175.495 2.46927 2.4
    endloop
  endfacet
  facet normal 0 0 1
    outer loop
      vertex 175.495 2.46927 2.4
      vertex 169.749 6.05147 2.4
      vertex 175.264 2.00001 2.4
    endloop
  endfacet
  facet normal 0 0 1
    outer loop
      vertex 175.264 2.00001 2.4
      vertex 169.749 6.05147 2.4
      vertex 174.973 1.56496 2.4
    endloop
  endfacet
  facet normal 0 0 1
    outer loop
      vertex 170.009 113.041 2.4
      vertex 175.8 116.4 2.4
      vertex 170.059 113.189 2.4
    endloop
  endfacet
  facet normal 0 0 1
    outer loop
      vertex 169.939 112.9 2.4
      vertex 175.8 116.4 2.4
      vertex 170.009 113.041 2.4
    endloop
  endfacet
  facet normal 0 0 1
    outer loop
      vertex 171.8 120.4 2.4
      vertex 170.09 113.657 2.4
      vertex 170.1 113.5 2.4
    endloop
  endfacet
  facet normal 0 0 1
    outer loop
      vertex 171.8 120.4 2.4
      vertex 170.059 113.811 2.4
      vertex 170.09 113.657 2.4
    endloop
  endfacet
  facet normal 0 0 1
    outer loop
      vertex 171.8 120.4 2.4
      vertex 170.009 113.959 2.4
      vertex 170.059 113.811 2.4
    endloop
  endfacet
  facet normal 0 0 1
    outer loop
      vertex 171.8 120.4 2.4
      vertex 169.939 114.1 2.4
      vertex 170.009 113.959 2.4
    endloop
  endfacet
  facet normal 0 0 1
    outer loop
      vertex 171.8 120.4 2.4
      vertex 169.852 114.231 2.4
      vertex 169.939 114.1 2.4
    endloop
  endfacet
  facet normal 0 0 1
    outer loop
      vertex 171.8 120.4 2.4
      vertex 169.749 114.349 2.4
      vertex 169.852 114.231 2.4
    endloop
  endfacet
  facet normal 0 0 1
    outer loop
      vertex 171.8 120.4 2.4
      vertex 169.631 114.452 2.4
      vertex 169.749 114.349 2.4
    endloop
  endfacet
  facet normal 0 0 1
    outer loop
      vertex 171.8 120.4 2.4
      vertex 169.5 114.539 2.4
      vertex 169.631 114.452 2.4
    endloop
  endfacet
  facet normal 0 0 1
    outer loop
      vertex 171.8 120.4 2.4
      vertex 169.359 114.609 2.4
      vertex 169.5 114.539 2.4
    endloop
  endfacet
  facet normal 0 0 1
    outer loop
      vertex 171.8 120.4 2.4
      vertex 169.211 114.659 2.4
      vertex 169.359 114.609 2.4
    endloop
  endfacet
  facet normal 0 0 1
    outer loop
      vertex 171.8 120.4 2.4
      vertex 169.057 114.69 2.4
      vertex 169.211 114.659 2.4
    endloop
  endfacet
  facet normal 0 0 1
    outer loop
      vertex 171.8 120.4 2.4
      vertex 168.9 114.7 2.4
      vertex 169.057 114.69 2.4
    endloop
  endfacet
  facet normal 0 0 1
    outer loop
      vertex 171.8 120.4 2.4
      vertex 168.743 114.69 2.4
      vertex 168.9 114.7 2.4
    endloop
  endfacet
  facet normal 0 0 1
    outer loop
      vertex 171.8 120.4 2.4
      vertex 168.589 114.659 2.4
      vertex 168.743 114.69 2.4
    endloop
  endfacet
  facet normal 0 0 1
    outer loop
      vertex 171.8 120.4 2.4
      vertex 168.441 114.609 2.4
      vertex 168.589 114.659 2.4
    endloop
  endfacet
  facet normal 0 0 1
    outer loop
      vertex 171.8 120.4 2.4
      vertex 168.3 114.539 2.4
      vertex 168.441 114.609 2.4
    endloop
  endfacet
  facet normal 0 0 1
    outer loop
      vertex 171.8 120.4 2.4
      vertex 168.169 114.452 2.4
      vertex 168.3 114.539 2.4
    endloop
  endfacet
  facet normal 0 0 1
    outer loop
      vertex 171.8 120.4 2.4
      vertex 168.051 114.349 2.4
      vertex 168.169 114.452 2.4
    endloop
  endfacet
  facet normal 0 0 1
    outer loop
      vertex 171.8 120.4 2.4
      vertex 167.948 114.231 2.4
      vertex 168.051 114.349 2.4
    endloop
  endfacet
  facet normal 0 0 1
    outer loop
      vertex 52.8805 93.452 2.4
      vertex 167.948 114.231 2.4
      vertex 171.8 120.4 2.4
    endloop
  endfacet
  facet normal 0 0 1
    outer loop
      vertex 167.861 112.9 2.4
      vertex 53.3397 92.3434 2.4
      vertex 171.95 64.9 2.4
    endloop
  endfacet
  facet normal 0 0 1
    outer loop
      vertex 53.2587 92.9592 2.4
      vertex 167.7 113.5 2.4
      vertex 167.71 113.657 2.4
    endloop
  endfacet
  facet normal 0 0 1
    outer loop
      vertex 53.1892 93.1 2.4
      vertex 167.71 113.657 2.4
      vertex 167.741 113.811 2.4
    endloop
  endfacet
  facet normal 0 0 1
    outer loop
      vertex 53.102 93.2305 2.4
      vertex 167.741 113.811 2.4
      vertex 167.791 113.959 2.4
    endloop
  endfacet
  facet normal 0 0 1
    outer loop
      vertex 52.9985 93.3485 2.4
      vertex 167.791 113.959 2.4
      vertex 167.861 114.1 2.4
    endloop
  endfacet
  facet normal 0 0 1
    outer loop
      vertex 167.948 114.231 2.4
      vertex 52.8805 93.452 2.4
      vertex 167.861 114.1 2.4
    endloop
  endfacet
  facet normal 0 0 1
    outer loop
      vertex 167.741 113.189 2.4
      vertex 53.3397 92.6566 2.4
      vertex 53.35 92.5 2.4
    endloop
  endfacet
  facet normal 0 0 1
    outer loop
      vertex 167.71 113.343 2.4
      vertex 53.3091 92.8106 2.4
      vertex 53.3397 92.6566 2.4
    endloop
  endfacet
  facet normal 0 0 1
    outer loop
      vertex 167.7 113.5 2.4
      vertex 53.2587 92.9592 2.4
      vertex 53.3091 92.8106 2.4
    endloop
  endfacet
  facet normal 0 0 1
    outer loop
      vertex 167.71 113.657 2.4
      vertex 53.1892 93.1 2.4
      vertex 53.2587 92.9592 2.4
    endloop
  endfacet
  facet normal 0 0 1
    outer loop
      vertex 167.741 113.811 2.4
      vertex 53.102 93.2305 2.4
      vertex 53.1892 93.1 2.4
    endloop
  endfacet
  facet normal 0 0 1
    outer loop
      vertex 167.791 113.959 2.4
      vertex 52.9985 93.3485 2.4
      vertex 53.102 93.2305 2.4
    endloop
  endfacet
  facet normal 0 0 1
    outer loop
      vertex 167.861 114.1 2.4
      vertex 52.8805 93.452 2.4
      vertex 52.9985 93.3485 2.4
    endloop
  endfacet
  facet normal 0 0 1
    outer loop
      vertex 171.8 120.4 2.4
      vertex 52.75 93.5392 2.4
      vertex 52.8805 93.452 2.4
    endloop
  endfacet
  facet normal 0 0 1
    outer loop
      vertex 171.8 120.4 2.4
      vertex 52.6092 93.6087 2.4
      vertex 52.75 93.5392 2.4
    endloop
  endfacet
  facet normal 0 0 1
    outer loop
      vertex 171.8 120.4 2.4
      vertex 52.4606 93.6591 2.4
      vertex 52.6092 93.6087 2.4
    endloop
  endfacet
  facet normal -0 0 1
    outer loop
      vertex 4 120.4 2.4
      vertex 52.4606 93.6591 2.4
      vertex 171.8 120.4 2.4
    endloop
  endfacet
  facet normal 0 0 1
    outer loop
      vertex 52.4606 93.6591 2.4
      vertex 4 120.4 2.4
      vertex 52.3066 93.6897 2.4
    endloop
  endfacet
  facet normal 0 0 1
    outer loop
      vertex 52.3066 93.6897 2.4
      vertex 4 120.4 2.4
      vertex 52.15 93.7 2.4
    endloop
  endfacet
  facet normal 0 0 1
    outer loop
      vertex 52.15 93.7 2.4
      vertex 4 120.4 2.4
      vertex 51.9934 93.6897 2.4
    endloop
  endfacet
  facet normal 0 0 1
    outer loop
      vertex 50.9909 70.3506 2.4
      vertex 12.1 70.04 2.4
      vertex 50.9603 70.1966 2.4
    endloop
  endfacet
  facet normal 0 0 1
    outer loop
      vertex 50.9603 92.6566 2.4
      vertex 12.1 92.5 2.4
      vertex 50.95 92.5 2.4
    endloop
  endfacet
  facet normal 0 0 1
    outer loop
      vertex 12.0897 92.6566 2.4
      vertex 50.9603 92.6566 2.4
      vertex 50.9909 92.8106 2.4
    endloop
  endfacet
  facet normal 0 0 1
    outer loop
      vertex 12.0591 92.8106 2.4
      vertex 50.9909 92.8106 2.4
      vertex 51.0413 92.9592 2.4
    endloop
  endfacet
  facet normal 0 0 1
    outer loop
      vertex 12.0087 92.9592 2.4
      vertex 51.0413 92.9592 2.4
      vertex 51.1108 93.1 2.4
    endloop
  endfacet
  facet normal 0 0 1
    outer loop
      vertex 11.9392 93.1 2.4
      vertex 51.1108 93.1 2.4
      vertex 51.198 93.2305 2.4
    endloop
  endfacet
  facet normal -0 0 1
    outer loop
      vertex 8.08973 113.343 2.4
      vertex 51.3015 93.3485 2.4
      vertex 8.1 113.5 2.4
    endloop
  endfacet
  facet normal 0 0 1
    outer loop
      vertex 8.1 113.5 2.4
      vertex 51.3015 93.3485 2.4
      vertex 51.4195 93.452 2.4
    endloop
  endfacet
  facet normal 0 0 1
    outer loop
      vertex 8.08973 113.657 2.4
      vertex 51.4195 93.452 2.4
      vertex 51.55 93.5392 2.4
    endloop
  endfacet
  facet normal 0 0 1
    outer loop
      vertex 8.05911 113.811 2.4
      vertex 51.55 93.5392 2.4
      vertex 51.6908 93.6087 2.4
    endloop
  endfacet
  facet normal 0 0 1
    outer loop
      vertex 8.00865 113.959 2.4
      vertex 51.6908 93.6087 2.4
      vertex 51.8394 93.6591 2.4
    endloop
  endfacet
  facet normal -0 -0 1
    outer loop
      vertex 7.85202 114.231 2.4
      vertex 51.9934 93.6897 2.4
      vertex 4 120.4 2.4
    endloop
  endfacet
  facet normal 0 0 1
    outer loop
      vertex 50.9603 92.6566 2.4
      vertex 12.0897 92.6566 2.4
      vertex 12.1 92.5 2.4
    endloop
  endfacet
  facet normal 0 0 1
    outer loop
      vertex 50.9909 92.8106 2.4
      vertex 12.0591 92.8106 2.4
      vertex 12.0897 92.6566 2.4
    endloop
  endfacet
  facet normal 0 0 1
    outer loop
      vertex 51.3015 93.3485 2.4
      vertex 8.08973 113.343 2.4
      vertex 51.198 93.2305 2.4
    endloop
  endfacet
  facet normal 0 0 1
    outer loop
      vertex 51.0413 92.9592 2.4
      vertex 12.0087 92.9592 2.4
      vertex 12.0591 92.8106 2.4
    endloop
  endfacet
  facet normal 0 0 1
    outer loop
      vertex 51.1108 93.1 2.4
      vertex 11.9392 93.1 2.4
      vertex 12.0087 92.9592 2.4
    endloop
  endfacet
  facet normal 0 0 1
    outer loop
      vertex 51.198 93.2305 2.4
      vertex 11.852 93.2305 2.4
      vertex 11.9392 93.1 2.4
    endloop
  endfacet
  facet normal -0 0 1
    outer loop
      vertex 8.05911 113.189 2.4
      vertex 51.198 93.2305 2.4
      vertex 8.08973 113.343 2.4
    endloop
  endfacet
  facet normal 0 0 1
    outer loop
      vertex 51.198 93.2305 2.4
      vertex 8.05911 113.189 2.4
      vertex 11.852 93.2305 2.4
    endloop
  endfacet
  facet normal -0 0 1
    outer loop
      vertex 8.00865 113.041 2.4
      vertex 11.852 93.2305 2.4
      vertex 8.05911 113.189 2.4
    endloop
  endfacet
  facet normal 0 0 1
    outer loop
      vertex 11.852 93.2305 2.4
      vertex 8.00865 113.041 2.4
      vertex 11.7485 93.3485 2.4
    endloop
  endfacet
  facet normal -0 0 1
    outer loop
      vertex 7.93923 112.9 2.4
      vertex 11.7485 93.3485 2.4
      vertex 8.00865 113.041 2.4
    endloop
  endfacet
  facet normal 0 0 1
    outer loop
      vertex 11.7485 93.3485 2.4
      vertex 7.93923 112.9 2.4
      vertex 11.6305 93.452 2.4
    endloop
  endfacet
  facet normal -0 0 1
    outer loop
      vertex 7.85202 112.769 2.4
      vertex 11.6305 93.452 2.4
      vertex 7.93923 112.9 2.4
    endloop
  endfacet
  facet normal -0 0 1
    outer loop
      vertex 0 75.97 2.4
      vertex 9.74089 70.3506 2.4
      vertex 8.38 75.97 2.4
    endloop
  endfacet
  facet normal 0 0 1
    outer loop
      vertex 9.71027 92.6566 2.4
      vertex 8.38 86.57 2.4
      vertex 9.7 92.5 2.4
    endloop
  endfacet
  facet normal 0 0 1
    outer loop
      vertex 10.9 93.7 2.4
      vertex 7.21058 112.341 2.4
      vertex 10.7434 93.6897 2.4
    endloop
  endfacet
  facet normal -0 0 1
    outer loop
      vertex 7.05663 112.31 2.4
      vertex 10.7434 93.6897 2.4
      vertex 7.21058 112.341 2.4
    endloop
  endfacet
  facet normal -0 0 1
    outer loop
      vertex 7.21058 112.341 2.4
      vertex 10.9 93.7 2.4
      vertex 7.35922 112.391 2.4
    endloop
  endfacet
  facet normal 0 0 1
    outer loop
      vertex 11.0566 93.6897 2.4
      vertex 7.35922 112.391 2.4
      vertex 10.9 93.7 2.4
    endloop
  endfacet
  facet normal -0 0 1
    outer loop
      vertex 7.35922 112.391 2.4
      vertex 11.0566 93.6897 2.4
      vertex 7.5 112.461 2.4
    endloop
  endfacet
  facet normal 0 0 1
    outer loop
      vertex 11.2106 93.6591 2.4
      vertex 7.5 112.461 2.4
      vertex 11.0566 93.6897 2.4
    endloop
  endfacet
  facet normal -0 0 1
    outer loop
      vertex 7.5 112.461 2.4
      vertex 11.2106 93.6591 2.4
      vertex 7.63051 112.548 2.4
    endloop
  endfacet
  facet normal 0 0 1
    outer loop
      vertex 11.3592 93.6087 2.4
      vertex 7.63051 112.548 2.4
      vertex 11.2106 93.6591 2.4
    endloop
  endfacet
  facet normal -0 0 1
    outer loop
      vertex 7.63051 112.548 2.4
      vertex 11.3592 93.6087 2.4
      vertex 7.74853 112.651 2.4
    endloop
  endfacet
  facet normal 0 0 1
    outer loop
      vertex 11.5 93.5392 2.4
      vertex 7.74853 112.651 2.4
      vertex 11.3592 93.6087 2.4
    endloop
  endfacet
  facet normal -0 0 1
    outer loop
      vertex 7.74853 112.651 2.4
      vertex 11.5 93.5392 2.4
      vertex 7.85202 112.769 2.4
    endloop
  endfacet
  facet normal 0 0 1
    outer loop
      vertex 11.6305 93.452 2.4
      vertex 7.85202 112.769 2.4
      vertex 11.5 93.5392 2.4
    endloop
  endfacet
  facet normal 0 0 1
    outer loop
      vertex 51.4195 93.452 2.4
      vertex 8.08973 113.657 2.4
      vertex 8.1 113.5 2.4
    endloop
  endfacet
  facet normal 0 0 1
    outer loop
      vertex 51.55 93.5392 2.4
      vertex 8.05911 113.811 2.4
      vertex 8.08973 113.657 2.4
    endloop
  endfacet
  facet normal 0 0 1
    outer loop
      vertex 51.6908 93.6087 2.4
      vertex 8.00865 113.959 2.4
      vertex 8.05911 113.811 2.4
    endloop
  endfacet
  facet normal 0 0 1
    outer loop
      vertex 51.8394 93.6591 2.4
      vertex 7.93923 114.1 2.4
      vertex 8.00865 113.959 2.4
    endloop
  endfacet
  facet normal 0 0 1
    outer loop
      vertex 51.9934 93.6897 2.4
      vertex 7.93923 114.1 2.4
      vertex 51.8394 93.6591 2.4
    endloop
  endfacet
  facet normal -0 -0 1
    outer loop
      vertex 7.93923 114.1 2.4
      vertex 51.9934 93.6897 2.4
      vertex 7.85202 114.231 2.4
    endloop
  endfacet
  facet normal 0 0 1
    outer loop
      vertex 7.85202 114.231 2.4
      vertex 4 120.4 2.4
      vertex 7.74853 114.349 2.4
    endloop
  endfacet
  facet normal 0 0 1
    outer loop
      vertex 7.74853 114.349 2.4
      vertex 4 120.4 2.4
      vertex 7.63051 114.452 2.4
    endloop
  endfacet
  facet normal 0 0 1
    outer loop
      vertex 7.63051 114.452 2.4
      vertex 4 120.4 2.4
      vertex 7.5 114.539 2.4
    endloop
  endfacet
  facet normal 0 0 1
    outer loop
      vertex 7.5 114.539 2.4
      vertex 4 120.4 2.4
      vertex 7.35922 114.609 2.4
    endloop
  endfacet
  facet normal 0 0 1
    outer loop
      vertex 7.35922 114.609 2.4
      vertex 4 120.4 2.4
      vertex 7.21058 114.659 2.4
    endloop
  endfacet
  facet normal 0 0 1
    outer loop
      vertex 7.21058 114.659 2.4
      vertex 4 120.4 2.4
      vertex 7.05663 114.69 2.4
    endloop
  endfacet
  facet normal -0 0 1
    outer loop
      vertex 1.17157 119.228 2.4
      vertex 6.05147 114.349 2.4
      vertex 1.56496 119.573 2.4
    endloop
  endfacet
  facet normal -0 0 1
    outer loop
      vertex 1.56496 119.573 2.4
      vertex 6.05147 114.349 2.4
      vertex 2 119.864 2.4
    endloop
  endfacet
  facet normal -0 0 1
    outer loop
      vertex 2 119.864 2.4
      vertex 6.05147 114.349 2.4
      vertex 2.46927 120.096 2.4
    endloop
  endfacet
  facet normal -0 0 1
    outer loop
      vertex 2.46927 120.096 2.4
      vertex 6.05147 114.349 2.4
      vertex 2.96472 120.264 2.4
    endloop
  endfacet
  facet normal -0 0 1
    outer loop
      vertex 2.96472 120.264 2.4
      vertex 6.05147 114.349 2.4
      vertex 3.47789 120.366 2.4
    endloop
  endfacet
  facet normal 0 0 1
    outer loop
      vertex 6.16949 114.452 2.4
      vertex 3.47789 120.366 2.4
      vertex 6.05147 114.349 2.4
    endloop
  endfacet
  facet normal -0 0 1
    outer loop
      vertex 3.47789 120.366 2.4
      vertex 6.16949 114.452 2.4
      vertex 4 120.4 2.4
    endloop
  endfacet
  facet normal 0 0 1
    outer loop
      vertex 6.3 114.539 2.4
      vertex 4 120.4 2.4
      vertex 6.16949 114.452 2.4
    endloop
  endfacet
  facet normal 0 0 1
    outer loop
      vertex 6.44078 114.609 2.4
      vertex 4 120.4 2.4
      vertex 6.3 114.539 2.4
    endloop
  endfacet
  facet normal 0 0 1
    outer loop
      vertex 6.58942 114.659 2.4
      vertex 4 120.4 2.4
      vertex 6.44078 114.609 2.4
    endloop
  endfacet
  facet normal 0 0 1
    outer loop
      vertex 6.74337 114.69 2.4
      vertex 4 120.4 2.4
      vertex 6.58942 114.659 2.4
    endloop
  endfacet
  facet normal 0 0 1
    outer loop
      vertex 6.9 114.7 2.4
      vertex 4 120.4 2.4
      vertex 6.74337 114.69 2.4
    endloop
  endfacet
  facet normal 0 0 1
    outer loop
      vertex 7.05663 114.69 2.4
      vertex 4 120.4 2.4
      vertex 6.9 114.7 2.4
    endloop
  endfacet
  facet normal 0.997886 0.0649964 0
    outer loop
      vertex 175.8 116.4 2.4
      vertex 175.766 116.922 3.8147e-07
      vertex 175.766 116.922 2.4
    endloop
  endfacet
  facet normal 0.997886 0.0649964 0
    outer loop
      vertex 175.766 116.922 3.8147e-07
      vertex 175.8 116.4 2.4
      vertex 175.8 116.4 3.8147e-07
    endloop
  endfacet
  facet normal 0.443387 0.89633 -0
    outer loop
      vertex 173.8 119.864 3.8147e-07
      vertex 173.331 120.096 2.4
      vertex 173.8 119.864 2.4
    endloop
  endfacet
  facet normal 0.443387 0.89633 0
    outer loop
      vertex 173.331 120.096 2.4
      vertex 173.8 119.864 3.8147e-07
      vertex 173.331 120.096 3.8147e-07
    endloop
  endfacet
  facet normal -1 0 0
    outer loop
      vertex 8.38 75.97 3.8147e-07
      vertex 8.38 86.57 2.4
      vertex 8.38 86.57 3.8147e-07
    endloop
  endfacet
  facet normal -1 -0 0
    outer loop
      vertex 8.38 86.57 2.4
      vertex 8.38 75.97 3.8147e-07
      vertex 8.38 75.97 2.4
    endloop
  endfacet
  facet normal 0 1 -0
    outer loop
      vertex 8.38 75.97 3.8147e-07
      vertex 0 75.97 2.4
      vertex 8.38 75.97 2.4
    endloop
  endfacet
  facet normal 0 1 0
    outer loop
      vertex 0 75.97 2.4
      vertex 8.38 75.97 3.8147e-07
      vertex 0 75.97 3.8147e-07
    endloop
  endfacet
  facet normal 0 -1 0
    outer loop
      vertex 0 86.57 3.8147e-07
      vertex 8.38 86.57 2.4
      vertex 0 86.57 2.4
    endloop
  endfacet
  facet normal 0 -1 -0
    outer loop
      vertex 8.38 86.57 2.4
      vertex 0 86.57 3.8147e-07
      vertex 8.38 86.57 3.8147e-07
    endloop
  endfacet
  facet normal 1 -0 0
    outer loop
      vertex 3.85 55.5 4.98
      vertex 3.85 64.9 2.4
      vertex 3.85 64.9 4.98
    endloop
  endfacet
  facet normal 1 0 0
    outer loop
      vertex 3.85 64.9 2.4
      vertex 3.85 55.5 4.98
      vertex 3.85 55.5 2.4
    endloop
  endfacet
  facet normal -0 0 1
    outer loop
      vertex 2.65 64.9 4.98
      vertex 3.85 55.5 4.98
      vertex 3.85 64.9 4.98
    endloop
  endfacet
  facet normal 0 0 1
    outer loop
      vertex 3.85 55.5 4.98
      vertex 2.65 64.9 4.98
      vertex 2.65 55.5 4.98
    endloop
  endfacet
  facet normal -1 0 0
    outer loop
      vertex 2.65 55.5 2.4
      vertex 2.65 64.9 4.98
      vertex 2.65 64.9 2.4
    endloop
  endfacet
  facet normal -1 -0 0
    outer loop
      vertex 2.65 64.9 4.98
      vertex 2.65 55.5 2.4
      vertex 2.65 55.5 4.98
    endloop
  endfacet
  facet normal 0 -1 0
    outer loop
      vertex 2.65 55.5 2.4
      vertex 3.85 55.5 4.98
      vertex 2.65 55.5 4.98
    endloop
  endfacet
  facet normal 0 -1 -0
    outer loop
      vertex 3.85 55.5 4.98
      vertex 2.65 55.5 2.4
      vertex 3.85 55.5 2.4
    endloop
  endfacet
  facet normal 0 1 -0
    outer loop
      vertex 3.85 64.9 2.4
      vertex 2.65 64.9 4.98
      vertex 3.85 64.9 4.98
    endloop
  endfacet
  facet normal 0 1 0
    outer loop
      vertex 2.65 64.9 4.98
      vertex 3.85 64.9 2.4
      vertex 2.65 64.9 2.4
    endloop
  endfacet
  facet normal 1 -0 0
    outer loop
      vertex 173.15 55.5 4.98
      vertex 173.15 64.9 2.4
      vertex 173.15 64.9 4.98
    endloop
  endfacet
  facet normal 1 0 0
    outer loop
      vertex 173.15 64.9 2.4
      vertex 173.15 55.5 4.98
      vertex 173.15 55.5 2.4
    endloop
  endfacet
  facet normal -0 0 1
    outer loop
      vertex 171.95 64.9 4.98
      vertex 173.15 55.5 4.98
      vertex 173.15 64.9 4.98
    endloop
  endfacet
  facet normal 0 0 1
    outer loop
      vertex 173.15 55.5 4.98
      vertex 171.95 64.9 4.98
      vertex 171.95 55.5 4.98
    endloop
  endfacet
  facet normal -1 0 0
    outer loop
      vertex 171.95 55.5 2.4
      vertex 171.95 64.9 4.98
      vertex 171.95 64.9 2.4
    endloop
  endfacet
  facet normal -1 -0 0
    outer loop
      vertex 171.95 64.9 4.98
      vertex 171.95 55.5 2.4
      vertex 171.95 55.5 4.98
    endloop
  endfacet
  facet normal 0 -1 0
    outer loop
      vertex 171.95 55.5 2.4
      vertex 173.15 55.5 4.98
      vertex 171.95 55.5 4.98
    endloop
  endfacet
  facet normal 0 -1 -0
    outer loop
      vertex 173.15 55.5 4.98
      vertex 171.95 55.5 2.4
      vertex 173.15 55.5 2.4
    endloop
  endfacet
  facet normal 0 1 -0
    outer loop
      vertex 173.15 64.9 2.4
      vertex 171.95 64.9 4.98
      vertex 173.15 64.9 4.98
    endloop
  endfacet
  facet normal 0 1 0
    outer loop
      vertex 171.95 64.9 4.98
      vertex 173.15 64.9 2.4
      vertex 171.95 64.9 2.4
    endloop
  endfacet
  facet normal -0.658995 -0.751318 -0.035305
    outer loop
      vertex 10.1695 91.548 2.4
      vertex 9.92598 91.2306 13.7
      vertex 10.0515 91.6515 2.4
    endloop
  endfacet
  facet normal -0.555236 -0.830943 -0.0353055
    outer loop
      vertex 10.3 91.4608 2.4
      vertex 9.92598 91.2306 13.7
      vertex 10.1695 91.548 2.4
    endloop
  endfacet
  facet normal -0.1948 0.980207 -0.0353021
    outer loop
      vertex 10.5894 93.6591 2.4
      vertex 10.4859 94.0455 13.7
      vertex 10.6912 94.0863 13.7
    endloop
  endfacet
  facet normal 0.1948 0.980207 -0.0353021
    outer loop
      vertex 11.2106 93.6591 2.4
      vertex 11.1088 94.0863 13.7
      vertex 11.3141 94.0455 13.7
    endloop
  endfacet
  facet normal 0.997222 -0.06559 -0.0352999
    outer loop
      vertex 12.5 92.5 13.7
      vertex 12.0897 92.3434 2.4
      vertex 12.1 92.5 2.4
    endloop
  endfacet
  facet normal 0.997232 -0.0654314 -0.0353025
    outer loop
      vertex 12.4863 92.2912 13.7
      vertex 12.0897 92.3434 2.4
      vertex 12.5 92.5 13.7
    endloop
  endfacet
  facet normal -0.554972 -0.83112 -0.0353004
    outer loop
      vertex 10.1 91.1144 13.7
      vertex 9.92598 91.2306 13.7
      vertex 10.3 91.4608 2.4
    endloop
  endfacet
  facet normal 0.658995 0.751318 -0.0353078
    outer loop
      vertex 11.7485 93.3485 2.4
      vertex 11.6305 93.452 2.4
      vertex 12.0314 93.6314 13.7
    endloop
  endfacet
  facet normal -0.896301 0.442038 -0.0353013
    outer loop
      vertex 9.79134 92.9592 2.4
      vertex 9.42179 93.1123 13.7
      vertex 9.51436 93.3 13.7
    endloop
  endfacet
  facet normal -0.19477 -0.980214 -0.035302
    outer loop
      vertex 10.7434 91.3103 2.4
      vertex 10.4859 90.9545 13.7
      vertex 10.5894 91.3409 2.4
    endloop
  endfacet
  facet normal 0.896244 0.442154 -0.0353
    outer loop
      vertex 12.3782 93.1123 13.7
      vertex 11.9392 93.1 2.4
      vertex 12.2856 93.3 13.7
    endloop
  endfacet
  facet normal 0.830943 0.555236 -0.0353045
    outer loop
      vertex 11.9392 93.1 2.4
      vertex 11.852 93.2305 2.4
      vertex 12.1694 93.474 13.7
    endloop
  endfacet
  facet normal -0.751457 -0.658837 -0.035301
    outer loop
      vertex 9.76863 91.3686 13.7
      vertex 9.63063 91.526 13.7
      vertex 9.94798 91.7695 2.4
    endloop
  endfacet
  facet normal 0.896244 -0.442154 -0.0353
    outer loop
      vertex 12.2856 91.7 13.7
      vertex 11.9392 91.9 2.4
      vertex 12.3782 91.8877 13.7
    endloop
  endfacet
  facet normal 0.442346 -0.896149 -0.0352965
    outer loop
      vertex 11.5123 91.0218 13.7
      vertex 11.3592 91.3913 2.4
      vertex 11.5 91.4608 2.4
    endloop
  endfacet
  facet normal -0.997236 -0.0653839 -0.0353004
    outer loop
      vertex 9.31369 92.2912 13.7
      vertex 9.3 92.5 13.7
      vertex 9.7 92.5 2.4
    endloop
  endfacet
  facet normal 0.19477 -0.980214 -0.035302
    outer loop
      vertex 11.3141 90.9545 13.7
      vertex 11.0566 91.3103 2.4
      vertex 11.2106 91.3409 2.4
    endloop
  endfacet
  facet normal 0.751456 0.658837 -0.0353073
    outer loop
      vertex 12.1694 93.474 13.7
      vertex 11.7485 93.3485 2.4
      vertex 12.0314 93.6314 13.7
    endloop
  endfacet
  facet normal -0.98018 -0.194938 -0.0352998
    outer loop
      vertex 9.35452 92.0859 13.7
      vertex 9.31369 92.2912 13.7
      vertex 9.74089 92.1894 2.4
    endloop
  endfacet
  facet normal -0.980189 0.194892 -0.0353006
    outer loop
      vertex 9.71027 92.6566 2.4
      vertex 9.31369 92.7088 13.7
      vertex 9.74089 92.8106 2.4
    endloop
  endfacet
  facet normal 0.946311 -0.321325 -0.0353019
    outer loop
      vertex 12.3782 91.8877 13.7
      vertex 12.0591 92.1894 2.4
      vertex 12.4455 92.0859 13.7
    endloop
  endfacet
  facet normal -0.658995 0.751318 -0.035306
    outer loop
      vertex 10.0515 93.3485 2.4
      vertex 9.76863 93.6314 13.7
      vertex 10.1695 93.452 2.4
    endloop
  endfacet
  facet normal -0.98018 0.194938 -0.0352998
    outer loop
      vertex 9.74089 92.8106 2.4
      vertex 9.31369 92.7088 13.7
      vertex 9.35452 92.9141 13.7
    endloop
  endfacet
  facet normal 0.980207 0.1948 -0.0353026
    outer loop
      vertex 12.4863 92.7088 13.7
      vertex 12.0897 92.6566 2.4
      vertex 12.4455 92.9141 13.7
    endloop
  endfacet
  facet normal -0.896301 -0.442038 -0.0353013
    outer loop
      vertex 9.51436 91.7 13.7
      vertex 9.42179 91.8877 13.7
      vertex 9.79134 92.0408 2.4
    endloop
  endfacet
  facet normal 0.321325 0.946311 -0.0352971
    outer loop
      vertex 11.3592 93.6087 2.4
      vertex 11.3141 94.0455 13.7
      vertex 11.5123 93.9782 13.7
    endloop
  endfacet
  facet normal -0.06559 -0.997222 -0.0352999
    outer loop
      vertex 10.9 90.9 13.7
      vertex 10.7434 91.3103 2.4
      vertex 10.9 91.3 2.4
    endloop
  endfacet
  facet normal -0.658956 -0.751353 -0.0353059
    outer loop
      vertex 9.92598 91.2306 13.7
      vertex 9.76863 91.3686 13.7
      vertex 10.0515 91.6515 2.4
    endloop
  endfacet
  facet normal -0.946354 0.321197 -0.0353009
    outer loop
      vertex 9.79134 92.9592 2.4
      vertex 9.35452 92.9141 13.7
      vertex 9.42179 93.1123 13.7
    endloop
  endfacet
  facet normal 0.896149 0.442346 -0.0352965
    outer loop
      vertex 12.0087 92.9592 2.4
      vertex 11.9392 93.1 2.4
      vertex 12.3782 93.1123 13.7
    endloop
  endfacet
  facet normal -0.830936 0.555247 -0.0353009
    outer loop
      vertex 9.94798 93.2305 2.4
      vertex 9.51436 93.3 13.7
      vertex 9.63063 93.474 13.7
    endloop
  endfacet
  facet normal 0.321325 -0.946311 -0.0353019
    outer loop
      vertex 11.3141 90.9545 13.7
      vertex 11.2106 91.3409 2.4
      vertex 11.5123 91.0218 13.7
    endloop
  endfacet
  facet normal 0.442154 -0.896244 -0.0353
    outer loop
      vertex 11.5123 91.0218 13.7
      vertex 11.5 91.4608 2.4
      vertex 11.7 91.1144 13.7
    endloop
  endfacet
  facet normal -0.554971 0.83112 -0.0353048
    outer loop
      vertex 10.1695 93.452 2.4
      vertex 9.92598 93.7694 13.7
      vertex 10.1 93.8856 13.7
    endloop
  endfacet
  facet normal 0.751318 0.658995 -0.0353039
    outer loop
      vertex 11.852 93.2305 2.4
      vertex 11.7485 93.3485 2.4
      vertex 12.1694 93.474 13.7
    endloop
  endfacet
  facet normal -0.946354 -0.321197 -0.0353009
    outer loop
      vertex 9.42179 91.8877 13.7
      vertex 9.35452 92.0859 13.7
      vertex 9.79134 92.0408 2.4
    endloop
  endfacet
  facet normal -0.320994 0.946423 -0.0353027
    outer loop
      vertex 10.5894 93.6591 2.4
      vertex 10.4408 93.6087 2.4
      vertex 10.4859 94.0455 13.7
    endloop
  endfacet
  facet normal -0.896326 0.441988 -0.0353003
    outer loop
      vertex 9.79134 92.9592 2.4
      vertex 9.51436 93.3 13.7
      vertex 9.86077 93.1 2.4
    endloop
  endfacet
  facet normal -0.321325 -0.946311 -0.0353019
    outer loop
      vertex 10.4859 90.9545 13.7
      vertex 10.2877 91.0218 13.7
      vertex 10.5894 91.3409 2.4
    endloop
  endfacet
  facet normal 0.831091 0.555016 -0.0353003
    outer loop
      vertex 12.2856 93.3 13.7
      vertex 11.9392 93.1 2.4
      vertex 12.1694 93.474 13.7
    endloop
  endfacet
  facet normal 0.320994 -0.946423 -0.0352962
    outer loop
      vertex 11.5123 91.0218 13.7
      vertex 11.2106 91.3409 2.4
      vertex 11.3592 91.3913 2.4
    endloop
  endfacet
  facet normal -0.1948 -0.980207 -0.0353026
    outer loop
      vertex 10.6912 90.9137 13.7
      vertex 10.4859 90.9545 13.7
      vertex 10.7434 91.3103 2.4
    endloop
  endfacet
  facet normal 0.555016 -0.831091 -0.0353003
    outer loop
      vertex 11.7 91.1144 13.7
      vertex 11.5 91.4608 2.4
      vertex 11.874 91.2306 13.7
    endloop
  endfacet
  facet normal 0.831091 -0.555016 -0.0353003
    outer loop
      vertex 12.1694 91.526 13.7
      vertex 11.9392 91.9 2.4
      vertex 12.2856 91.7 13.7
    endloop
  endfacet
  facet normal 0.658995 -0.751318 -0.0353039
    outer loop
      vertex 11.874 91.2306 13.7
      vertex 11.6305 91.548 2.4
      vertex 11.7485 91.6515 2.4
    endloop
  endfacet
  facet normal 0.980214 -0.19477 -0.035302
    outer loop
      vertex 12.4455 92.0859 13.7
      vertex 12.0591 92.1894 2.4
      vertex 12.0897 92.3434 2.4
    endloop
  endfacet
  facet normal 0.980207 -0.1948 -0.0353026
    outer loop
      vertex 12.4455 92.0859 13.7
      vertex 12.0897 92.3434 2.4
      vertex 12.4863 92.2912 13.7
    endloop
  endfacet
  facet normal 0.320994 0.946423 -0.0353027
    outer loop
      vertex 11.3592 93.6087 2.4
      vertex 11.2106 93.6591 2.4
      vertex 11.3141 94.0455 13.7
    endloop
  endfacet
  facet normal -0.0654314 -0.997232 -0.0353025
    outer loop
      vertex 10.9 90.9 13.7
      vertex 10.6912 90.9137 13.7
      vertex 10.7434 91.3103 2.4
    endloop
  endfacet
  facet normal 0.555016 0.83109 -0.0353039
    outer loop
      vertex 11.874 93.7694 13.7
      vertex 11.6305 93.452 2.4
      vertex 11.7 93.8856 13.7
    endloop
  endfacet
  facet normal 0.658837 -0.751456 -0.0353073
    outer loop
      vertex 11.874 91.2306 13.7
      vertex 11.7485 91.6515 2.4
      vertex 12.0314 91.3686 13.7
    endloop
  endfacet
  facet normal 0.946423 -0.320994 -0.0352962
    outer loop
      vertex 12.3782 91.8877 13.7
      vertex 12.0087 92.0408 2.4
      vertex 12.0591 92.1894 2.4
    endloop
  endfacet
  facet normal -0.946326 0.32128 -0.0352995
    outer loop
      vertex 9.74089 92.8106 2.4
      vertex 9.35452 92.9141 13.7
      vertex 9.79134 92.9592 2.4
    endloop
  endfacet
  facet normal 0.06559 -0.997222 -0.0352999
    outer loop
      vertex 10.9 90.9 13.7
      vertex 10.9 91.3 2.4
      vertex 11.0566 91.3103 2.4
    endloop
  endfacet
  facet normal -0.321325 0.946311 -0.0352971
    outer loop
      vertex 10.4408 93.6087 2.4
      vertex 10.2877 93.9782 13.7
      vertex 10.4859 94.0455 13.7
    endloop
  endfacet
  facet normal 0.751456 -0.658837 -0.0353073
    outer loop
      vertex 12.0314 91.3686 13.7
      vertex 11.7485 91.6515 2.4
      vertex 12.1694 91.526 13.7
    endloop
  endfacet
  facet normal 0.442154 0.896245 -0.035297
    outer loop
      vertex 11.7 93.8856 13.7
      vertex 11.3592 93.6087 2.4
      vertex 11.5123 93.9782 13.7
    endloop
  endfacet
  facet normal 0.555236 0.830944 -0.0352996
    outer loop
      vertex 11.6305 93.452 2.4
      vertex 11.5 93.5392 2.4
      vertex 11.7 93.8856 13.7
    endloop
  endfacet
  facet normal 0.997232 0.0654314 -0.0353025
    outer loop
      vertex 12.5 92.5 13.7
      vertex 12.0897 92.6566 2.4
      vertex 12.4863 92.7088 13.7
    endloop
  endfacet
  facet normal 0.997222 0.06559 -0.0352999
    outer loop
      vertex 12.1 92.5 2.4
      vertex 12.0897 92.6566 2.4
      vertex 12.5 92.5 13.7
    endloop
  endfacet
  facet normal -0.0654314 0.997232 -0.0353003
    outer loop
      vertex 10.9 93.7 2.4
      vertex 10.6912 94.0863 13.7
      vertex 10.9 94.1 13.7
    endloop
  endfacet
  facet normal -0.751255 -0.659067 -0.035306
    outer loop
      vertex 10.0515 91.6515 2.4
      vertex 9.76863 91.3686 13.7
      vertex 9.94798 91.7695 2.4
    endloop
  endfacet
  facet normal -0.830914 0.55528 -0.0353003
    outer loop
      vertex 9.86077 93.1 2.4
      vertex 9.51436 93.3 13.7
      vertex 9.94798 93.2305 2.4
    endloop
  endfacet
  facet normal 0.896149 -0.442346 -0.0352965
    outer loop
      vertex 12.3782 91.8877 13.7
      vertex 11.9392 91.9 2.4
      vertex 12.0087 92.0408 2.4
    endloop
  endfacet
  facet normal -0.896326 -0.441988 -0.0353003
    outer loop
      vertex 9.86077 91.9 2.4
      vertex 9.51436 91.7 13.7
      vertex 9.79134 92.0408 2.4
    endloop
  endfacet
  facet normal -0.442154 -0.896244 -0.0353
    outer loop
      vertex 10.2877 91.0218 13.7
      vertex 10.1 91.1144 13.7
      vertex 10.3 91.4608 2.4
    endloop
  endfacet
  facet normal -0.751255 0.659067 -0.035306
    outer loop
      vertex 9.94798 93.2305 2.4
      vertex 9.76863 93.6314 13.7
      vertex 10.0515 93.3485 2.4
    endloop
  endfacet
  facet normal -0.830936 -0.555247 -0.0353009
    outer loop
      vertex 9.63063 91.526 13.7
      vertex 9.51436 91.7 13.7
      vertex 9.94798 91.7695 2.4
    endloop
  endfacet
  facet normal 0.946423 0.320994 -0.0352962
    outer loop
      vertex 12.0591 92.8106 2.4
      vertex 12.0087 92.9592 2.4
      vertex 12.3782 93.1123 13.7
    endloop
  endfacet
  facet normal 0.946311 0.321325 -0.0353019
    outer loop
      vertex 12.4455 92.9141 13.7
      vertex 12.0591 92.8106 2.4
      vertex 12.3782 93.1123 13.7
    endloop
  endfacet
  facet normal -0.751457 0.658837 -0.035301
    outer loop
      vertex 9.94798 93.2305 2.4
      vertex 9.63063 93.474 13.7
      vertex 9.76863 93.6314 13.7
    endloop
  endfacet
  facet normal 0.19477 0.980213 -0.0353026
    outer loop
      vertex 11.2106 93.6591 2.4
      vertex 11.0566 93.6897 2.4
      vertex 11.1088 94.0863 13.7
    endloop
  endfacet
  facet normal -0.830914 -0.55528 -0.0353003
    outer loop
      vertex 9.94798 91.7695 2.4
      vertex 9.51436 91.7 13.7
      vertex 9.86077 91.9 2.4
    endloop
  endfacet
  facet normal -0.658956 0.751353 -0.0353052
    outer loop
      vertex 10.1695 93.452 2.4
      vertex 9.76863 93.6314 13.7
      vertex 9.92598 93.7694 13.7
    endloop
  endfacet
  facet normal 0.0654314 0.997232 -0.0353003
    outer loop
      vertex 10.9 93.7 2.4
      vertex 10.9 94.1 13.7
      vertex 11.1088 94.0863 13.7
    endloop
  endfacet
  facet normal -0.997235 0.0653997 -0.0353006
    outer loop
      vertex 9.7 92.5 2.4
      vertex 9.31369 92.7088 13.7
      vertex 9.71027 92.6566 2.4
    endloop
  endfacet
  facet normal -0.442346 0.896149 -0.0353005
    outer loop
      vertex 10.3 93.5392 2.4
      vertex 10.1 93.8856 13.7
      vertex 10.4408 93.6087 2.4
    endloop
  endfacet
  facet normal 0.442346 0.896149 -0.0353005
    outer loop
      vertex 11.5 93.5392 2.4
      vertex 11.3592 93.6087 2.4
      vertex 11.7 93.8856 13.7
    endloop
  endfacet
  facet normal -0.19477 0.980213 -0.0353026
    outer loop
      vertex 10.7434 93.6897 2.4
      vertex 10.5894 93.6591 2.4
      vertex 10.6912 94.0863 13.7
    endloop
  endfacet
  facet normal 0.06559 0.997222 -0.0353028
    outer loop
      vertex 11.0566 93.6897 2.4
      vertex 10.9 93.7 2.4
      vertex 11.1088 94.0863 13.7
    endloop
  endfacet
  facet normal 0.658837 0.751457 -0.0353044
    outer loop
      vertex 12.0314 93.6314 13.7
      vertex 11.6305 93.452 2.4
      vertex 11.874 93.7694 13.7
    endloop
  endfacet
  facet normal 0 0 1
    outer loop
      vertex 12.4863 92.7088 13.7
      vertex 12.4863 92.2912 13.7
      vertex 12.5 92.5 13.7
    endloop
  endfacet
  facet normal 0 0 1
    outer loop
      vertex 12.4455 92.9141 13.7
      vertex 12.4863 92.2912 13.7
      vertex 12.4863 92.7088 13.7
    endloop
  endfacet
  facet normal 0 0 1
    outer loop
      vertex 12.4455 92.9141 13.7
      vertex 12.4455 92.0859 13.7
      vertex 12.4863 92.2912 13.7
    endloop
  endfacet
  facet normal 0 0 1
    outer loop
      vertex 12.3782 93.1123 13.7
      vertex 12.4455 92.0859 13.7
      vertex 12.4455 92.9141 13.7
    endloop
  endfacet
  facet normal 0 0 1
    outer loop
      vertex 12.3782 93.1123 13.7
      vertex 12.3782 91.8877 13.7
      vertex 12.4455 92.0859 13.7
    endloop
  endfacet
  facet normal 0 0 1
    outer loop
      vertex 12.2856 93.3 13.7
      vertex 12.3782 91.8877 13.7
      vertex 12.3782 93.1123 13.7
    endloop
  endfacet
  facet normal 0 0 1
    outer loop
      vertex 12.2856 93.3 13.7
      vertex 12.2856 91.7 13.7
      vertex 12.3782 91.8877 13.7
    endloop
  endfacet
  facet normal 0 0 1
    outer loop
      vertex 12.1694 93.474 13.7
      vertex 12.2856 91.7 13.7
      vertex 12.2856 93.3 13.7
    endloop
  endfacet
  facet normal 0 0 1
    outer loop
      vertex 12.1694 93.474 13.7
      vertex 12.1694 91.526 13.7
      vertex 12.2856 91.7 13.7
    endloop
  endfacet
  facet normal 0 0 1
    outer loop
      vertex 12.0314 93.6314 13.7
      vertex 12.1694 91.526 13.7
      vertex 12.1694 93.474 13.7
    endloop
  endfacet
  facet normal 0 0 1
    outer loop
      vertex 12.0314 93.6314 13.7
      vertex 12.0314 91.3686 13.7
      vertex 12.1694 91.526 13.7
    endloop
  endfacet
  facet normal 0 0 1
    outer loop
      vertex 11.874 93.7694 13.7
      vertex 12.0314 91.3686 13.7
      vertex 12.0314 93.6314 13.7
    endloop
  endfacet
  facet normal 0 0 1
    outer loop
      vertex 11.874 93.7694 13.7
      vertex 11.874 91.2306 13.7
      vertex 12.0314 91.3686 13.7
    endloop
  endfacet
  facet normal 0 0 1
    outer loop
      vertex 11.7 93.8856 13.7
      vertex 11.874 91.2306 13.7
      vertex 11.874 93.7694 13.7
    endloop
  endfacet
  facet normal 0 0 1
    outer loop
      vertex 11.7 93.8856 13.7
      vertex 11.7 91.1144 13.7
      vertex 11.874 91.2306 13.7
    endloop
  endfacet
  facet normal 0 0 1
    outer loop
      vertex 11.5123 93.9782 13.7
      vertex 11.7 91.1144 13.7
      vertex 11.7 93.8856 13.7
    endloop
  endfacet
  facet normal 0 0 1
    outer loop
      vertex 11.5123 93.9782 13.7
      vertex 11.5123 91.0218 13.7
      vertex 11.7 91.1144 13.7
    endloop
  endfacet
  facet normal 0 0 1
    outer loop
      vertex 11.3141 94.0455 13.7
      vertex 11.5123 91.0218 13.7
      vertex 11.5123 93.9782 13.7
    endloop
  endfacet
  facet normal 0 0 1
    outer loop
      vertex 11.3141 94.0455 13.7
      vertex 11.3141 90.9545 13.7
      vertex 11.5123 91.0218 13.7
    endloop
  endfacet
  facet normal 0 0 1
    outer loop
      vertex 11.1088 94.0863 13.7
      vertex 11.3141 90.9545 13.7
      vertex 11.3141 94.0455 13.7
    endloop
  endfacet
  facet normal 0 0 1
    outer loop
      vertex 11.1088 94.0863 13.7
      vertex 11.1088 90.9137 13.7
      vertex 11.3141 90.9545 13.7
    endloop
  endfacet
  facet normal 0 0 1
    outer loop
      vertex 10.9 94.1 13.7
      vertex 11.1088 90.9137 13.7
      vertex 11.1088 94.0863 13.7
    endloop
  endfacet
  facet normal 0 0 1
    outer loop
      vertex 10.9 94.1 13.7
      vertex 10.9 90.9 13.7
      vertex 11.1088 90.9137 13.7
    endloop
  endfacet
  facet normal -0 0 1
    outer loop
      vertex 10.6912 94.0863 13.7
      vertex 10.9 90.9 13.7
      vertex 10.9 94.1 13.7
    endloop
  endfacet
  facet normal 0 0 1
    outer loop
      vertex 10.6912 94.0863 13.7
      vertex 10.6912 90.9137 13.7
      vertex 10.9 90.9 13.7
    endloop
  endfacet
  facet normal -0 0 1
    outer loop
      vertex 10.4859 94.0455 13.7
      vertex 10.6912 90.9137 13.7
      vertex 10.6912 94.0863 13.7
    endloop
  endfacet
  facet normal 0 0 1
    outer loop
      vertex 10.4859 94.0455 13.7
      vertex 10.4859 90.9545 13.7
      vertex 10.6912 90.9137 13.7
    endloop
  endfacet
  facet normal -0 0 1
    outer loop
      vertex 10.2877 93.9782 13.7
      vertex 10.4859 90.9545 13.7
      vertex 10.4859 94.0455 13.7
    endloop
  endfacet
  facet normal 0 0 1
    outer loop
      vertex 10.2877 93.9782 13.7
      vertex 10.2877 91.0218 13.7
      vertex 10.4859 90.9545 13.7
    endloop
  endfacet
  facet normal -0 0 1
    outer loop
      vertex 10.1 93.8856 13.7
      vertex 10.2877 91.0218 13.7
      vertex 10.2877 93.9782 13.7
    endloop
  endfacet
  facet normal 0 0 1
    outer loop
      vertex 10.1 93.8856 13.7
      vertex 10.1 91.1144 13.7
      vertex 10.2877 91.0218 13.7
    endloop
  endfacet
  facet normal -0 0 1
    outer loop
      vertex 9.92598 93.7694 13.7
      vertex 10.1 91.1144 13.7
      vertex 10.1 93.8856 13.7
    endloop
  endfacet
  facet normal 0 0 1
    outer loop
      vertex 9.92598 93.7694 13.7
      vertex 9.92598 91.2306 13.7
      vertex 10.1 91.1144 13.7
    endloop
  endfacet
  facet normal -0 0 1
    outer loop
      vertex 9.76863 93.6314 13.7
      vertex 9.92598 91.2306 13.7
      vertex 9.92598 93.7694 13.7
    endloop
  endfacet
  facet normal 0 0 1
    outer loop
      vertex 9.76863 93.6314 13.7
      vertex 9.76863 91.3686 13.7
      vertex 9.92598 91.2306 13.7
    endloop
  endfacet
  facet normal -0 0 1
    outer loop
      vertex 9.63063 93.474 13.7
      vertex 9.76863 91.3686 13.7
      vertex 9.76863 93.6314 13.7
    endloop
  endfacet
  facet normal 0 0 1
    outer loop
      vertex 9.63063 93.474 13.7
      vertex 9.63063 91.526 13.7
      vertex 9.76863 91.3686 13.7
    endloop
  endfacet
  facet normal -0 0 1
    outer loop
      vertex 9.51436 93.3 13.7
      vertex 9.63063 91.526 13.7
      vertex 9.63063 93.474 13.7
    endloop
  endfacet
  facet normal 0 0 1
    outer loop
      vertex 9.51436 93.3 13.7
      vertex 9.51436 91.7 13.7
      vertex 9.63063 91.526 13.7
    endloop
  endfacet
  facet normal -0 0 1
    outer loop
      vertex 9.42179 93.1123 13.7
      vertex 9.51436 91.7 13.7
      vertex 9.51436 93.3 13.7
    endloop
  endfacet
  facet normal 0 0 1
    outer loop
      vertex 9.42179 93.1123 13.7
      vertex 9.42179 91.8877 13.7
      vertex 9.51436 91.7 13.7
    endloop
  endfacet
  facet normal -0 0 1
    outer loop
      vertex 9.35452 92.9141 13.7
      vertex 9.42179 91.8877 13.7
      vertex 9.42179 93.1123 13.7
    endloop
  endfacet
  facet normal 0 0 1
    outer loop
      vertex 9.35452 92.9141 13.7
      vertex 9.35452 92.0859 13.7
      vertex 9.42179 91.8877 13.7
    endloop
  endfacet
  facet normal -0 0 1
    outer loop
      vertex 9.31369 92.7088 13.7
      vertex 9.35452 92.0859 13.7
      vertex 9.35452 92.9141 13.7
    endloop
  endfacet
  facet normal 0 0 1
    outer loop
      vertex 9.31369 92.7088 13.7
      vertex 9.31369 92.2912 13.7
      vertex 9.35452 92.0859 13.7
    endloop
  endfacet
  facet normal 0 -0 1
    outer loop
      vertex 9.31369 92.2912 13.7
      vertex 9.31369 92.7088 13.7
      vertex 9.3 92.5 13.7
    endloop
  endfacet
  facet normal 0.555236 -0.830943 -0.0353045
    outer loop
      vertex 11.874 91.2306 13.7
      vertex 11.5 91.4608 2.4
      vertex 11.6305 91.548 2.4
    endloop
  endfacet
  facet normal 0.980214 0.19477 -0.035302
    outer loop
      vertex 12.0897 92.6566 2.4
      vertex 12.0591 92.8106 2.4
      vertex 12.4455 92.9141 13.7
    endloop
  endfacet
  facet normal -0.06559 0.997222 -0.0353028
    outer loop
      vertex 10.7434 93.6897 2.4
      vertex 10.6912 94.0863 13.7
      vertex 10.9 93.7 2.4
    endloop
  endfacet
  facet normal -0.555236 0.830944 -0.0352996
    outer loop
      vertex 10.1695 93.452 2.4
      vertex 10.1 93.8856 13.7
      vertex 10.3 93.5392 2.4
    endloop
  endfacet
  facet normal 0.751318 -0.658995 -0.0353039
    outer loop
      vertex 12.1694 91.526 13.7
      vertex 11.7485 91.6515 2.4
      vertex 11.852 91.7695 2.4
    endloop
  endfacet
  facet normal -0.442154 0.896245 -0.035297
    outer loop
      vertex 10.4408 93.6087 2.4
      vertex 10.1 93.8856 13.7
      vertex 10.2877 93.9782 13.7
    endloop
  endfacet
  facet normal 0.830943 -0.555236 -0.0353045
    outer loop
      vertex 12.1694 91.526 13.7
      vertex 11.852 91.7695 2.4
      vertex 11.9392 91.9 2.4
    endloop
  endfacet
  facet normal -0.997236 0.0653839 -0.0353004
    outer loop
      vertex 9.7 92.5 2.4
      vertex 9.3 92.5 13.7
      vertex 9.31369 92.7088 13.7
    endloop
  endfacet
  facet normal -0.946326 -0.32128 -0.0352995
    outer loop
      vertex 9.79134 92.0408 2.4
      vertex 9.35452 92.0859 13.7
      vertex 9.74089 92.1894 2.4
    endloop
  endfacet
  facet normal -0.320994 -0.946423 -0.0352962
    outer loop
      vertex 10.5894 91.3409 2.4
      vertex 10.2877 91.0218 13.7
      vertex 10.4408 91.3913 2.4
    endloop
  endfacet
  facet normal -0.442346 -0.896149 -0.0352965
    outer loop
      vertex 10.4408 91.3913 2.4
      vertex 10.2877 91.0218 13.7
      vertex 10.3 91.4608 2.4
    endloop
  endfacet
  facet normal -0.980189 -0.194892 -0.0353006
    outer loop
      vertex 9.74089 92.1894 2.4
      vertex 9.31369 92.2912 13.7
      vertex 9.71027 92.3434 2.4
    endloop
  endfacet
  facet normal 0.1948 -0.980207 -0.0353026
    outer loop
      vertex 11.1088 90.9137 13.7
      vertex 11.0566 91.3103 2.4
      vertex 11.3141 90.9545 13.7
    endloop
  endfacet
  facet normal -0.997235 -0.0653997 -0.0353006
    outer loop
      vertex 9.71027 92.3434 2.4
      vertex 9.31369 92.2912 13.7
      vertex 9.7 92.5 2.4
    endloop
  endfacet
  facet normal 0.0654314 -0.997232 -0.0353025
    outer loop
      vertex 11.1088 90.9137 13.7
      vertex 10.9 90.9 13.7
      vertex 11.0566 91.3103 2.4
    endloop
  endfacet
  facet normal -0.658995 -0.751318 -0.0353039
    outer loop
      vertex 51.4195 91.548 2.4
      vertex 51.176 91.2306 13.7
      vertex 51.3015 91.6515 2.4
    endloop
  endfacet
  facet normal -0.555236 -0.830943 -0.0353045
    outer loop
      vertex 51.55 91.4608 2.4
      vertex 51.176 91.2306 13.7
      vertex 51.4195 91.548 2.4
    endloop
  endfacet
  facet normal -0.1948 0.980207 -0.0353021
    outer loop
      vertex 51.8394 93.6591 2.4
      vertex 51.7359 94.0455 13.7
      vertex 51.9412 94.0863 13.7
    endloop
  endfacet
  facet normal 0.1948 0.980207 -0.0353021
    outer loop
      vertex 52.4606 93.6591 2.4
      vertex 52.3588 94.0863 13.7
      vertex 52.5641 94.0455 13.7
    endloop
  endfacet
  facet normal 0.997222 -0.06559 -0.0352999
    outer loop
      vertex 53.75 92.5 13.7
      vertex 53.3397 92.3434 2.4
      vertex 53.35 92.5 2.4
    endloop
  endfacet
  facet normal 0.997232 -0.0654314 -0.0353025
    outer loop
      vertex 53.7363 92.2912 13.7
      vertex 53.3397 92.3434 2.4
      vertex 53.75 92.5 13.7
    endloop
  endfacet
  facet normal -0.555016 -0.831091 -0.0353003
    outer loop
      vertex 51.35 91.1144 13.7
      vertex 51.176 91.2306 13.7
      vertex 51.55 91.4608 2.4
    endloop
  endfacet
  facet normal 0.658995 0.751318 -0.0353078
    outer loop
      vertex 52.9985 93.3485 2.4
      vertex 52.8805 93.452 2.4
      vertex 53.2814 93.6314 13.7
    endloop
  endfacet
  facet normal -0.896245 0.442154 -0.035297
    outer loop
      vertex 51.0413 92.9592 2.4
      vertex 50.6718 93.1123 13.7
      vertex 50.7644 93.3 13.7
    endloop
  endfacet
  facet normal -0.19477 -0.980214 -0.035302
    outer loop
      vertex 51.9934 91.3103 2.4
      vertex 51.7359 90.9545 13.7
      vertex 51.8394 91.3409 2.4
    endloop
  endfacet
  facet normal 0.896244 0.442154 -0.0353
    outer loop
      vertex 53.6282 93.1123 13.7
      vertex 53.1892 93.1 2.4
      vertex 53.5356 93.3 13.7
    endloop
  endfacet
  facet normal 0.830943 0.555236 -0.0353045
    outer loop
      vertex 53.1892 93.1 2.4
      vertex 53.102 93.2305 2.4
      vertex 53.4194 93.474 13.7
    endloop
  endfacet
  facet normal -0.751457 -0.658837 -0.0353044
    outer loop
      vertex 51.0186 91.3686 13.7
      vertex 50.8806 91.526 13.7
      vertex 51.198 91.7695 2.4
    endloop
  endfacet
  facet normal 0.896244 -0.442154 -0.0353
    outer loop
      vertex 53.5356 91.7 13.7
      vertex 53.1892 91.9 2.4
      vertex 53.6282 91.8877 13.7
    endloop
  endfacet
  facet normal 0.442346 -0.896149 -0.0352965
    outer loop
      vertex 52.7623 91.0218 13.7
      vertex 52.6092 91.3913 2.4
      vertex 52.75 91.4608 2.4
    endloop
  endfacet
  facet normal -0.997232 -0.0654314 -0.0353003
    outer loop
      vertex 50.5637 92.2912 13.7
      vertex 50.55 92.5 13.7
      vertex 50.95 92.5 2.4
    endloop
  endfacet
  facet normal 0.19477 -0.980214 -0.035302
    outer loop
      vertex 52.5641 90.9545 13.7
      vertex 52.3066 91.3103 2.4
      vertex 52.4606 91.3409 2.4
    endloop
  endfacet
  facet normal 0.751456 0.658837 -0.0353073
    outer loop
      vertex 53.4194 93.474 13.7
      vertex 52.9985 93.3485 2.4
      vertex 53.2814 93.6314 13.7
    endloop
  endfacet
  facet normal -0.980207 -0.1948 -0.0353021
    outer loop
      vertex 50.6045 92.0859 13.7
      vertex 50.5637 92.2912 13.7
      vertex 50.9909 92.1894 2.4
    endloop
  endfacet
  facet normal -0.980213 0.19477 -0.0353026
    outer loop
      vertex 50.9603 92.6566 2.4
      vertex 50.5637 92.7088 13.7
      vertex 50.9909 92.8106 2.4
    endloop
  endfacet
  facet normal 0.946311 -0.321325 -0.0353019
    outer loop
      vertex 53.6282 91.8877 13.7
      vertex 53.3091 92.1894 2.4
      vertex 53.6955 92.0859 13.7
    endloop
  endfacet
  facet normal -0.658995 0.751318 -0.0353078
    outer loop
      vertex 51.3015 93.3485 2.4
      vertex 51.0186 93.6314 13.7
      vertex 51.4195 93.452 2.4
    endloop
  endfacet
  facet normal -0.980207 0.1948 -0.0353021
    outer loop
      vertex 50.9909 92.8106 2.4
      vertex 50.5637 92.7088 13.7
      vertex 50.6045 92.9141 13.7
    endloop
  endfacet
  facet normal 0.980207 0.1948 -0.0353026
    outer loop
      vertex 53.7363 92.7088 13.7
      vertex 53.3397 92.6566 2.4
      vertex 53.6955 92.9141 13.7
    endloop
  endfacet
  facet normal -0.896245 -0.442154 -0.035297
    outer loop
      vertex 50.7644 91.7 13.7
      vertex 50.6718 91.8877 13.7
      vertex 51.0413 92.0408 2.4
    endloop
  endfacet
  facet normal 0.321325 0.946311 -0.0352971
    outer loop
      vertex 52.6092 93.6087 2.4
      vertex 52.5641 94.0455 13.7
      vertex 52.7623 93.9782 13.7
    endloop
  endfacet
  facet normal -0.06559 -0.997222 -0.0352999
    outer loop
      vertex 52.15 90.9 13.7
      vertex 51.9934 91.3103 2.4
      vertex 52.15 91.3 2.4
    endloop
  endfacet
  facet normal -0.658837 -0.751456 -0.0353073
    outer loop
      vertex 51.176 91.2306 13.7
      vertex 51.0186 91.3686 13.7
      vertex 51.3015 91.6515 2.4
    endloop
  endfacet
  facet normal -0.946311 0.321325 -0.0352971
    outer loop
      vertex 51.0413 92.9592 2.4
      vertex 50.6045 92.9141 13.7
      vertex 50.6718 93.1123 13.7
    endloop
  endfacet
  facet normal 0.896149 0.442346 -0.0352965
    outer loop
      vertex 53.2587 92.9592 2.4
      vertex 53.1892 93.1 2.4
      vertex 53.6282 93.1123 13.7
    endloop
  endfacet
  facet normal -0.83109 0.555016 -0.0353039
    outer loop
      vertex 51.198 93.2305 2.4
      vertex 50.7644 93.3 13.7
      vertex 50.8806 93.474 13.7
    endloop
  endfacet
  facet normal 0.321325 -0.946311 -0.0353019
    outer loop
      vertex 52.5641 90.9545 13.7
      vertex 52.4606 91.3409 2.4
      vertex 52.7623 91.0218 13.7
    endloop
  endfacet
  facet normal 0.442154 -0.896244 -0.0353
    outer loop
      vertex 52.7623 91.0218 13.7
      vertex 52.75 91.4608 2.4
      vertex 52.95 91.1144 13.7
    endloop
  endfacet
  facet normal -0.555016 0.83109 -0.0353039
    outer loop
      vertex 51.4195 93.452 2.4
      vertex 51.176 93.7694 13.7
      vertex 51.35 93.8856 13.7
    endloop
  endfacet
  facet normal 0.751318 0.658995 -0.0353039
    outer loop
      vertex 53.102 93.2305 2.4
      vertex 52.9985 93.3485 2.4
      vertex 53.4194 93.474 13.7
    endloop
  endfacet
  facet normal -0.946311 -0.321325 -0.0352971
    outer loop
      vertex 50.6718 91.8877 13.7
      vertex 50.6045 92.0859 13.7
      vertex 51.0413 92.0408 2.4
    endloop
  endfacet
  facet normal -0.320994 0.946423 -0.0353027
    outer loop
      vertex 51.8394 93.6591 2.4
      vertex 51.6908 93.6087 2.4
      vertex 51.7359 94.0455 13.7
    endloop
  endfacet
  facet normal -0.896149 0.442346 -0.0353005
    outer loop
      vertex 51.0413 92.9592 2.4
      vertex 50.7644 93.3 13.7
      vertex 51.1108 93.1 2.4
    endloop
  endfacet
  facet normal -0.321325 -0.946311 -0.0353019
    outer loop
      vertex 51.7359 90.9545 13.7
      vertex 51.5377 91.0218 13.7
      vertex 51.8394 91.3409 2.4
    endloop
  endfacet
  facet normal 0.831091 0.555016 -0.0353003
    outer loop
      vertex 53.5356 93.3 13.7
      vertex 53.1892 93.1 2.4
      vertex 53.4194 93.474 13.7
    endloop
  endfacet
  facet normal 0.320994 -0.946423 -0.0352962
    outer loop
      vertex 52.7623 91.0218 13.7
      vertex 52.4606 91.3409 2.4
      vertex 52.6092 91.3913 2.4
    endloop
  endfacet
  facet normal -0.1948 -0.980207 -0.0353026
    outer loop
      vertex 51.9412 90.9137 13.7
      vertex 51.7359 90.9545 13.7
      vertex 51.9934 91.3103 2.4
    endloop
  endfacet
  facet normal 0.555016 -0.831091 -0.0353003
    outer loop
      vertex 52.95 91.1144 13.7
      vertex 52.75 91.4608 2.4
      vertex 53.124 91.2306 13.7
    endloop
  endfacet
  facet normal 0.831091 -0.555016 -0.0353003
    outer loop
      vertex 53.4194 91.526 13.7
      vertex 53.1892 91.9 2.4
      vertex 53.5356 91.7 13.7
    endloop
  endfacet
  facet normal 0.658995 -0.751318 -0.0353039
    outer loop
      vertex 53.124 91.2306 13.7
      vertex 52.8805 91.548 2.4
      vertex 52.9985 91.6515 2.4
    endloop
  endfacet
  facet normal 0.980214 -0.19477 -0.035302
    outer loop
      vertex 53.6955 92.0859 13.7
      vertex 53.3091 92.1894 2.4
      vertex 53.3397 92.3434 2.4
    endloop
  endfacet
  facet normal 0.980207 -0.1948 -0.0353026
    outer loop
      vertex 53.6955 92.0859 13.7
      vertex 53.3397 92.3434 2.4
      vertex 53.7363 92.2912 13.7
    endloop
  endfacet
  facet normal 0.320994 0.946423 -0.0353027
    outer loop
      vertex 52.6092 93.6087 2.4
      vertex 52.4606 93.6591 2.4
      vertex 52.5641 94.0455 13.7
    endloop
  endfacet
  facet normal -0.0654314 -0.997232 -0.0353025
    outer loop
      vertex 52.15 90.9 13.7
      vertex 51.9412 90.9137 13.7
      vertex 51.9934 91.3103 2.4
    endloop
  endfacet
  facet normal 0.555016 0.83109 -0.0353039
    outer loop
      vertex 53.124 93.7694 13.7
      vertex 52.8805 93.452 2.4
      vertex 52.95 93.8856 13.7
    endloop
  endfacet
  facet normal 0.658837 -0.751456 -0.0353073
    outer loop
      vertex 53.124 91.2306 13.7
      vertex 52.9985 91.6515 2.4
      vertex 53.2814 91.3686 13.7
    endloop
  endfacet
  facet normal 0.946423 -0.320994 -0.0352962
    outer loop
      vertex 53.6282 91.8877 13.7
      vertex 53.2587 92.0408 2.4
      vertex 53.3091 92.1894 2.4
    endloop
  endfacet
  facet normal -0.946423 0.320994 -0.0353027
    outer loop
      vertex 50.9909 92.8106 2.4
      vertex 50.6045 92.9141 13.7
      vertex 51.0413 92.9592 2.4
    endloop
  endfacet
  facet normal 0.06559 -0.997222 -0.0352999
    outer loop
      vertex 52.15 90.9 13.7
      vertex 52.15 91.3 2.4
      vertex 52.3066 91.3103 2.4
    endloop
  endfacet
  facet normal -0.321325 0.946311 -0.0352971
    outer loop
      vertex 51.6908 93.6087 2.4
      vertex 51.5377 93.9782 13.7
      vertex 51.7359 94.0455 13.7
    endloop
  endfacet
  facet normal 0.751456 -0.658837 -0.0353073
    outer loop
      vertex 53.2814 91.3686 13.7
      vertex 52.9985 91.6515 2.4
      vertex 53.4194 91.526 13.7
    endloop
  endfacet
  facet normal 0.442154 0.896245 -0.035297
    outer loop
      vertex 52.95 93.8856 13.7
      vertex 52.6092 93.6087 2.4
      vertex 52.7623 93.9782 13.7
    endloop
  endfacet
  facet normal 0.555236 0.830944 -0.0352996
    outer loop
      vertex 52.8805 93.452 2.4
      vertex 52.75 93.5392 2.4
      vertex 52.95 93.8856 13.7
    endloop
  endfacet
  facet normal 0.997232 0.0654314 -0.0353025
    outer loop
      vertex 53.75 92.5 13.7
      vertex 53.3397 92.6566 2.4
      vertex 53.7363 92.7088 13.7
    endloop
  endfacet
  facet normal 0.997222 0.06559 -0.0352999
    outer loop
      vertex 53.35 92.5 2.4
      vertex 53.3397 92.6566 2.4
      vertex 53.75 92.5 13.7
    endloop
  endfacet
  facet normal -0.0654314 0.997232 -0.0353003
    outer loop
      vertex 52.15 93.7 2.4
      vertex 51.9412 94.0863 13.7
      vertex 52.15 94.1 13.7
    endloop
  endfacet
  facet normal -0.751318 -0.658995 -0.0353078
    outer loop
      vertex 51.3015 91.6515 2.4
      vertex 51.0186 91.3686 13.7
      vertex 51.198 91.7695 2.4
    endloop
  endfacet
  facet normal -0.830944 0.555236 -0.0352996
    outer loop
      vertex 51.1108 93.1 2.4
      vertex 50.7644 93.3 13.7
      vertex 51.198 93.2305 2.4
    endloop
  endfacet
  facet normal 0.896149 -0.442346 -0.0352965
    outer loop
      vertex 53.6282 91.8877 13.7
      vertex 53.1892 91.9 2.4
      vertex 53.2587 92.0408 2.4
    endloop
  endfacet
  facet normal -0.896149 -0.442346 -0.0353005
    outer loop
      vertex 51.1108 91.9 2.4
      vertex 50.7644 91.7 13.7
      vertex 51.0413 92.0408 2.4
    endloop
  endfacet
  facet normal -0.442154 -0.896244 -0.0353
    outer loop
      vertex 51.5377 91.0218 13.7
      vertex 51.35 91.1144 13.7
      vertex 51.55 91.4608 2.4
    endloop
  endfacet
  facet normal -0.751318 0.658995 -0.0353078
    outer loop
      vertex 51.198 93.2305 2.4
      vertex 51.0186 93.6314 13.7
      vertex 51.3015 93.3485 2.4
    endloop
  endfacet
  facet normal -0.83109 -0.555016 -0.0353039
    outer loop
      vertex 50.8806 91.526 13.7
      vertex 50.7644 91.7 13.7
      vertex 51.198 91.7695 2.4
    endloop
  endfacet
  facet normal 0.946423 0.320994 -0.0352962
    outer loop
      vertex 53.3091 92.8106 2.4
      vertex 53.2587 92.9592 2.4
      vertex 53.6282 93.1123 13.7
    endloop
  endfacet
  facet normal 0.946311 0.321325 -0.0353019
    outer loop
      vertex 53.6955 92.9141 13.7
      vertex 53.3091 92.8106 2.4
      vertex 53.6282 93.1123 13.7
    endloop
  endfacet
  facet normal -0.751457 0.658837 -0.0353044
    outer loop
      vertex 51.198 93.2305 2.4
      vertex 50.8806 93.474 13.7
      vertex 51.0186 93.6314 13.7
    endloop
  endfacet
  facet normal 0.19477 0.980213 -0.0353026
    outer loop
      vertex 52.4606 93.6591 2.4
      vertex 52.3066 93.6897 2.4
      vertex 52.3588 94.0863 13.7
    endloop
  endfacet
  facet normal -0.830944 -0.555236 -0.0352996
    outer loop
      vertex 51.198 91.7695 2.4
      vertex 50.7644 91.7 13.7
      vertex 51.1108 91.9 2.4
    endloop
  endfacet
  facet normal -0.658837 0.751457 -0.0353044
    outer loop
      vertex 51.4195 93.452 2.4
      vertex 51.0186 93.6314 13.7
      vertex 51.176 93.7694 13.7
    endloop
  endfacet
  facet normal 0.0654314 0.997232 -0.0353003
    outer loop
      vertex 52.15 93.7 2.4
      vertex 52.15 94.1 13.7
      vertex 52.3588 94.0863 13.7
    endloop
  endfacet
  facet normal -0.997222 0.06559 -0.0353028
    outer loop
      vertex 50.95 92.5 2.4
      vertex 50.5637 92.7088 13.7
      vertex 50.9603 92.6566 2.4
    endloop
  endfacet
  facet normal -0.442346 0.896149 -0.0353005
    outer loop
      vertex 51.55 93.5392 2.4
      vertex 51.35 93.8856 13.7
      vertex 51.6908 93.6087 2.4
    endloop
  endfacet
  facet normal 0.442346 0.896149 -0.0353005
    outer loop
      vertex 52.75 93.5392 2.4
      vertex 52.6092 93.6087 2.4
      vertex 52.95 93.8856 13.7
    endloop
  endfacet
  facet normal -0.19477 0.980213 -0.0353026
    outer loop
      vertex 51.9934 93.6897 2.4
      vertex 51.8394 93.6591 2.4
      vertex 51.9412 94.0863 13.7
    endloop
  endfacet
  facet normal 0.06559 0.997222 -0.0353028
    outer loop
      vertex 52.3066 93.6897 2.4
      vertex 52.15 93.7 2.4
      vertex 52.3588 94.0863 13.7
    endloop
  endfacet
  facet normal 0.658837 0.751457 -0.0353044
    outer loop
      vertex 53.2814 93.6314 13.7
      vertex 52.8805 93.452 2.4
      vertex 53.124 93.7694 13.7
    endloop
  endfacet
  facet normal 0 0 1
    outer loop
      vertex 53.7363 92.7088 13.7
      vertex 53.7363 92.2912 13.7
      vertex 53.75 92.5 13.7
    endloop
  endfacet
  facet normal 0 0 1
    outer loop
      vertex 53.6955 92.9141 13.7
      vertex 53.7363 92.2912 13.7
      vertex 53.7363 92.7088 13.7
    endloop
  endfacet
  facet normal 0 0 1
    outer loop
      vertex 53.6955 92.9141 13.7
      vertex 53.6955 92.0859 13.7
      vertex 53.7363 92.2912 13.7
    endloop
  endfacet
  facet normal 0 0 1
    outer loop
      vertex 53.6282 93.1123 13.7
      vertex 53.6955 92.0859 13.7
      vertex 53.6955 92.9141 13.7
    endloop
  endfacet
  facet normal 0 0 1
    outer loop
      vertex 53.6282 93.1123 13.7
      vertex 53.6282 91.8877 13.7
      vertex 53.6955 92.0859 13.7
    endloop
  endfacet
  facet normal 0 0 1
    outer loop
      vertex 53.5356 93.3 13.7
      vertex 53.6282 91.8877 13.7
      vertex 53.6282 93.1123 13.7
    endloop
  endfacet
  facet normal 0 0 1
    outer loop
      vertex 53.5356 93.3 13.7
      vertex 53.5356 91.7 13.7
      vertex 53.6282 91.8877 13.7
    endloop
  endfacet
  facet normal 0 0 1
    outer loop
      vertex 53.4194 93.474 13.7
      vertex 53.5356 91.7 13.7
      vertex 53.5356 93.3 13.7
    endloop
  endfacet
  facet normal 0 0 1
    outer loop
      vertex 53.4194 93.474 13.7
      vertex 53.4194 91.526 13.7
      vertex 53.5356 91.7 13.7
    endloop
  endfacet
  facet normal 0 0 1
    outer loop
      vertex 53.2814 93.6314 13.7
      vertex 53.4194 91.526 13.7
      vertex 53.4194 93.474 13.7
    endloop
  endfacet
  facet normal 0 0 1
    outer loop
      vertex 53.2814 93.6314 13.7
      vertex 53.2814 91.3686 13.7
      vertex 53.4194 91.526 13.7
    endloop
  endfacet
  facet normal 0 0 1
    outer loop
      vertex 53.124 93.7694 13.7
      vertex 53.2814 91.3686 13.7
      vertex 53.2814 93.6314 13.7
    endloop
  endfacet
  facet normal 0 0 1
    outer loop
      vertex 53.124 93.7694 13.7
      vertex 53.124 91.2306 13.7
      vertex 53.2814 91.3686 13.7
    endloop
  endfacet
  facet normal 0 0 1
    outer loop
      vertex 52.95 93.8856 13.7
      vertex 53.124 91.2306 13.7
      vertex 53.124 93.7694 13.7
    endloop
  endfacet
  facet normal 0 0 1
    outer loop
      vertex 52.95 93.8856 13.7
      vertex 52.95 91.1144 13.7
      vertex 53.124 91.2306 13.7
    endloop
  endfacet
  facet normal 0 0 1
    outer loop
      vertex 52.7623 93.9782 13.7
      vertex 52.95 91.1144 13.7
      vertex 52.95 93.8856 13.7
    endloop
  endfacet
  facet normal 0 0 1
    outer loop
      vertex 52.7623 93.9782 13.7
      vertex 52.7623 91.0218 13.7
      vertex 52.95 91.1144 13.7
    endloop
  endfacet
  facet normal 0 0 1
    outer loop
      vertex 52.5641 94.0455 13.7
      vertex 52.7623 91.0218 13.7
      vertex 52.7623 93.9782 13.7
    endloop
  endfacet
  facet normal 0 0 1
    outer loop
      vertex 52.5641 94.0455 13.7
      vertex 52.5641 90.9545 13.7
      vertex 52.7623 91.0218 13.7
    endloop
  endfacet
  facet normal 0 0 1
    outer loop
      vertex 52.3588 94.0863 13.7
      vertex 52.5641 90.9545 13.7
      vertex 52.5641 94.0455 13.7
    endloop
  endfacet
  facet normal 0 0 1
    outer loop
      vertex 52.3588 94.0863 13.7
      vertex 52.3588 90.9137 13.7
      vertex 52.5641 90.9545 13.7
    endloop
  endfacet
  facet normal 0 0 1
    outer loop
      vertex 52.15 94.1 13.7
      vertex 52.3588 90.9137 13.7
      vertex 52.3588 94.0863 13.7
    endloop
  endfacet
  facet normal 0 0 1
    outer loop
      vertex 52.15 94.1 13.7
      vertex 52.15 90.9 13.7
      vertex 52.3588 90.9137 13.7
    endloop
  endfacet
  facet normal -0 0 1
    outer loop
      vertex 51.9412 94.0863 13.7
      vertex 52.15 90.9 13.7
      vertex 52.15 94.1 13.7
    endloop
  endfacet
  facet normal 0 0 1
    outer loop
      vertex 51.9412 94.0863 13.7
      vertex 51.9412 90.9137 13.7
      vertex 52.15 90.9 13.7
    endloop
  endfacet
  facet normal -0 0 1
    outer loop
      vertex 51.7359 94.0455 13.7
      vertex 51.9412 90.9137 13.7
      vertex 51.9412 94.0863 13.7
    endloop
  endfacet
  facet normal 0 0 1
    outer loop
      vertex 51.7359 94.0455 13.7
      vertex 51.7359 90.9545 13.7
      vertex 51.9412 90.9137 13.7
    endloop
  endfacet
  facet normal -0 0 1
    outer loop
      vertex 51.5377 93.9782 13.7
      vertex 51.7359 90.9545 13.7
      vertex 51.7359 94.0455 13.7
    endloop
  endfacet
  facet normal 0 0 1
    outer loop
      vertex 51.5377 93.9782 13.7
      vertex 51.5377 91.0218 13.7
      vertex 51.7359 90.9545 13.7
    endloop
  endfacet
  facet normal -0 0 1
    outer loop
      vertex 51.35 93.8856 13.7
      vertex 51.5377 91.0218 13.7
      vertex 51.5377 93.9782 13.7
    endloop
  endfacet
  facet normal 0 0 1
    outer loop
      vertex 51.35 93.8856 13.7
      vertex 51.35 91.1144 13.7
      vertex 51.5377 91.0218 13.7
    endloop
  endfacet
  facet normal -0 0 1
    outer loop
      vertex 51.176 93.7694 13.7
      vertex 51.35 91.1144 13.7
      vertex 51.35 93.8856 13.7
    endloop
  endfacet
  facet normal 0 0 1
    outer loop
      vertex 51.176 93.7694 13.7
      vertex 51.176 91.2306 13.7
      vertex 51.35 91.1144 13.7
    endloop
  endfacet
  facet normal -0 0 1
    outer loop
      vertex 51.0186 93.6314 13.7
      vertex 51.176 91.2306 13.7
      vertex 51.176 93.7694 13.7
    endloop
  endfacet
  facet normal 0 0 1
    outer loop
      vertex 51.0186 93.6314 13.7
      vertex 51.0186 91.3686 13.7
      vertex 51.176 91.2306 13.7
    endloop
  endfacet
  facet normal -0 0 1
    outer loop
      vertex 50.8806 93.474 13.7
      vertex 51.0186 91.3686 13.7
      vertex 51.0186 93.6314 13.7
    endloop
  endfacet
  facet normal 0 0 1
    outer loop
      vertex 50.8806 93.474 13.7
      vertex 50.8806 91.526 13.7
      vertex 51.0186 91.3686 13.7
    endloop
  endfacet
  facet normal -0 0 1
    outer loop
      vertex 50.7644 93.3 13.7
      vertex 50.8806 91.526 13.7
      vertex 50.8806 93.474 13.7
    endloop
  endfacet
  facet normal 0 0 1
    outer loop
      vertex 50.7644 93.3 13.7
      vertex 50.7644 91.7 13.7
      vertex 50.8806 91.526 13.7
    endloop
  endfacet
  facet normal -0 0 1
    outer loop
      vertex 50.6718 93.1123 13.7
      vertex 50.7644 91.7 13.7
      vertex 50.7644 93.3 13.7
    endloop
  endfacet
  facet normal 0 0 1
    outer loop
      vertex 50.6718 93.1123 13.7
      vertex 50.6718 91.8877 13.7
      vertex 50.7644 91.7 13.7
    endloop
  endfacet
  facet normal -0 0 1
    outer loop
      vertex 50.6045 92.9141 13.7
      vertex 50.6718 91.8877 13.7
      vertex 50.6718 93.1123 13.7
    endloop
  endfacet
  facet normal 0 0 1
    outer loop
      vertex 50.6045 92.9141 13.7
      vertex 50.6045 92.0859 13.7
      vertex 50.6718 91.8877 13.7
    endloop
  endfacet
  facet normal -0 0 1
    outer loop
      vertex 50.5637 92.7088 13.7
      vertex 50.6045 92.0859 13.7
      vertex 50.6045 92.9141 13.7
    endloop
  endfacet
  facet normal 0 0 1
    outer loop
      vertex 50.5637 92.7088 13.7
      vertex 50.5637 92.2912 13.7
      vertex 50.6045 92.0859 13.7
    endloop
  endfacet
  facet normal 0 -0 1
    outer loop
      vertex 50.5637 92.2912 13.7
      vertex 50.5637 92.7088 13.7
      vertex 50.55 92.5 13.7
    endloop
  endfacet
  facet normal 0.555236 -0.830943 -0.0353045
    outer loop
      vertex 53.124 91.2306 13.7
      vertex 52.75 91.4608 2.4
      vertex 52.8805 91.548 2.4
    endloop
  endfacet
  facet normal 0.980214 0.19477 -0.035302
    outer loop
      vertex 53.3397 92.6566 2.4
      vertex 53.3091 92.8106 2.4
      vertex 53.6955 92.9141 13.7
    endloop
  endfacet
  facet normal -0.06559 0.997222 -0.0353028
    outer loop
      vertex 51.9934 93.6897 2.4
      vertex 51.9412 94.0863 13.7
      vertex 52.15 93.7 2.4
    endloop
  endfacet
  facet normal -0.555236 0.830944 -0.0352996
    outer loop
      vertex 51.4195 93.452 2.4
      vertex 51.35 93.8856 13.7
      vertex 51.55 93.5392 2.4
    endloop
  endfacet
  facet normal 0.751318 -0.658995 -0.0353039
    outer loop
      vertex 53.4194 91.526 13.7
      vertex 52.9985 91.6515 2.4
      vertex 53.102 91.7695 2.4
    endloop
  endfacet
  facet normal -0.442154 0.896245 -0.035297
    outer loop
      vertex 51.6908 93.6087 2.4
      vertex 51.35 93.8856 13.7
      vertex 51.5377 93.9782 13.7
    endloop
  endfacet
  facet normal 0.830943 -0.555236 -0.0353045
    outer loop
      vertex 53.4194 91.526 13.7
      vertex 53.102 91.7695 2.4
      vertex 53.1892 91.9 2.4
    endloop
  endfacet
  facet normal -0.997232 0.0654314 -0.0353003
    outer loop
      vertex 50.95 92.5 2.4
      vertex 50.55 92.5 13.7
      vertex 50.5637 92.7088 13.7
    endloop
  endfacet
  facet normal -0.946423 -0.320994 -0.0353027
    outer loop
      vertex 51.0413 92.0408 2.4
      vertex 50.6045 92.0859 13.7
      vertex 50.9909 92.1894 2.4
    endloop
  endfacet
  facet normal -0.320994 -0.946423 -0.0352962
    outer loop
      vertex 51.8394 91.3409 2.4
      vertex 51.5377 91.0218 13.7
      vertex 51.6908 91.3913 2.4
    endloop
  endfacet
  facet normal -0.442346 -0.896149 -0.0352965
    outer loop
      vertex 51.6908 91.3913 2.4
      vertex 51.5377 91.0218 13.7
      vertex 51.55 91.4608 2.4
    endloop
  endfacet
  facet normal -0.980213 -0.19477 -0.0353026
    outer loop
      vertex 50.9909 92.1894 2.4
      vertex 50.5637 92.2912 13.7
      vertex 50.9603 92.3434 2.4
    endloop
  endfacet
  facet normal 0.1948 -0.980207 -0.0353026
    outer loop
      vertex 52.3588 90.9137 13.7
      vertex 52.3066 91.3103 2.4
      vertex 52.5641 90.9545 13.7
    endloop
  endfacet
  facet normal -0.997222 -0.06559 -0.0353028
    outer loop
      vertex 50.9603 92.3434 2.4
      vertex 50.5637 92.2912 13.7
      vertex 50.95 92.5 2.4
    endloop
  endfacet
  facet normal 0.0654314 -0.997232 -0.0353025
    outer loop
      vertex 52.3588 90.9137 13.7
      vertex 52.15 90.9 13.7
      vertex 52.3066 91.3103 2.4
    endloop
  endfacet
  facet normal 0 0 1
    outer loop
      vertex 12.4863 70.2488 13.7
      vertex 12.4863 69.8312 13.7
      vertex 12.5 70.04 13.7
    endloop
  endfacet
  facet normal 0 0 1
    outer loop
      vertex 12.4455 70.4541 13.7
      vertex 12.4863 69.8312 13.7
      vertex 12.4863 70.2488 13.7
    endloop
  endfacet
  facet normal 0 0 1
    outer loop
      vertex 12.4455 70.4541 13.7
      vertex 12.4455 69.6259 13.7
      vertex 12.4863 69.8312 13.7
    endloop
  endfacet
  facet normal 0 0 1
    outer loop
      vertex 12.3782 70.6523 13.7
      vertex 12.4455 69.6259 13.7
      vertex 12.4455 70.4541 13.7
    endloop
  endfacet
  facet normal 0 0 1
    outer loop
      vertex 12.3782 70.6523 13.7
      vertex 12.3782 69.4277 13.7
      vertex 12.4455 69.6259 13.7
    endloop
  endfacet
  facet normal 0 0 1
    outer loop
      vertex 12.2856 70.84 13.7
      vertex 12.3782 69.4277 13.7
      vertex 12.3782 70.6523 13.7
    endloop
  endfacet
  facet normal 0 0 1
    outer loop
      vertex 12.2856 70.84 13.7
      vertex 12.2856 69.24 13.7
      vertex 12.3782 69.4277 13.7
    endloop
  endfacet
  facet normal 0 0 1
    outer loop
      vertex 12.1694 71.014 13.7
      vertex 12.2856 69.24 13.7
      vertex 12.2856 70.84 13.7
    endloop
  endfacet
  facet normal 0 0 1
    outer loop
      vertex 12.1694 71.014 13.7
      vertex 12.1694 69.066 13.7
      vertex 12.2856 69.24 13.7
    endloop
  endfacet
  facet normal 0 0 1
    outer loop
      vertex 12.0314 71.1714 13.7
      vertex 12.1694 69.066 13.7
      vertex 12.1694 71.014 13.7
    endloop
  endfacet
  facet normal 0 0 1
    outer loop
      vertex 12.0314 71.1714 13.7
      vertex 12.0314 68.9086 13.7
      vertex 12.1694 69.066 13.7
    endloop
  endfacet
  facet normal 0 0 1
    outer loop
      vertex 11.874 71.3094 13.7
      vertex 12.0314 68.9086 13.7
      vertex 12.0314 71.1714 13.7
    endloop
  endfacet
  facet normal 0 0 1
    outer loop
      vertex 11.874 71.3094 13.7
      vertex 11.874 68.7706 13.7
      vertex 12.0314 68.9086 13.7
    endloop
  endfacet
  facet normal 0 0 1
    outer loop
      vertex 11.7 71.4256 13.7
      vertex 11.874 68.7706 13.7
      vertex 11.874 71.3094 13.7
    endloop
  endfacet
  facet normal 0 0 1
    outer loop
      vertex 11.7 71.4256 13.7
      vertex 11.7 68.6544 13.7
      vertex 11.874 68.7706 13.7
    endloop
  endfacet
  facet normal 0 0 1
    outer loop
      vertex 11.5123 71.5182 13.7
      vertex 11.7 68.6544 13.7
      vertex 11.7 71.4256 13.7
    endloop
  endfacet
  facet normal 0 0 1
    outer loop
      vertex 11.5123 71.5182 13.7
      vertex 11.5123 68.5618 13.7
      vertex 11.7 68.6544 13.7
    endloop
  endfacet
  facet normal 0 0 1
    outer loop
      vertex 11.3141 71.5855 13.7
      vertex 11.5123 68.5618 13.7
      vertex 11.5123 71.5182 13.7
    endloop
  endfacet
  facet normal 0 0 1
    outer loop
      vertex 11.3141 71.5855 13.7
      vertex 11.3141 68.4945 13.7
      vertex 11.5123 68.5618 13.7
    endloop
  endfacet
  facet normal 0 0 1
    outer loop
      vertex 11.1088 71.6263 13.7
      vertex 11.3141 68.4945 13.7
      vertex 11.3141 71.5855 13.7
    endloop
  endfacet
  facet normal 0 0 1
    outer loop
      vertex 11.1088 71.6263 13.7
      vertex 11.1088 68.4537 13.7
      vertex 11.3141 68.4945 13.7
    endloop
  endfacet
  facet normal 0 0 1
    outer loop
      vertex 10.9 71.64 13.7
      vertex 11.1088 68.4537 13.7
      vertex 11.1088 71.6263 13.7
    endloop
  endfacet
  facet normal 0 0 1
    outer loop
      vertex 10.9 71.64 13.7
      vertex 10.9 68.44 13.7
      vertex 11.1088 68.4537 13.7
    endloop
  endfacet
  facet normal -0 0 1
    outer loop
      vertex 10.6912 71.6263 13.7
      vertex 10.9 68.44 13.7
      vertex 10.9 71.64 13.7
    endloop
  endfacet
  facet normal 0 0 1
    outer loop
      vertex 10.6912 71.6263 13.7
      vertex 10.6912 68.4537 13.7
      vertex 10.9 68.44 13.7
    endloop
  endfacet
  facet normal -0 0 1
    outer loop
      vertex 10.4859 71.5855 13.7
      vertex 10.6912 68.4537 13.7
      vertex 10.6912 71.6263 13.7
    endloop
  endfacet
  facet normal 0 0 1
    outer loop
      vertex 10.4859 71.5855 13.7
      vertex 10.4859 68.4945 13.7
      vertex 10.6912 68.4537 13.7
    endloop
  endfacet
  facet normal -0 0 1
    outer loop
      vertex 10.2877 71.5182 13.7
      vertex 10.4859 68.4945 13.7
      vertex 10.4859 71.5855 13.7
    endloop
  endfacet
  facet normal 0 0 1
    outer loop
      vertex 10.2877 71.5182 13.7
      vertex 10.2877 68.5618 13.7
      vertex 10.4859 68.4945 13.7
    endloop
  endfacet
  facet normal -0 0 1
    outer loop
      vertex 10.1 71.4256 13.7
      vertex 10.2877 68.5618 13.7
      vertex 10.2877 71.5182 13.7
    endloop
  endfacet
  facet normal 0 0 1
    outer loop
      vertex 10.1 71.4256 13.7
      vertex 10.1 68.6544 13.7
      vertex 10.2877 68.5618 13.7
    endloop
  endfacet
  facet normal -0 0 1
    outer loop
      vertex 9.92598 71.3094 13.7
      vertex 10.1 68.6544 13.7
      vertex 10.1 71.4256 13.7
    endloop
  endfacet
  facet normal 0 0 1
    outer loop
      vertex 9.92598 71.3094 13.7
      vertex 9.92598 68.7706 13.7
      vertex 10.1 68.6544 13.7
    endloop
  endfacet
  facet normal -0 0 1
    outer loop
      vertex 9.76863 71.1714 13.7
      vertex 9.92598 68.7706 13.7
      vertex 9.92598 71.3094 13.7
    endloop
  endfacet
  facet normal 0 0 1
    outer loop
      vertex 9.76863 71.1714 13.7
      vertex 9.76863 68.9086 13.7
      vertex 9.92598 68.7706 13.7
    endloop
  endfacet
  facet normal -0 0 1
    outer loop
      vertex 9.63063 71.014 13.7
      vertex 9.76863 68.9086 13.7
      vertex 9.76863 71.1714 13.7
    endloop
  endfacet
  facet normal 0 0 1
    outer loop
      vertex 9.63063 71.014 13.7
      vertex 9.63063 69.066 13.7
      vertex 9.76863 68.9086 13.7
    endloop
  endfacet
  facet normal -0 0 1
    outer loop
      vertex 9.51436 70.84 13.7
      vertex 9.63063 69.066 13.7
      vertex 9.63063 71.014 13.7
    endloop
  endfacet
  facet normal 0 0 1
    outer loop
      vertex 9.51436 70.84 13.7
      vertex 9.51436 69.24 13.7
      vertex 9.63063 69.066 13.7
    endloop
  endfacet
  facet normal -0 0 1
    outer loop
      vertex 9.42179 70.6523 13.7
      vertex 9.51436 69.24 13.7
      vertex 9.51436 70.84 13.7
    endloop
  endfacet
  facet normal 0 0 1
    outer loop
      vertex 9.42179 70.6523 13.7
      vertex 9.42179 69.4277 13.7
      vertex 9.51436 69.24 13.7
    endloop
  endfacet
  facet normal -0 0 1
    outer loop
      vertex 9.35452 70.4541 13.7
      vertex 9.42179 69.4277 13.7
      vertex 9.42179 70.6523 13.7
    endloop
  endfacet
  facet normal 0 0 1
    outer loop
      vertex 9.35452 70.4541 13.7
      vertex 9.35452 69.6259 13.7
      vertex 9.42179 69.4277 13.7
    endloop
  endfacet
  facet normal -0 0 1
    outer loop
      vertex 9.31369 70.2488 13.7
      vertex 9.35452 69.6259 13.7
      vertex 9.35452 70.4541 13.7
    endloop
  endfacet
  facet normal 0 0 1
    outer loop
      vertex 9.31369 70.2488 13.7
      vertex 9.31369 69.8312 13.7
      vertex 9.35452 69.6259 13.7
    endloop
  endfacet
  facet normal 0 -0 1
    outer loop
      vertex 9.31369 69.8312 13.7
      vertex 9.31369 70.2488 13.7
      vertex 9.3 70.04 13.7
    endloop
  endfacet
  facet normal -0.06559 -0.997222 -0.0353028
    outer loop
      vertex 10.9 68.84 2.4
      vertex 10.6912 68.4537 13.7
      vertex 10.7434 68.8503 2.4
    endloop
  endfacet
  facet normal -0.98018 0.194938 -0.0352998
    outer loop
      vertex 9.74089 70.3506 2.4
      vertex 9.31369 70.2488 13.7
      vertex 9.35452 70.4541 13.7
    endloop
  endfacet
  facet normal 0.997222 -0.06559 -0.0352999
    outer loop
      vertex 12.5 70.04 13.7
      vertex 12.0897 69.8834 2.4
      vertex 12.1 70.04 2.4
    endloop
  endfacet
  facet normal 0.997232 -0.0654314 -0.0353025
    outer loop
      vertex 12.4863 69.8312 13.7
      vertex 12.0897 69.8834 2.4
      vertex 12.5 70.04 13.7
    endloop
  endfacet
  facet normal 0.831091 -0.555016 -0.0353003
    outer loop
      vertex 12.1694 69.066 13.7
      vertex 11.9392 69.44 2.4
      vertex 12.2856 69.24 13.7
    endloop
  endfacet
  facet normal 0.442154 0.896245 -0.035297
    outer loop
      vertex 11.7 71.4256 13.7
      vertex 11.3592 71.1487 2.4
      vertex 11.5123 71.5182 13.7
    endloop
  endfacet
  facet normal 0.320994 -0.946423 -0.0352962
    outer loop
      vertex 11.5123 68.5618 13.7
      vertex 11.2106 68.8809 2.4
      vertex 11.3592 68.9313 2.4
    endloop
  endfacet
  facet normal 0.555236 -0.830943 -0.0353045
    outer loop
      vertex 11.874 68.7706 13.7
      vertex 11.5 69.0008 2.4
      vertex 11.6305 69.088 2.4
    endloop
  endfacet
  facet normal 0.896149 0.442346 -0.0352965
    outer loop
      vertex 12.0087 70.4992 2.4
      vertex 11.9392 70.64 2.4
      vertex 12.3782 70.6523 13.7
    endloop
  endfacet
  facet normal 0.442154 -0.896244 -0.0353
    outer loop
      vertex 11.5123 68.5618 13.7
      vertex 11.5 69.0008 2.4
      vertex 11.7 68.6544 13.7
    endloop
  endfacet
  facet normal 0.658995 0.751318 -0.0353078
    outer loop
      vertex 11.7485 70.8885 2.4
      vertex 11.6305 70.992 2.4
      vertex 12.0314 71.1714 13.7
    endloop
  endfacet
  facet normal -0.980189 -0.194892 -0.0353006
    outer loop
      vertex 9.74089 69.7294 2.4
      vertex 9.31369 69.8312 13.7
      vertex 9.71027 69.8834 2.4
    endloop
  endfacet
  facet normal -0.946326 0.32128 -0.0352995
    outer loop
      vertex 9.74089 70.3506 2.4
      vertex 9.35452 70.4541 13.7
      vertex 9.79134 70.4992 2.4
    endloop
  endfacet
  facet normal -0.896301 0.442038 -0.0353013
    outer loop
      vertex 9.79134 70.4992 2.4
      vertex 9.42179 70.6523 13.7
      vertex 9.51436 70.84 13.7
    endloop
  endfacet
  facet normal -0.1948 0.980207 -0.0353021
    outer loop
      vertex 10.5894 71.1991 2.4
      vertex 10.4859 71.5855 13.7
      vertex 10.6912 71.6263 13.7
    endloop
  endfacet
  facet normal -0.946354 -0.321197 -0.0353009
    outer loop
      vertex 9.42179 69.4277 13.7
      vertex 9.35452 69.6259 13.7
      vertex 9.79134 69.5808 2.4
    endloop
  endfacet
  facet normal -0.946354 0.321197 -0.0353009
    outer loop
      vertex 9.79134 70.4992 2.4
      vertex 9.35452 70.4541 13.7
      vertex 9.42179 70.6523 13.7
    endloop
  endfacet
  facet normal 0.555236 0.830944 -0.0352996
    outer loop
      vertex 11.6305 70.992 2.4
      vertex 11.5 71.0792 2.4
      vertex 11.7 71.4256 13.7
    endloop
  endfacet
  facet normal 0.980214 -0.19477 -0.035302
    outer loop
      vertex 12.4455 69.6259 13.7
      vertex 12.0591 69.7294 2.4
      vertex 12.0897 69.8834 2.4
    endloop
  endfacet
  facet normal -0.0654314 0.997232 -0.0353003
    outer loop
      vertex 10.9 71.24 2.4
      vertex 10.6912 71.6263 13.7
      vertex 10.9 71.64 13.7
    endloop
  endfacet
  facet normal -0.554971 0.83112 -0.0353048
    outer loop
      vertex 10.1695 70.992 2.4
      vertex 9.92598 71.3094 13.7
      vertex 10.1 71.4256 13.7
    endloop
  endfacet
  facet normal 0.555016 0.83109 -0.0353039
    outer loop
      vertex 11.874 71.3094 13.7
      vertex 11.6305 70.992 2.4
      vertex 11.7 71.4256 13.7
    endloop
  endfacet
  facet normal 0.06559 0.997222 -0.0353028
    outer loop
      vertex 11.0566 71.2297 2.4
      vertex 10.9 71.24 2.4
      vertex 11.1088 71.6263 13.7
    endloop
  endfacet
  facet normal 0.1948 -0.980207 -0.0353021
    outer loop
      vertex 11.3141 68.4945 13.7
      vertex 11.1088 68.4537 13.7
      vertex 11.2106 68.8809 2.4
    endloop
  endfacet
  facet normal -0.751457 0.658837 -0.035301
    outer loop
      vertex 9.94798 70.7705 2.4
      vertex 9.63063 71.014 13.7
      vertex 9.76863 71.1714 13.7
    endloop
  endfacet
  facet normal 0.0654314 0.997232 -0.0353003
    outer loop
      vertex 10.9 71.24 2.4
      vertex 10.9 71.64 13.7
      vertex 11.1088 71.6263 13.7
    endloop
  endfacet
  facet normal 0.555016 -0.831091 -0.0353003
    outer loop
      vertex 11.7 68.6544 13.7
      vertex 11.5 69.0008 2.4
      vertex 11.874 68.7706 13.7
    endloop
  endfacet
  facet normal 0.751318 0.658995 -0.0353039
    outer loop
      vertex 11.852 70.7705 2.4
      vertex 11.7485 70.8885 2.4
      vertex 12.1694 71.014 13.7
    endloop
  endfacet
  facet normal 0.980207 -0.1948 -0.0353026
    outer loop
      vertex 12.4455 69.6259 13.7
      vertex 12.0897 69.8834 2.4
      vertex 12.4863 69.8312 13.7
    endloop
  endfacet
  facet normal 0.1948 0.980207 -0.0353021
    outer loop
      vertex 11.2106 71.1991 2.4
      vertex 11.1088 71.6263 13.7
      vertex 11.3141 71.5855 13.7
    endloop
  endfacet
  facet normal -0.321325 0.946311 -0.0352971
    outer loop
      vertex 10.4408 71.1487 2.4
      vertex 10.2877 71.5182 13.7
      vertex 10.4859 71.5855 13.7
    endloop
  endfacet
  facet normal 0.896149 -0.442346 -0.0352965
    outer loop
      vertex 12.3782 69.4277 13.7
      vertex 11.9392 69.44 2.4
      vertex 12.0087 69.5808 2.4
    endloop
  endfacet
  facet normal 0.0654314 -0.997232 -0.0353003
    outer loop
      vertex 10.9 68.44 13.7
      vertex 10.9 68.84 2.4
      vertex 11.1088 68.4537 13.7
    endloop
  endfacet
  facet normal -0.554972 -0.83112 -0.0353004
    outer loop
      vertex 10.1 68.6544 13.7
      vertex 9.92598 68.7706 13.7
      vertex 10.3 69.0008 2.4
    endloop
  endfacet
  facet normal 0.751456 0.658837 -0.0353073
    outer loop
      vertex 12.1694 71.014 13.7
      vertex 11.7485 70.8885 2.4
      vertex 12.0314 71.1714 13.7
    endloop
  endfacet
  facet normal 0.896244 0.442154 -0.0353
    outer loop
      vertex 12.3782 70.6523 13.7
      vertex 11.9392 70.64 2.4
      vertex 12.2856 70.84 13.7
    endloop
  endfacet
  facet normal -0.896326 0.441988 -0.0353003
    outer loop
      vertex 9.79134 70.4992 2.4
      vertex 9.51436 70.84 13.7
      vertex 9.86077 70.64 2.4
    endloop
  endfacet
  facet normal 0.442346 -0.896149 -0.0352965
    outer loop
      vertex 11.5123 68.5618 13.7
      vertex 11.3592 68.9313 2.4
      vertex 11.5 69.0008 2.4
    endloop
  endfacet
  facet normal -0.1948 -0.980207 -0.0353021
    outer loop
      vertex 10.6912 68.4537 13.7
      vertex 10.4859 68.4945 13.7
      vertex 10.5894 68.8809 2.4
    endloop
  endfacet
  facet normal 0.831091 0.555016 -0.0353003
    outer loop
      vertex 12.2856 70.84 13.7
      vertex 11.9392 70.64 2.4
      vertex 12.1694 71.014 13.7
    endloop
  endfacet
  facet normal -0.442154 0.896245 -0.035297
    outer loop
      vertex 10.4408 71.1487 2.4
      vertex 10.1 71.4256 13.7
      vertex 10.2877 71.5182 13.7
    endloop
  endfacet
  facet normal 0.320994 0.946423 -0.0353027
    outer loop
      vertex 11.3592 71.1487 2.4
      vertex 11.2106 71.1991 2.4
      vertex 11.3141 71.5855 13.7
    endloop
  endfacet
  facet normal -0.830936 0.555247 -0.0353009
    outer loop
      vertex 9.94798 70.7705 2.4
      vertex 9.51436 70.84 13.7
      vertex 9.63063 71.014 13.7
    endloop
  endfacet
  facet normal 0.946311 0.321325 -0.0353019
    outer loop
      vertex 12.4455 70.4541 13.7
      vertex 12.0591 70.3506 2.4
      vertex 12.3782 70.6523 13.7
    endloop
  endfacet
  facet normal -0.442154 -0.896244 -0.0353
    outer loop
      vertex 10.2877 68.5618 13.7
      vertex 10.1 68.6544 13.7
      vertex 10.3 69.0008 2.4
    endloop
  endfacet
  facet normal -0.555236 0.830944 -0.0352996
    outer loop
      vertex 10.1695 70.992 2.4
      vertex 10.1 71.4256 13.7
      vertex 10.3 71.0792 2.4
    endloop
  endfacet
  facet normal 0.19477 -0.980213 -0.0353026
    outer loop
      vertex 11.1088 68.4537 13.7
      vertex 11.0566 68.8503 2.4
      vertex 11.2106 68.8809 2.4
    endloop
  endfacet
  facet normal 0.980207 0.1948 -0.0353026
    outer loop
      vertex 12.4863 70.2488 13.7
      vertex 12.0897 70.1966 2.4
      vertex 12.4455 70.4541 13.7
    endloop
  endfacet
  facet normal 0.321325 0.946311 -0.0352971
    outer loop
      vertex 11.3592 71.1487 2.4
      vertex 11.3141 71.5855 13.7
      vertex 11.5123 71.5182 13.7
    endloop
  endfacet
  facet normal 0.19477 0.980213 -0.0353026
    outer loop
      vertex 11.2106 71.1991 2.4
      vertex 11.0566 71.2297 2.4
      vertex 11.1088 71.6263 13.7
    endloop
  endfacet
  facet normal 0.830943 0.555236 -0.0353045
    outer loop
      vertex 11.9392 70.64 2.4
      vertex 11.852 70.7705 2.4
      vertex 12.1694 71.014 13.7
    endloop
  endfacet
  facet normal 0.658837 0.751457 -0.0353044
    outer loop
      vertex 12.0314 71.1714 13.7
      vertex 11.6305 70.992 2.4
      vertex 11.874 71.3094 13.7
    endloop
  endfacet
  facet normal 0.321325 -0.946311 -0.0353019
    outer loop
      vertex 11.3141 68.4945 13.7
      vertex 11.2106 68.8809 2.4
      vertex 11.5123 68.5618 13.7
    endloop
  endfacet
  facet normal -0.19477 -0.980213 -0.0353026
    outer loop
      vertex 10.6912 68.4537 13.7
      vertex 10.5894 68.8809 2.4
      vertex 10.7434 68.8503 2.4
    endloop
  endfacet
  facet normal 0.997232 0.0654314 -0.0353025
    outer loop
      vertex 12.5 70.04 13.7
      vertex 12.0897 70.1966 2.4
      vertex 12.4863 70.2488 13.7
    endloop
  endfacet
  facet normal 0.997222 0.06559 -0.0352999
    outer loop
      vertex 12.1 70.04 2.4
      vertex 12.0897 70.1966 2.4
      vertex 12.5 70.04 13.7
    endloop
  endfacet
  facet normal -0.320994 0.946423 -0.0353027
    outer loop
      vertex 10.5894 71.1991 2.4
      vertex 10.4408 71.1487 2.4
      vertex 10.4859 71.5855 13.7
    endloop
  endfacet
  facet normal -0.658956 0.751353 -0.0353052
    outer loop
      vertex 10.1695 70.992 2.4
      vertex 9.76863 71.1714 13.7
      vertex 9.92598 71.3094 13.7
    endloop
  endfacet
  facet normal 0.658837 -0.751456 -0.0353073
    outer loop
      vertex 11.874 68.7706 13.7
      vertex 11.7485 69.1915 2.4
      vertex 12.0314 68.9086 13.7
    endloop
  endfacet
  facet normal -0.830936 -0.555247 -0.0353009
    outer loop
      vertex 9.63063 69.066 13.7
      vertex 9.51436 69.24 13.7
      vertex 9.94798 69.3095 2.4
    endloop
  endfacet
  facet normal 0.896244 -0.442154 -0.0353
    outer loop
      vertex 12.2856 69.24 13.7
      vertex 11.9392 69.44 2.4
      vertex 12.3782 69.4277 13.7
    endloop
  endfacet
  facet normal -0.997236 0.0653839 -0.0353004
    outer loop
      vertex 9.7 70.04 2.4
      vertex 9.3 70.04 13.7
      vertex 9.31369 70.2488 13.7
    endloop
  endfacet
  facet normal -0.830914 0.55528 -0.0353003
    outer loop
      vertex 9.86077 70.64 2.4
      vertex 9.51436 70.84 13.7
      vertex 9.94798 70.7705 2.4
    endloop
  endfacet
  facet normal -0.997235 0.0653997 -0.0353006
    outer loop
      vertex 9.7 70.04 2.4
      vertex 9.31369 70.2488 13.7
      vertex 9.71027 70.1966 2.4
    endloop
  endfacet
  facet normal -0.830914 -0.55528 -0.0353003
    outer loop
      vertex 9.94798 69.3095 2.4
      vertex 9.51436 69.24 13.7
      vertex 9.86077 69.44 2.4
    endloop
  endfacet
  facet normal 0.830943 -0.555236 -0.0353045
    outer loop
      vertex 12.1694 69.066 13.7
      vertex 11.852 69.3095 2.4
      vertex 11.9392 69.44 2.4
    endloop
  endfacet
  facet normal -0.0654314 -0.997232 -0.0353003
    outer loop
      vertex 10.9 68.44 13.7
      vertex 10.6912 68.4537 13.7
      vertex 10.9 68.84 2.4
    endloop
  endfacet
  facet normal 0.946311 -0.321325 -0.0353019
    outer loop
      vertex 12.3782 69.4277 13.7
      vertex 12.0591 69.7294 2.4
      vertex 12.4455 69.6259 13.7
    endloop
  endfacet
  facet normal -0.896326 -0.441988 -0.0353003
    outer loop
      vertex 9.86077 69.44 2.4
      vertex 9.51436 69.24 13.7
      vertex 9.79134 69.5808 2.4
    endloop
  endfacet
  facet normal -0.946326 -0.32128 -0.0352995
    outer loop
      vertex 9.79134 69.5808 2.4
      vertex 9.35452 69.6259 13.7
      vertex 9.74089 69.7294 2.4
    endloop
  endfacet
  facet normal 0.946423 0.320994 -0.0352962
    outer loop
      vertex 12.0591 70.3506 2.4
      vertex 12.0087 70.4992 2.4
      vertex 12.3782 70.6523 13.7
    endloop
  endfacet
  facet normal -0.442346 -0.896149 -0.0352965
    outer loop
      vertex 10.4408 68.9313 2.4
      vertex 10.2877 68.5618 13.7
      vertex 10.3 69.0008 2.4
    endloop
  endfacet
  facet normal 0.06559 -0.997222 -0.0353028
    outer loop
      vertex 11.1088 68.4537 13.7
      vertex 10.9 68.84 2.4
      vertex 11.0566 68.8503 2.4
    endloop
  endfacet
  facet normal -0.751255 -0.659067 -0.035306
    outer loop
      vertex 10.0515 69.1915 2.4
      vertex 9.76863 68.9086 13.7
      vertex 9.94798 69.3095 2.4
    endloop
  endfacet
  facet normal 0.946423 -0.320994 -0.0352962
    outer loop
      vertex 12.3782 69.4277 13.7
      vertex 12.0087 69.5808 2.4
      vertex 12.0591 69.7294 2.4
    endloop
  endfacet
  facet normal 0.442346 0.896149 -0.0353005
    outer loop
      vertex 11.5 71.0792 2.4
      vertex 11.3592 71.1487 2.4
      vertex 11.7 71.4256 13.7
    endloop
  endfacet
  facet normal -0.980189 0.194892 -0.0353006
    outer loop
      vertex 9.71027 70.1966 2.4
      vertex 9.31369 70.2488 13.7
      vertex 9.74089 70.3506 2.4
    endloop
  endfacet
  facet normal -0.896301 -0.442038 -0.0353013
    outer loop
      vertex 9.51436 69.24 13.7
      vertex 9.42179 69.4277 13.7
      vertex 9.79134 69.5808 2.4
    endloop
  endfacet
  facet normal -0.98018 -0.194938 -0.0352998
    outer loop
      vertex 9.35452 69.6259 13.7
      vertex 9.31369 69.8312 13.7
      vertex 9.74089 69.7294 2.4
    endloop
  endfacet
  facet normal -0.442346 0.896149 -0.0353005
    outer loop
      vertex 10.3 71.0792 2.4
      vertex 10.1 71.4256 13.7
      vertex 10.4408 71.1487 2.4
    endloop
  endfacet
  facet normal -0.321325 -0.946311 -0.0353019
    outer loop
      vertex 10.4859 68.4945 13.7
      vertex 10.2877 68.5618 13.7
      vertex 10.5894 68.8809 2.4
    endloop
  endfacet
  facet normal 0.980214 0.19477 -0.035302
    outer loop
      vertex 12.0897 70.1966 2.4
      vertex 12.0591 70.3506 2.4
      vertex 12.4455 70.4541 13.7
    endloop
  endfacet
  facet normal -0.658995 -0.751318 -0.035305
    outer loop
      vertex 10.1695 69.088 2.4
      vertex 9.92598 68.7706 13.7
      vertex 10.0515 69.1915 2.4
    endloop
  endfacet
  facet normal -0.320994 -0.946423 -0.0352962
    outer loop
      vertex 10.5894 68.8809 2.4
      vertex 10.2877 68.5618 13.7
      vertex 10.4408 68.9313 2.4
    endloop
  endfacet
  facet normal 0.751318 -0.658995 -0.0353039
    outer loop
      vertex 12.1694 69.066 13.7
      vertex 11.7485 69.1915 2.4
      vertex 11.852 69.3095 2.4
    endloop
  endfacet
  facet normal -0.751457 -0.658837 -0.035301
    outer loop
      vertex 9.76863 68.9086 13.7
      vertex 9.63063 69.066 13.7
      vertex 9.94798 69.3095 2.4
    endloop
  endfacet
  facet normal -0.658956 -0.751353 -0.0353059
    outer loop
      vertex 9.92598 68.7706 13.7
      vertex 9.76863 68.9086 13.7
      vertex 10.0515 69.1915 2.4
    endloop
  endfacet
  facet normal 0.658995 -0.751318 -0.0353039
    outer loop
      vertex 11.874 68.7706 13.7
      vertex 11.6305 69.088 2.4
      vertex 11.7485 69.1915 2.4
    endloop
  endfacet
  facet normal 0.751456 -0.658837 -0.0353073
    outer loop
      vertex 12.0314 68.9086 13.7
      vertex 11.7485 69.1915 2.4
      vertex 12.1694 69.066 13.7
    endloop
  endfacet
  facet normal -0.555236 -0.830943 -0.0353055
    outer loop
      vertex 10.3 69.0008 2.4
      vertex 9.92598 68.7706 13.7
      vertex 10.1695 69.088 2.4
    endloop
  endfacet
  facet normal -0.997236 -0.0653839 -0.0353004
    outer loop
      vertex 9.31369 69.8312 13.7
      vertex 9.3 70.04 13.7
      vertex 9.7 70.04 2.4
    endloop
  endfacet
  facet normal -0.751255 0.659067 -0.035306
    outer loop
      vertex 9.94798 70.7705 2.4
      vertex 9.76863 71.1714 13.7
      vertex 10.0515 70.8885 2.4
    endloop
  endfacet
  facet normal -0.06559 0.997222 -0.0353028
    outer loop
      vertex 10.7434 71.2297 2.4
      vertex 10.6912 71.6263 13.7
      vertex 10.9 71.24 2.4
    endloop
  endfacet
  facet normal -0.997235 -0.0653997 -0.0353006
    outer loop
      vertex 9.71027 69.8834 2.4
      vertex 9.31369 69.8312 13.7
      vertex 9.7 70.04 2.4
    endloop
  endfacet
  facet normal -0.19477 0.980213 -0.0353026
    outer loop
      vertex 10.7434 71.2297 2.4
      vertex 10.5894 71.1991 2.4
      vertex 10.6912 71.6263 13.7
    endloop
  endfacet
  facet normal -0.658995 0.751318 -0.035306
    outer loop
      vertex 10.0515 70.8885 2.4
      vertex 9.76863 71.1714 13.7
      vertex 10.1695 70.992 2.4
    endloop
  endfacet
  facet normal 0 0 1
    outer loop
      vertex 53.7363 70.2488 13.7
      vertex 53.7363 69.8312 13.7
      vertex 53.75 70.04 13.7
    endloop
  endfacet
  facet normal 0 0 1
    outer loop
      vertex 53.6955 70.4541 13.7
      vertex 53.7363 69.8312 13.7
      vertex 53.7363 70.2488 13.7
    endloop
  endfacet
  facet normal 0 0 1
    outer loop
      vertex 53.6955 70.4541 13.7
      vertex 53.6955 69.6259 13.7
      vertex 53.7363 69.8312 13.7
    endloop
  endfacet
  facet normal 0 0 1
    outer loop
      vertex 53.6282 70.6523 13.7
      vertex 53.6955 69.6259 13.7
      vertex 53.6955 70.4541 13.7
    endloop
  endfacet
  facet normal 0 0 1
    outer loop
      vertex 53.6282 70.6523 13.7
      vertex 53.6282 69.4277 13.7
      vertex 53.6955 69.6259 13.7
    endloop
  endfacet
  facet normal 0 0 1
    outer loop
      vertex 53.5356 70.84 13.7
      vertex 53.6282 69.4277 13.7
      vertex 53.6282 70.6523 13.7
    endloop
  endfacet
  facet normal 0 0 1
    outer loop
      vertex 53.5356 70.84 13.7
      vertex 53.5356 69.24 13.7
      vertex 53.6282 69.4277 13.7
    endloop
  endfacet
  facet normal 0 0 1
    outer loop
      vertex 53.4194 71.014 13.7
      vertex 53.5356 69.24 13.7
      vertex 53.5356 70.84 13.7
    endloop
  endfacet
  facet normal 0 0 1
    outer loop
      vertex 53.4194 71.014 13.7
      vertex 53.4194 69.066 13.7
      vertex 53.5356 69.24 13.7
    endloop
  endfacet
  facet normal 0 0 1
    outer loop
      vertex 53.2814 71.1714 13.7
      vertex 53.4194 69.066 13.7
      vertex 53.4194 71.014 13.7
    endloop
  endfacet
  facet normal 0 0 1
    outer loop
      vertex 53.2814 71.1714 13.7
      vertex 53.2814 68.9086 13.7
      vertex 53.4194 69.066 13.7
    endloop
  endfacet
  facet normal 0 0 1
    outer loop
      vertex 53.124 71.3094 13.7
      vertex 53.2814 68.9086 13.7
      vertex 53.2814 71.1714 13.7
    endloop
  endfacet
  facet normal 0 0 1
    outer loop
      vertex 53.124 71.3094 13.7
      vertex 53.124 68.7706 13.7
      vertex 53.2814 68.9086 13.7
    endloop
  endfacet
  facet normal 0 0 1
    outer loop
      vertex 52.95 71.4256 13.7
      vertex 53.124 68.7706 13.7
      vertex 53.124 71.3094 13.7
    endloop
  endfacet
  facet normal 0 0 1
    outer loop
      vertex 52.95 71.4256 13.7
      vertex 52.95 68.6544 13.7
      vertex 53.124 68.7706 13.7
    endloop
  endfacet
  facet normal 0 0 1
    outer loop
      vertex 52.7623 71.5182 13.7
      vertex 52.95 68.6544 13.7
      vertex 52.95 71.4256 13.7
    endloop
  endfacet
  facet normal 0 0 1
    outer loop
      vertex 52.7623 71.5182 13.7
      vertex 52.7623 68.5618 13.7
      vertex 52.95 68.6544 13.7
    endloop
  endfacet
  facet normal 0 0 1
    outer loop
      vertex 52.5641 71.5855 13.7
      vertex 52.7623 68.5618 13.7
      vertex 52.7623 71.5182 13.7
    endloop
  endfacet
  facet normal 0 0 1
    outer loop
      vertex 52.5641 71.5855 13.7
      vertex 52.5641 68.4945 13.7
      vertex 52.7623 68.5618 13.7
    endloop
  endfacet
  facet normal 0 0 1
    outer loop
      vertex 52.3588 71.6263 13.7
      vertex 52.5641 68.4945 13.7
      vertex 52.5641 71.5855 13.7
    endloop
  endfacet
  facet normal 0 0 1
    outer loop
      vertex 52.3588 71.6263 13.7
      vertex 52.3588 68.4537 13.7
      vertex 52.5641 68.4945 13.7
    endloop
  endfacet
  facet normal 0 0 1
    outer loop
      vertex 52.15 71.64 13.7
      vertex 52.3588 68.4537 13.7
      vertex 52.3588 71.6263 13.7
    endloop
  endfacet
  facet normal 0 0 1
    outer loop
      vertex 52.15 71.64 13.7
      vertex 52.15 68.44 13.7
      vertex 52.3588 68.4537 13.7
    endloop
  endfacet
  facet normal -0 0 1
    outer loop
      vertex 51.9412 71.6263 13.7
      vertex 52.15 68.44 13.7
      vertex 52.15 71.64 13.7
    endloop
  endfacet
  facet normal 0 0 1
    outer loop
      vertex 51.9412 71.6263 13.7
      vertex 51.9412 68.4537 13.7
      vertex 52.15 68.44 13.7
    endloop
  endfacet
  facet normal -0 0 1
    outer loop
      vertex 51.7359 71.5855 13.7
      vertex 51.9412 68.4537 13.7
      vertex 51.9412 71.6263 13.7
    endloop
  endfacet
  facet normal 0 0 1
    outer loop
      vertex 51.7359 71.5855 13.7
      vertex 51.7359 68.4945 13.7
      vertex 51.9412 68.4537 13.7
    endloop
  endfacet
  facet normal -0 0 1
    outer loop
      vertex 51.5377 71.5182 13.7
      vertex 51.7359 68.4945 13.7
      vertex 51.7359 71.5855 13.7
    endloop
  endfacet
  facet normal 0 0 1
    outer loop
      vertex 51.5377 71.5182 13.7
      vertex 51.5377 68.5618 13.7
      vertex 51.7359 68.4945 13.7
    endloop
  endfacet
  facet normal -0 0 1
    outer loop
      vertex 51.35 71.4256 13.7
      vertex 51.5377 68.5618 13.7
      vertex 51.5377 71.5182 13.7
    endloop
  endfacet
  facet normal 0 0 1
    outer loop
      vertex 51.35 71.4256 13.7
      vertex 51.35 68.6544 13.7
      vertex 51.5377 68.5618 13.7
    endloop
  endfacet
  facet normal -0 0 1
    outer loop
      vertex 51.176 71.3094 13.7
      vertex 51.35 68.6544 13.7
      vertex 51.35 71.4256 13.7
    endloop
  endfacet
  facet normal 0 0 1
    outer loop
      vertex 51.176 71.3094 13.7
      vertex 51.176 68.7706 13.7
      vertex 51.35 68.6544 13.7
    endloop
  endfacet
  facet normal -0 0 1
    outer loop
      vertex 51.0186 71.1714 13.7
      vertex 51.176 68.7706 13.7
      vertex 51.176 71.3094 13.7
    endloop
  endfacet
  facet normal 0 0 1
    outer loop
      vertex 51.0186 71.1714 13.7
      vertex 51.0186 68.9086 13.7
      vertex 51.176 68.7706 13.7
    endloop
  endfacet
  facet normal -0 0 1
    outer loop
      vertex 50.8806 71.014 13.7
      vertex 51.0186 68.9086 13.7
      vertex 51.0186 71.1714 13.7
    endloop
  endfacet
  facet normal 0 0 1
    outer loop
      vertex 50.8806 71.014 13.7
      vertex 50.8806 69.066 13.7
      vertex 51.0186 68.9086 13.7
    endloop
  endfacet
  facet normal -0 0 1
    outer loop
      vertex 50.7644 70.84 13.7
      vertex 50.8806 69.066 13.7
      vertex 50.8806 71.014 13.7
    endloop
  endfacet
  facet normal 0 0 1
    outer loop
      vertex 50.7644 70.84 13.7
      vertex 50.7644 69.24 13.7
      vertex 50.8806 69.066 13.7
    endloop
  endfacet
  facet normal -0 0 1
    outer loop
      vertex 50.6718 70.6523 13.7
      vertex 50.7644 69.24 13.7
      vertex 50.7644 70.84 13.7
    endloop
  endfacet
  facet normal 0 0 1
    outer loop
      vertex 50.6718 70.6523 13.7
      vertex 50.6718 69.4277 13.7
      vertex 50.7644 69.24 13.7
    endloop
  endfacet
  facet normal -0 0 1
    outer loop
      vertex 50.6045 70.4541 13.7
      vertex 50.6718 69.4277 13.7
      vertex 50.6718 70.6523 13.7
    endloop
  endfacet
  facet normal 0 0 1
    outer loop
      vertex 50.6045 70.4541 13.7
      vertex 50.6045 69.6259 13.7
      vertex 50.6718 69.4277 13.7
    endloop
  endfacet
  facet normal -0 0 1
    outer loop
      vertex 50.5637 70.2488 13.7
      vertex 50.6045 69.6259 13.7
      vertex 50.6045 70.4541 13.7
    endloop
  endfacet
  facet normal 0 0 1
    outer loop
      vertex 50.5637 70.2488 13.7
      vertex 50.5637 69.8312 13.7
      vertex 50.6045 69.6259 13.7
    endloop
  endfacet
  facet normal 0 -0 1
    outer loop
      vertex 50.5637 69.8312 13.7
      vertex 50.5637 70.2488 13.7
      vertex 50.55 70.04 13.7
    endloop
  endfacet
  facet normal -0.06559 -0.997222 -0.0353028
    outer loop
      vertex 52.15 68.84 2.4
      vertex 51.9412 68.4537 13.7
      vertex 51.9934 68.8503 2.4
    endloop
  endfacet
  facet normal -0.980207 0.1948 -0.0353021
    outer loop
      vertex 50.9909 70.3506 2.4
      vertex 50.5637 70.2488 13.7
      vertex 50.6045 70.4541 13.7
    endloop
  endfacet
  facet normal 0.997222 -0.06559 -0.0352999
    outer loop
      vertex 53.75 70.04 13.7
      vertex 53.3397 69.8834 2.4
      vertex 53.35 70.04 2.4
    endloop
  endfacet
  facet normal 0.997232 -0.0654314 -0.0353025
    outer loop
      vertex 53.7363 69.8312 13.7
      vertex 53.3397 69.8834 2.4
      vertex 53.75 70.04 13.7
    endloop
  endfacet
  facet normal 0.831091 -0.555016 -0.0353003
    outer loop
      vertex 53.4194 69.066 13.7
      vertex 53.1892 69.44 2.4
      vertex 53.5356 69.24 13.7
    endloop
  endfacet
  facet normal 0.442154 0.896245 -0.035297
    outer loop
      vertex 52.95 71.4256 13.7
      vertex 52.6092 71.1487 2.4
      vertex 52.7623 71.5182 13.7
    endloop
  endfacet
  facet normal 0.320994 -0.946423 -0.0352962
    outer loop
      vertex 52.7623 68.5618 13.7
      vertex 52.4606 68.8809 2.4
      vertex 52.6092 68.9313 2.4
    endloop
  endfacet
  facet normal 0.555236 -0.830943 -0.0353045
    outer loop
      vertex 53.124 68.7706 13.7
      vertex 52.75 69.0008 2.4
      vertex 52.8805 69.088 2.4
    endloop
  endfacet
  facet normal 0.896149 0.442346 -0.0352965
    outer loop
      vertex 53.2587 70.4992 2.4
      vertex 53.1892 70.64 2.4
      vertex 53.6282 70.6523 13.7
    endloop
  endfacet
  facet normal 0.442154 -0.896244 -0.0353
    outer loop
      vertex 52.7623 68.5618 13.7
      vertex 52.75 69.0008 2.4
      vertex 52.95 68.6544 13.7
    endloop
  endfacet
  facet normal 0.658995 0.751318 -0.0353078
    outer loop
      vertex 52.9985 70.8885 2.4
      vertex 52.8805 70.992 2.4
      vertex 53.2814 71.1714 13.7
    endloop
  endfacet
  facet normal -0.980213 -0.19477 -0.0353026
    outer loop
      vertex 50.9909 69.7294 2.4
      vertex 50.5637 69.8312 13.7
      vertex 50.9603 69.8834 2.4
    endloop
  endfacet
  facet normal -0.946423 0.320994 -0.0353027
    outer loop
      vertex 50.9909 70.3506 2.4
      vertex 50.6045 70.4541 13.7
      vertex 51.0413 70.4992 2.4
    endloop
  endfacet
  facet normal -0.896245 0.442154 -0.035297
    outer loop
      vertex 51.0413 70.4992 2.4
      vertex 50.6718 70.6523 13.7
      vertex 50.7644 70.84 13.7
    endloop
  endfacet
  facet normal -0.1948 0.980207 -0.0353021
    outer loop
      vertex 51.8394 71.1991 2.4
      vertex 51.7359 71.5855 13.7
      vertex 51.9412 71.6263 13.7
    endloop
  endfacet
  facet normal -0.946311 -0.321325 -0.0352971
    outer loop
      vertex 50.6718 69.4277 13.7
      vertex 50.6045 69.6259 13.7
      vertex 51.0413 69.5808 2.4
    endloop
  endfacet
  facet normal -0.946311 0.321325 -0.0352971
    outer loop
      vertex 51.0413 70.4992 2.4
      vertex 50.6045 70.4541 13.7
      vertex 50.6718 70.6523 13.7
    endloop
  endfacet
  facet normal 0.555236 0.830944 -0.0352996
    outer loop
      vertex 52.8805 70.992 2.4
      vertex 52.75 71.0792 2.4
      vertex 52.95 71.4256 13.7
    endloop
  endfacet
  facet normal 0.980214 -0.19477 -0.035302
    outer loop
      vertex 53.6955 69.6259 13.7
      vertex 53.3091 69.7294 2.4
      vertex 53.3397 69.8834 2.4
    endloop
  endfacet
  facet normal -0.0654314 0.997232 -0.0353003
    outer loop
      vertex 52.15 71.24 2.4
      vertex 51.9412 71.6263 13.7
      vertex 52.15 71.64 13.7
    endloop
  endfacet
  facet normal -0.555016 0.83109 -0.0353039
    outer loop
      vertex 51.4195 70.992 2.4
      vertex 51.176 71.3094 13.7
      vertex 51.35 71.4256 13.7
    endloop
  endfacet
  facet normal 0.555016 0.83109 -0.0353039
    outer loop
      vertex 53.124 71.3094 13.7
      vertex 52.8805 70.992 2.4
      vertex 52.95 71.4256 13.7
    endloop
  endfacet
  facet normal 0.06559 0.997222 -0.0353028
    outer loop
      vertex 52.3066 71.2297 2.4
      vertex 52.15 71.24 2.4
      vertex 52.3588 71.6263 13.7
    endloop
  endfacet
  facet normal 0.1948 -0.980207 -0.0353021
    outer loop
      vertex 52.5641 68.4945 13.7
      vertex 52.3588 68.4537 13.7
      vertex 52.4606 68.8809 2.4
    endloop
  endfacet
  facet normal -0.751457 0.658837 -0.0353044
    outer loop
      vertex 51.198 70.7705 2.4
      vertex 50.8806 71.014 13.7
      vertex 51.0186 71.1714 13.7
    endloop
  endfacet
  facet normal 0.0654314 0.997232 -0.0353003
    outer loop
      vertex 52.15 71.24 2.4
      vertex 52.15 71.64 13.7
      vertex 52.3588 71.6263 13.7
    endloop
  endfacet
  facet normal 0.555016 -0.831091 -0.0353003
    outer loop
      vertex 52.95 68.6544 13.7
      vertex 52.75 69.0008 2.4
      vertex 53.124 68.7706 13.7
    endloop
  endfacet
  facet normal 0.751318 0.658995 -0.0353039
    outer loop
      vertex 53.102 70.7705 2.4
      vertex 52.9985 70.8885 2.4
      vertex 53.4194 71.014 13.7
    endloop
  endfacet
  facet normal 0.980207 -0.1948 -0.0353026
    outer loop
      vertex 53.6955 69.6259 13.7
      vertex 53.3397 69.8834 2.4
      vertex 53.7363 69.8312 13.7
    endloop
  endfacet
  facet normal 0.1948 0.980207 -0.0353021
    outer loop
      vertex 52.4606 71.1991 2.4
      vertex 52.3588 71.6263 13.7
      vertex 52.5641 71.5855 13.7
    endloop
  endfacet
  facet normal -0.321325 0.946311 -0.0352971
    outer loop
      vertex 51.6908 71.1487 2.4
      vertex 51.5377 71.5182 13.7
      vertex 51.7359 71.5855 13.7
    endloop
  endfacet
  facet normal 0.896149 -0.442346 -0.0352965
    outer loop
      vertex 53.6282 69.4277 13.7
      vertex 53.1892 69.44 2.4
      vertex 53.2587 69.5808 2.4
    endloop
  endfacet
  facet normal 0.0654314 -0.997232 -0.0353003
    outer loop
      vertex 52.15 68.44 13.7
      vertex 52.15 68.84 2.4
      vertex 52.3588 68.4537 13.7
    endloop
  endfacet
  facet normal -0.555016 -0.831091 -0.0353003
    outer loop
      vertex 51.35 68.6544 13.7
      vertex 51.176 68.7706 13.7
      vertex 51.55 69.0008 2.4
    endloop
  endfacet
  facet normal 0.751456 0.658837 -0.0353073
    outer loop
      vertex 53.4194 71.014 13.7
      vertex 52.9985 70.8885 2.4
      vertex 53.2814 71.1714 13.7
    endloop
  endfacet
  facet normal 0.896244 0.442154 -0.0353
    outer loop
      vertex 53.6282 70.6523 13.7
      vertex 53.1892 70.64 2.4
      vertex 53.5356 70.84 13.7
    endloop
  endfacet
  facet normal -0.896149 0.442346 -0.0353005
    outer loop
      vertex 51.0413 70.4992 2.4
      vertex 50.7644 70.84 13.7
      vertex 51.1108 70.64 2.4
    endloop
  endfacet
  facet normal 0.442346 -0.896149 -0.0352965
    outer loop
      vertex 52.7623 68.5618 13.7
      vertex 52.6092 68.9313 2.4
      vertex 52.75 69.0008 2.4
    endloop
  endfacet
  facet normal -0.1948 -0.980207 -0.0353021
    outer loop
      vertex 51.9412 68.4537 13.7
      vertex 51.7359 68.4945 13.7
      vertex 51.8394 68.8809 2.4
    endloop
  endfacet
  facet normal 0.831091 0.555016 -0.0353003
    outer loop
      vertex 53.5356 70.84 13.7
      vertex 53.1892 70.64 2.4
      vertex 53.4194 71.014 13.7
    endloop
  endfacet
  facet normal -0.442154 0.896245 -0.035297
    outer loop
      vertex 51.6908 71.1487 2.4
      vertex 51.35 71.4256 13.7
      vertex 51.5377 71.5182 13.7
    endloop
  endfacet
  facet normal 0.320994 0.946423 -0.0353027
    outer loop
      vertex 52.6092 71.1487 2.4
      vertex 52.4606 71.1991 2.4
      vertex 52.5641 71.5855 13.7
    endloop
  endfacet
  facet normal -0.83109 0.555016 -0.0353039
    outer loop
      vertex 51.198 70.7705 2.4
      vertex 50.7644 70.84 13.7
      vertex 50.8806 71.014 13.7
    endloop
  endfacet
  facet normal 0.946311 0.321325 -0.0353019
    outer loop
      vertex 53.6955 70.4541 13.7
      vertex 53.3091 70.3506 2.4
      vertex 53.6282 70.6523 13.7
    endloop
  endfacet
  facet normal -0.442154 -0.896244 -0.0353
    outer loop
      vertex 51.5377 68.5618 13.7
      vertex 51.35 68.6544 13.7
      vertex 51.55 69.0008 2.4
    endloop
  endfacet
  facet normal -0.555236 0.830944 -0.0352996
    outer loop
      vertex 51.4195 70.992 2.4
      vertex 51.35 71.4256 13.7
      vertex 51.55 71.0792 2.4
    endloop
  endfacet
  facet normal 0.19477 -0.980213 -0.0353026
    outer loop
      vertex 52.3588 68.4537 13.7
      vertex 52.3066 68.8503 2.4
      vertex 52.4606 68.8809 2.4
    endloop
  endfacet
  facet normal 0.980207 0.1948 -0.0353026
    outer loop
      vertex 53.7363 70.2488 13.7
      vertex 53.3397 70.1966 2.4
      vertex 53.6955 70.4541 13.7
    endloop
  endfacet
  facet normal 0.321325 0.946311 -0.0352971
    outer loop
      vertex 52.6092 71.1487 2.4
      vertex 52.5641 71.5855 13.7
      vertex 52.7623 71.5182 13.7
    endloop
  endfacet
  facet normal 0.19477 0.980213 -0.0353026
    outer loop
      vertex 52.4606 71.1991 2.4
      vertex 52.3066 71.2297 2.4
      vertex 52.3588 71.6263 13.7
    endloop
  endfacet
  facet normal 0.830943 0.555236 -0.0353045
    outer loop
      vertex 53.1892 70.64 2.4
      vertex 53.102 70.7705 2.4
      vertex 53.4194 71.014 13.7
    endloop
  endfacet
  facet normal 0.658837 0.751457 -0.0353044
    outer loop
      vertex 53.2814 71.1714 13.7
      vertex 52.8805 70.992 2.4
      vertex 53.124 71.3094 13.7
    endloop
  endfacet
  facet normal 0.321325 -0.946311 -0.0353019
    outer loop
      vertex 52.5641 68.4945 13.7
      vertex 52.4606 68.8809 2.4
      vertex 52.7623 68.5618 13.7
    endloop
  endfacet
  facet normal -0.19477 -0.980213 -0.0353026
    outer loop
      vertex 51.9412 68.4537 13.7
      vertex 51.8394 68.8809 2.4
      vertex 51.9934 68.8503 2.4
    endloop
  endfacet
  facet normal 0.997232 0.0654314 -0.0353025
    outer loop
      vertex 53.75 70.04 13.7
      vertex 53.3397 70.1966 2.4
      vertex 53.7363 70.2488 13.7
    endloop
  endfacet
  facet normal 0.997222 0.06559 -0.0352999
    outer loop
      vertex 53.35 70.04 2.4
      vertex 53.3397 70.1966 2.4
      vertex 53.75 70.04 13.7
    endloop
  endfacet
  facet normal -0.320994 0.946423 -0.0353027
    outer loop
      vertex 51.8394 71.1991 2.4
      vertex 51.6908 71.1487 2.4
      vertex 51.7359 71.5855 13.7
    endloop
  endfacet
  facet normal -0.658837 0.751457 -0.0353044
    outer loop
      vertex 51.4195 70.992 2.4
      vertex 51.0186 71.1714 13.7
      vertex 51.176 71.3094 13.7
    endloop
  endfacet
  facet normal 0.658837 -0.751456 -0.0353073
    outer loop
      vertex 53.124 68.7706 13.7
      vertex 52.9985 69.1915 2.4
      vertex 53.2814 68.9086 13.7
    endloop
  endfacet
  facet normal -0.83109 -0.555016 -0.0353039
    outer loop
      vertex 50.8806 69.066 13.7
      vertex 50.7644 69.24 13.7
      vertex 51.198 69.3095 2.4
    endloop
  endfacet
  facet normal 0.896244 -0.442154 -0.0353
    outer loop
      vertex 53.5356 69.24 13.7
      vertex 53.1892 69.44 2.4
      vertex 53.6282 69.4277 13.7
    endloop
  endfacet
  facet normal -0.997232 0.0654314 -0.0353003
    outer loop
      vertex 50.95 70.04 2.4
      vertex 50.55 70.04 13.7
      vertex 50.5637 70.2488 13.7
    endloop
  endfacet
  facet normal -0.830944 0.555236 -0.0352996
    outer loop
      vertex 51.1108 70.64 2.4
      vertex 50.7644 70.84 13.7
      vertex 51.198 70.7705 2.4
    endloop
  endfacet
  facet normal -0.997222 0.06559 -0.0353028
    outer loop
      vertex 50.95 70.04 2.4
      vertex 50.5637 70.2488 13.7
      vertex 50.9603 70.1966 2.4
    endloop
  endfacet
  facet normal -0.830944 -0.555236 -0.0352996
    outer loop
      vertex 51.198 69.3095 2.4
      vertex 50.7644 69.24 13.7
      vertex 51.1108 69.44 2.4
    endloop
  endfacet
  facet normal 0.830943 -0.555236 -0.0353045
    outer loop
      vertex 53.4194 69.066 13.7
      vertex 53.102 69.3095 2.4
      vertex 53.1892 69.44 2.4
    endloop
  endfacet
  facet normal -0.0654314 -0.997232 -0.0353003
    outer loop
      vertex 52.15 68.44 13.7
      vertex 51.9412 68.4537 13.7
      vertex 52.15 68.84 2.4
    endloop
  endfacet
  facet normal 0.946311 -0.321325 -0.0353019
    outer loop
      vertex 53.6282 69.4277 13.7
      vertex 53.3091 69.7294 2.4
      vertex 53.6955 69.6259 13.7
    endloop
  endfacet
  facet normal -0.896149 -0.442346 -0.0353005
    outer loop
      vertex 51.1108 69.44 2.4
      vertex 50.7644 69.24 13.7
      vertex 51.0413 69.5808 2.4
    endloop
  endfacet
  facet normal -0.946423 -0.320994 -0.0353027
    outer loop
      vertex 51.0413 69.5808 2.4
      vertex 50.6045 69.6259 13.7
      vertex 50.9909 69.7294 2.4
    endloop
  endfacet
  facet normal 0.946423 0.320994 -0.0352962
    outer loop
      vertex 53.3091 70.3506 2.4
      vertex 53.2587 70.4992 2.4
      vertex 53.6282 70.6523 13.7
    endloop
  endfacet
  facet normal -0.442346 -0.896149 -0.0352965
    outer loop
      vertex 51.6908 68.9313 2.4
      vertex 51.5377 68.5618 13.7
      vertex 51.55 69.0008 2.4
    endloop
  endfacet
  facet normal 0.06559 -0.997222 -0.0353028
    outer loop
      vertex 52.3588 68.4537 13.7
      vertex 52.15 68.84 2.4
      vertex 52.3066 68.8503 2.4
    endloop
  endfacet
  facet normal -0.751318 -0.658995 -0.0353078
    outer loop
      vertex 51.3015 69.1915 2.4
      vertex 51.0186 68.9086 13.7
      vertex 51.198 69.3095 2.4
    endloop
  endfacet
  facet normal 0.946423 -0.320994 -0.0352962
    outer loop
      vertex 53.6282 69.4277 13.7
      vertex 53.2587 69.5808 2.4
      vertex 53.3091 69.7294 2.4
    endloop
  endfacet
  facet normal 0.442346 0.896149 -0.0353005
    outer loop
      vertex 52.75 71.0792 2.4
      vertex 52.6092 71.1487 2.4
      vertex 52.95 71.4256 13.7
    endloop
  endfacet
  facet normal -0.980213 0.19477 -0.0353026
    outer loop
      vertex 50.9603 70.1966 2.4
      vertex 50.5637 70.2488 13.7
      vertex 50.9909 70.3506 2.4
    endloop
  endfacet
  facet normal -0.896245 -0.442154 -0.035297
    outer loop
      vertex 50.7644 69.24 13.7
      vertex 50.6718 69.4277 13.7
      vertex 51.0413 69.5808 2.4
    endloop
  endfacet
  facet normal -0.980207 -0.1948 -0.0353021
    outer loop
      vertex 50.6045 69.6259 13.7
      vertex 50.5637 69.8312 13.7
      vertex 50.9909 69.7294 2.4
    endloop
  endfacet
  facet normal -0.442346 0.896149 -0.0353005
    outer loop
      vertex 51.55 71.0792 2.4
      vertex 51.35 71.4256 13.7
      vertex 51.6908 71.1487 2.4
    endloop
  endfacet
  facet normal -0.321325 -0.946311 -0.0353019
    outer loop
      vertex 51.7359 68.4945 13.7
      vertex 51.5377 68.5618 13.7
      vertex 51.8394 68.8809 2.4
    endloop
  endfacet
  facet normal 0.980214 0.19477 -0.035302
    outer loop
      vertex 53.3397 70.1966 2.4
      vertex 53.3091 70.3506 2.4
      vertex 53.6955 70.4541 13.7
    endloop
  endfacet
  facet normal -0.658995 -0.751318 -0.0353039
    outer loop
      vertex 51.4195 69.088 2.4
      vertex 51.176 68.7706 13.7
      vertex 51.3015 69.1915 2.4
    endloop
  endfacet
  facet normal -0.320994 -0.946423 -0.0352962
    outer loop
      vertex 51.8394 68.8809 2.4
      vertex 51.5377 68.5618 13.7
      vertex 51.6908 68.9313 2.4
    endloop
  endfacet
  facet normal 0.751318 -0.658995 -0.0353039
    outer loop
      vertex 53.4194 69.066 13.7
      vertex 52.9985 69.1915 2.4
      vertex 53.102 69.3095 2.4
    endloop
  endfacet
  facet normal -0.751457 -0.658837 -0.0353044
    outer loop
      vertex 51.0186 68.9086 13.7
      vertex 50.8806 69.066 13.7
      vertex 51.198 69.3095 2.4
    endloop
  endfacet
  facet normal -0.658837 -0.751456 -0.0353073
    outer loop
      vertex 51.176 68.7706 13.7
      vertex 51.0186 68.9086 13.7
      vertex 51.3015 69.1915 2.4
    endloop
  endfacet
  facet normal 0.658995 -0.751318 -0.0353039
    outer loop
      vertex 53.124 68.7706 13.7
      vertex 52.8805 69.088 2.4
      vertex 52.9985 69.1915 2.4
    endloop
  endfacet
  facet normal 0.751456 -0.658837 -0.0353073
    outer loop
      vertex 53.2814 68.9086 13.7
      vertex 52.9985 69.1915 2.4
      vertex 53.4194 69.066 13.7
    endloop
  endfacet
  facet normal -0.555236 -0.830943 -0.0353045
    outer loop
      vertex 51.55 69.0008 2.4
      vertex 51.176 68.7706 13.7
      vertex 51.4195 69.088 2.4
    endloop
  endfacet
  facet normal -0.997232 -0.0654314 -0.0353003
    outer loop
      vertex 50.5637 69.8312 13.7
      vertex 50.55 70.04 13.7
      vertex 50.95 70.04 2.4
    endloop
  endfacet
  facet normal -0.751318 0.658995 -0.0353078
    outer loop
      vertex 51.198 70.7705 2.4
      vertex 51.0186 71.1714 13.7
      vertex 51.3015 70.8885 2.4
    endloop
  endfacet
  facet normal -0.06559 0.997222 -0.0353028
    outer loop
      vertex 51.9934 71.2297 2.4
      vertex 51.9412 71.6263 13.7
      vertex 52.15 71.24 2.4
    endloop
  endfacet
  facet normal -0.997222 -0.06559 -0.0353028
    outer loop
      vertex 50.9603 69.8834 2.4
      vertex 50.5637 69.8312 13.7
      vertex 50.95 70.04 2.4
    endloop
  endfacet
  facet normal -0.19477 0.980213 -0.0353026
    outer loop
      vertex 51.9934 71.2297 2.4
      vertex 51.8394 71.1991 2.4
      vertex 51.9412 71.6263 13.7
    endloop
  endfacet
  facet normal -0.658995 0.751318 -0.0353078
    outer loop
      vertex 51.3015 70.8885 2.4
      vertex 51.0186 71.1714 13.7
      vertex 51.4195 70.992 2.4
    endloop
  endfacet
endsolid OpenSCAD_Model
