solid OpenSCAD_Model
  facet normal 0.138976 -0.70798 -0.692423
    outer loop
      vertex 188.679 0.514798 0
      vertex 188.722 0.0342255 0.5
      vertex 188.659 0.510872 0
    endloop
  endfacet
  facet normal 0.140807 -0.707714 -0.692325
    outer loop
      vertex 188.722 0.0342255 0.5
      vertex 188.679 0.514798 0
      vertex 189.235 0.136292 0.5
    endloop
  endfacet
  facet normal -0.720833 0 -0.693109
    outer loop
      vertex 0.48077 4 0
      vertex 0 135.2 0.5
      vertex 0.48077 135.2 0
    endloop
  endfacet
  facet normal -0.720833 -0 -0.693109
    outer loop
      vertex 0 135.2 0.5
      vertex 0.48077 4 0
      vertex 0 4 0.5
    endloop
  endfacet
  facet normal 0 0.720667 -0.693282
    outer loop
      vertex 188.2 138.719 0
      vertex 4 139.2 0.5
      vertex 188.2 139.2 0.5
    endloop
  endfacet
  facet normal 0 0.720667 -0.693282
    outer loop
      vertex 4 139.2 0.5
      vertex 188.2 138.719 0
      vertex 4 138.719 0
    endloop
  endfacet
  facet normal 0.400825 -0.599846 -0.692477
    outer loop
      vertex 190.635 0.826584 0.5
      vertex 189.976 0.963444 0
      vertex 190.342 1.20801 0
    endloop
  endfacet
  facet normal -0.0468601 0.719592 -0.692814
    outer loop
      vertex 3.56072 138.69 0
      vertex 3.47789 139.166 0.5
      vertex 4 139.2 0.5
    endloop
  endfacet
  facet normal -0.035898 0.720832 -0.692179
    outer loop
      vertex 3.47789 139.166 0.5
      vertex 3.56072 138.69 0
      vertex 3.54064 138.689 0
    endloop
  endfacet
  facet normal 0.0360405 0.720811 -0.692194
    outer loop
      vertex 188.639 138.69 0
      vertex 188.722 139.166 0.5
      vertex 188.659 138.689 0
    endloop
  endfacet
  facet normal 0.0468694 0.719583 -0.692823
    outer loop
      vertex 188.722 139.166 0.5
      vertex 188.639 138.69 0
      vertex 188.2 139.2 0.5
    endloop
  endfacet
  facet normal -0.542512 -0.47576 -0.692339
    outer loop
      vertex 0.826584 1.56496 0.5
      vertex 1.22128 1.8425 0
      vertex 1.17157 1.17157 0.5
    endloop
  endfacet
  facet normal -0.542484 -0.475794 -0.692337
    outer loop
      vertex 1.22128 1.8425 0
      vertex 0.826584 1.56496 0.5
      vertex 1.20801 1.85763 0
    endloop
  endfacet
  facet normal -0.143342 0.707034 -0.6925
    outer loop
      vertex 3.52091 138.685 0
      vertex 3.47789 139.166 0.5
      vertex 3.54064 138.689 0
    endloop
  endfacet
  facet normal -0.140613 0.707434 -0.69265
    outer loop
      vertex 3.47789 139.166 0.5
      vertex 3.52091 138.685 0
      vertex 2.96472 139.064 0.5
    endloop
  endfacet
  facet normal -0.400921 -0.599947 -0.692334
    outer loop
      vertex 2 0.535904 0.5
      vertex 2.22365 0.963444 0
      vertex 2.24038 0.952264 0
    endloop
  endfacet
  facet normal -0.400881 -0.59997 -0.692337
    outer loop
      vertex 2.22365 0.963444 0
      vertex 2 0.535904 0.5
      vertex 1.56496 0.826584 0.5
    endloop
  endfacet
  facet normal 0.54186 -0.476422 -0.692394
    outer loop
      vertex 191.028 1.17157 0.5
      vertex 190.688 1.51153 0
      vertex 190.979 1.8425 0
    endloop
  endfacet
  facet normal -0.318327 0.64786 -0.692059
    outer loop
      vertex 2.24038 138.248 0
      vertex 2 138.664 0.5
      vertex 2.63521 138.442 0
    endloop
  endfacet
  facet normal -0.231069 0.683111 -0.692797
    outer loop
      vertex 3.08915 138.599 0
      vertex 2.67231 138.458 0
      vertex 2.96472 139.064 0.5
    endloop
  endfacet
  facet normal -0.400883 -0.599966 -0.692339
    outer loop
      vertex 2.22365 0.963444 0
      vertex 1.56496 0.826584 0.5
      vertex 1.85763 1.20801 0
    endloop
  endfacet
  facet normal 0.40083 -0.599838 -0.692481
    outer loop
      vertex 190.2 0.535904 0.5
      vertex 189.976 0.963444 0
      vertex 190.635 0.826584 0.5
    endloop
  endfacet
  facet normal 0.413704 -0.592063 -0.6916
    outer loop
      vertex 189.976 0.963444 0
      vertex 190.2 0.535904 0.5
      vertex 189.96 0.952264 0
    endloop
  endfacet
  facet normal 0.707431 0.140659 -0.692645
    outer loop
      vertex 192.166 135.722 0.5
      vertex 191.685 135.679 0
      vertex 192.064 136.235 0.5
    endloop
  endfacet
  facet normal 0.707313 0.141463 -0.692601
    outer loop
      vertex 191.685 135.679 0
      vertex 192.166 135.722 0.5
      vertex 191.689 135.659 0
    endloop
  endfacet
  facet normal -0.720007 0.0473765 -0.692347
    outer loop
      vertex 0.509556 135.639 0
      vertex 0.0342255 135.722 0.5
      vertex 0.510872 135.659 0
    endloop
  endfacet
  facet normal -0.720027 0.0472094 -0.692338
    outer loop
      vertex 0.0342255 135.722 0.5
      vertex 0.509556 135.639 0
      vertex 0 135.2 0.5
    endloop
  endfacet
  facet normal 0.595185 0.40919 -0.691605
    outer loop
      vertex 191.237 136.976 0
      vertex 191.664 137.2 0.5
      vertex 191.248 136.96 0
    endloop
  endfacet
  facet normal 0.599919 0.401325 -0.692124
    outer loop
      vertex 191.664 137.2 0.5
      vertex 191.237 136.976 0
      vertex 191.373 137.635 0.5
    endloop
  endfacet
  facet normal 0 -0.720833 -0.693109
    outer loop
      vertex 4 0.48077 0
      vertex 188.2 0 0.5
      vertex 4 0 0.5
    endloop
  endfacet
  facet normal 0 -0.720833 -0.693109
    outer loop
      vertex 188.2 0 0.5
      vertex 4 0.48077 0
      vertex 188.2 0.48077 0
    endloop
  endfacet
  facet normal 0.319683 0.646255 -0.692934
    outer loop
      vertex 189.565 138.442 0
      vertex 189.731 138.896 0.5
      vertex 190.2 138.664 0.5
    endloop
  endfacet
  facet normal 0.322515 0.64503 -0.692763
    outer loop
      vertex 189.731 138.896 0.5
      vertex 189.565 138.442 0
      vertex 189.547 138.451 0
    endloop
  endfacet
  facet normal 0.319092 -0.647326 -0.692206
    outer loop
      vertex 190.2 0.535904 0.5
      vertex 189.565 0.757553 0
      vertex 189.96 0.952264 0
    endloop
  endfacet
  facet normal 0.599834 -0.401507 -0.692092
    outer loop
      vertex 191.373 1.56496 0.5
      vertex 190.992 1.85763 0
      vertex 191.237 2.22365 0
    endloop
  endfacet
  facet normal 0.719853 -0.0475226 -0.692498
    outer loop
      vertex 192.2 4 0.5
      vertex 191.69 3.56072 0
      vertex 191.719 4 0
    endloop
  endfacet
  facet normal -0.319284 -0.647105 -0.692324
    outer loop
      vertex 2.46927 0.304489 0.5
      vertex 2.63521 0.757553 0
      vertex 2.65325 0.748652 0
    endloop
  endfacet
  facet normal -0.319142 -0.647166 -0.692332
    outer loop
      vertex 2.63521 0.757553 0
      vertex 2.46927 0.304489 0.5
      vertex 2 0.535904 0.5
    endloop
  endfacet
  facet normal 0.0472135 -0.720029 -0.692336
    outer loop
      vertex 188.639 0.509556 0
      vertex 188.2 0 0.5
      vertex 188.2 0.48077 0
    endloop
  endfacet
  facet normal 0.0472094 -0.720027 -0.692338
    outer loop
      vertex 188.639 0.509556 0
      vertex 188.722 0.0342255 0.5
      vertex 188.2 0 0.5
    endloop
  endfacet
  facet normal 0.0473765 -0.720007 -0.692347
    outer loop
      vertex 188.722 0.0342255 0.5
      vertex 188.639 0.509556 0
      vertex 188.659 0.510872 0
    endloop
  endfacet
  facet normal -0.476422 0.54186 -0.692394
    outer loop
      vertex 1.51153 137.688 0
      vertex 1.17157 138.028 0.5
      vertex 1.8425 137.979 0
    endloop
  endfacet
  facet normal 0.318271 0.648027 -0.691928
    outer loop
      vertex 189.96 138.248 0
      vertex 189.565 138.442 0
      vertex 190.2 138.664 0.5
    endloop
  endfacet
  facet normal 0.720667 0 -0.693282
    outer loop
      vertex 192.2 4 0.5
      vertex 191.719 135.2 0
      vertex 192.2 135.2 0.5
    endloop
  endfacet
  facet normal 0.720667 0 -0.693282
    outer loop
      vertex 191.719 135.2 0
      vertex 192.2 4 0.5
      vertex 191.719 4 0
    endloop
  endfacet
  facet normal 0.719852 0.0475528 -0.692497
    outer loop
      vertex 191.719 135.2 0
      vertex 191.69 135.639 0
      vertex 192.2 135.2 0.5
    endloop
  endfacet
  facet normal -0.64716 -0.319148 -0.692336
    outer loop
      vertex 0.952264 2.24038 0
      vertex 0.535904 2 0.5
      vertex 0.757553 2.63521 0
    endloop
  endfacet
  facet normal -0.321936 0.645302 -0.692779
    outer loop
      vertex 2.63521 138.442 0
      vertex 2.46927 138.896 0.5
      vertex 2.65325 138.451 0
    endloop
  endfacet
  facet normal -0.319539 0.646337 -0.692923
    outer loop
      vertex 2.46927 138.896 0.5
      vertex 2.63521 138.442 0
      vertex 2 138.664 0.5
    endloop
  endfacet
  facet normal -0.647326 0.319092 -0.692206
    outer loop
      vertex 0.757553 136.565 0
      vertex 0.535904 137.2 0.5
      vertex 0.952264 136.96 0
    endloop
  endfacet
  facet normal -0.720029 0.0472135 -0.692336
    outer loop
      vertex 0.48077 135.2 0
      vertex 0 135.2 0.5
      vertex 0.509556 135.639 0
    endloop
  endfacet
  facet normal -0.231938 -0.683278 -0.692341
    outer loop
      vertex 2.96472 0.136292 0.5
      vertex 2.67231 0.742183 0
      vertex 3.08915 0.600687 0
    endloop
  endfacet
  facet normal -0.707709 -0.140824 -0.692327
    outer loop
      vertex 0.514798 3.52091 0
      vertex 0.0342255 3.47789 0.5
      vertex 0.510872 3.54064 0
    endloop
  endfacet
  facet normal -0.707718 -0.140761 -0.692331
    outer loop
      vertex 0.0342255 3.47789 0.5
      vertex 0.514798 3.52091 0
      vertex 0.136292 2.96472 0.5
    endloop
  endfacet
  facet normal 0.683111 -0.231069 -0.692797
    outer loop
      vertex 192.064 2.96472 0.5
      vertex 191.458 2.67231 0
      vertex 191.599 3.08915 0
    endloop
  endfacet
  facet normal 0.319285 -0.647084 -0.692343
    outer loop
      vertex 189.731 0.304489 0.5
      vertex 189.565 0.757553 0
      vertex 190.2 0.535904 0.5
    endloop
  endfacet
  facet normal 0.31986 -0.646836 -0.69231
    outer loop
      vertex 189.565 0.757553 0
      vertex 189.731 0.304489 0.5
      vertex 189.547 0.748652 0
    endloop
  endfacet
  facet normal 0.0475528 0.719852 -0.692497
    outer loop
      vertex 188.639 138.69 0
      vertex 188.2 138.719 0
      vertex 188.2 139.2 0.5
    endloop
  endfacet
  facet normal -0.5404 0.478074 -0.692397
    outer loop
      vertex 0.826584 137.635 0.5
      vertex 1.22128 137.357 0
      vertex 1.20801 137.342 0
    endloop
  endfacet
  facet normal -0.542127 0.475894 -0.692548
    outer loop
      vertex 1.22128 137.357 0
      vertex 0.826584 137.635 0.5
      vertex 1.17157 138.028 0.5
    endloop
  endfacet
  facet normal 0.541868 0.476386 -0.692413
    outer loop
      vertex 190.979 137.357 0
      vertex 190.688 137.688 0
      vertex 191.028 138.028 0.5
    endloop
  endfacet
  facet normal 0.401448 0.599714 -0.69223
    outer loop
      vertex 190.342 137.992 0
      vertex 189.976 138.237 0
      vertex 190.635 138.373 0.5
    endloop
  endfacet
  facet normal -0.707779 0.140719 -0.692277
    outer loop
      vertex 0.514798 135.679 0
      vertex 0.136292 136.235 0.5
      vertex 0.600687 136.111 0
    endloop
  endfacet
  facet normal -0.231962 -0.68328 -0.692331
    outer loop
      vertex 2.46927 0.304489 0.5
      vertex 2.67231 0.742183 0
      vertex 2.96472 0.136292 0.5
    endloop
  endfacet
  facet normal -0.231913 -0.6833 -0.692328
    outer loop
      vertex 2.67231 0.742183 0
      vertex 2.46927 0.304489 0.5
      vertex 2.65325 0.748652 0
    endloop
  endfacet
  facet normal 0.719592 -0.0468601 -0.692814
    outer loop
      vertex 192.166 3.47789 0.5
      vertex 191.69 3.56072 0
      vertex 192.2 4 0.5
    endloop
  endfacet
  facet normal 0.720832 -0.035898 -0.692179
    outer loop
      vertex 191.69 3.56072 0
      vertex 192.166 3.47789 0.5
      vertex 191.689 3.54064 0
    endloop
  endfacet
  facet normal 0.140659 0.707431 -0.692645
    outer loop
      vertex 188.679 138.685 0
      vertex 188.722 139.166 0.5
      vertex 189.235 139.064 0.5
    endloop
  endfacet
  facet normal 0.141463 0.707313 -0.692601
    outer loop
      vertex 188.722 139.166 0.5
      vertex 188.679 138.685 0
      vertex 188.659 138.689 0
    endloop
  endfacet
  facet normal -0.140872 0.707243 -0.692793
    outer loop
      vertex 3.08915 138.599 0
      vertex 2.96472 139.064 0.5
      vertex 3.52091 138.685 0
    endloop
  endfacet
  facet normal 0.707034 -0.143342 -0.6925
    outer loop
      vertex 192.166 3.47789 0.5
      vertex 191.685 3.52091 0
      vertex 191.689 3.54064 0
    endloop
  endfacet
  facet normal 0.707434 -0.140613 -0.69265
    outer loop
      vertex 191.685 3.52091 0
      vertex 192.166 3.47789 0.5
      vertex 192.064 2.96472 0.5
    endloop
  endfacet
  facet normal 0.545247 0.472547 -0.692391
    outer loop
      vertex 190.979 137.357 0
      vertex 191.373 137.635 0.5
      vertex 190.992 137.342 0
    endloop
  endfacet
  facet normal 0.542402 0.476154 -0.692154
    outer loop
      vertex 191.373 137.635 0.5
      vertex 190.979 137.357 0
      vertex 191.028 138.028 0.5
    endloop
  endfacet
  facet normal -0.0475226 0.719853 -0.692498
    outer loop
      vertex 4 138.719 0
      vertex 3.56072 138.69 0
      vertex 4 139.2 0.5
    endloop
  endfacet
  facet normal -0.248411 0.676388 -0.693391
    outer loop
      vertex 2.46927 138.896 0.5
      vertex 2.67231 138.458 0
      vertex 2.65325 138.451 0
    endloop
  endfacet
  facet normal -0.231656 0.683178 -0.692534
    outer loop
      vertex 2.67231 138.458 0
      vertex 2.46927 138.896 0.5
      vertex 2.96472 139.064 0.5
    endloop
  endfacet
  facet normal -0.707714 0.140807 -0.692325
    outer loop
      vertex 0.514798 135.679 0
      vertex 0.0342255 135.722 0.5
      vertex 0.136292 136.235 0.5
    endloop
  endfacet
  facet normal -0.70798 0.138976 -0.692423
    outer loop
      vertex 0.0342255 135.722 0.5
      vertex 0.514798 135.679 0
      vertex 0.510872 135.659 0
    endloop
  endfacet
  facet normal -0.396456 0.602974 -0.692275
    outer loop
      vertex 2.22365 138.237 0
      vertex 2 138.664 0.5
      vertex 2.24038 138.248 0
    endloop
  endfacet
  facet normal -0.401377 0.600051 -0.691979
    outer loop
      vertex 2 138.664 0.5
      vertex 2.22365 138.237 0
      vertex 1.56496 138.373 0.5
    endloop
  endfacet
  facet normal 0.542787 -0.47602 -0.691945
    outer loop
      vertex 190.979 1.8425 0
      vertex 191.373 1.56496 0.5
      vertex 191.028 1.17157 0.5
    endloop
  endfacet
  facet normal 0.547313 -0.470262 -0.692316
    outer loop
      vertex 191.373 1.56496 0.5
      vertex 190.979 1.8425 0
      vertex 190.992 1.85763 0
    endloop
  endfacet
  facet normal 0.475894 -0.542127 -0.692548
    outer loop
      vertex 190.635 0.826584 0.5
      vertex 190.357 1.22128 0
      vertex 191.028 1.17157 0.5
    endloop
  endfacet
  facet normal 0.478074 -0.5404 -0.692397
    outer loop
      vertex 190.357 1.22128 0
      vertex 190.635 0.826584 0.5
      vertex 190.342 1.20801 0
    endloop
  endfacet
  facet normal 0.140719 -0.707779 -0.692277
    outer loop
      vertex 189.235 0.136292 0.5
      vertex 188.679 0.514798 0
      vertex 189.111 0.600687 0
    endloop
  endfacet
  facet normal -0.542507 -0.475762 -0.692341
    outer loop
      vertex 1.51153 1.51153 0
      vertex 1.17157 1.17157 0.5
      vertex 1.22128 1.8425 0
    endloop
  endfacet
  facet normal 0.600051 -0.401377 -0.691979
    outer loop
      vertex 191.237 2.22365 0
      vertex 191.664 2 0.5
      vertex 191.373 1.56496 0.5
    endloop
  endfacet
  facet normal 0.602974 -0.396456 -0.692275
    outer loop
      vertex 191.664 2 0.5
      vertex 191.237 2.22365 0
      vertex 191.248 2.24038 0
    endloop
  endfacet
  facet normal 0.683276 0.231432 -0.692512
    outer loop
      vertex 191.458 136.528 0
      vertex 191.896 136.731 0.5
      vertex 192.064 136.235 0.5
    endloop
  endfacet
  facet normal 0.676116 0.249095 -0.693411
    outer loop
      vertex 191.896 136.731 0.5
      vertex 191.458 136.528 0
      vertex 191.451 136.547 0
    endloop
  endfacet
  facet normal 0.23102 0.683229 -0.692696
    outer loop
      vertex 189.528 138.458 0
      vertex 189.111 138.599 0
      vertex 189.235 139.064 0.5
    endloop
  endfacet
  facet normal -0.0471897 -0.720037 -0.692329
    outer loop
      vertex 3.56072 0.509556 0
      vertex 3.47789 0.0342255 0.5
      vertex 3.54064 0.510872 0
    endloop
  endfacet
  facet normal -0.0472 -0.720036 -0.692329
    outer loop
      vertex 3.47789 0.0342255 0.5
      vertex 3.56072 0.509556 0
      vertex 4 0 0.5
    endloop
  endfacet
  facet normal -0.0471835 -0.72003 -0.692337
    outer loop
      vertex 4 0 0.5
      vertex 3.56072 0.509556 0
      vertex 4 0.48077 0
    endloop
  endfacet
  facet normal -0.72003 -0.0471835 -0.692337
    outer loop
      vertex 0.509556 3.56072 0
      vertex 0 4 0.5
      vertex 0.48077 4 0
    endloop
  endfacet
  facet normal -0.647166 -0.319142 -0.692332
    outer loop
      vertex 0.304489 2.46927 0.5
      vertex 0.757553 2.63521 0
      vertex 0.535904 2 0.5
    endloop
  endfacet
  facet normal -0.647105 -0.319284 -0.692324
    outer loop
      vertex 0.757553 2.63521 0
      vertex 0.304489 2.46927 0.5
      vertex 0.748652 2.65325 0
    endloop
  endfacet
  facet normal 0.140809 0.70732 -0.692728
    outer loop
      vertex 189.111 138.599 0
      vertex 188.679 138.685 0
      vertex 189.235 139.064 0.5
    endloop
  endfacet
  facet normal 0.232561 -0.683052 -0.692355
    outer loop
      vertex 189.731 0.304489 0.5
      vertex 189.528 0.742183 0
      vertex 189.547 0.748652 0
    endloop
  endfacet
  facet normal 0.231739 -0.683379 -0.692308
    outer loop
      vertex 189.528 0.742183 0
      vertex 189.731 0.304489 0.5
      vertex 189.235 0.136292 0.5
    endloop
  endfacet
  facet normal 0.646337 -0.319539 -0.692923
    outer loop
      vertex 191.442 2.63521 0
      vertex 191.896 2.46927 0.5
      vertex 191.664 2 0.5
    endloop
  endfacet
  facet normal 0.645302 -0.321936 -0.692779
    outer loop
      vertex 191.896 2.46927 0.5
      vertex 191.442 2.63521 0
      vertex 191.451 2.65325 0
    endloop
  endfacet
  facet normal 0.401325 0.599919 -0.692124
    outer loop
      vertex 189.976 138.237 0
      vertex 190.2 138.664 0.5
      vertex 190.635 138.373 0.5
    endloop
  endfacet
  facet normal 0.40919 0.595185 -0.691605
    outer loop
      vertex 190.2 138.664 0.5
      vertex 189.976 138.237 0
      vertex 189.96 138.248 0
    endloop
  endfacet
  facet normal -0.319148 -0.64716 -0.692336
    outer loop
      vertex 2.63521 0.757553 0
      vertex 2 0.535904 0.5
      vertex 2.24038 0.952264 0
    endloop
  endfacet
  facet normal -0.470262 0.547313 -0.692316
    outer loop
      vertex 1.8425 137.979 0
      vertex 1.56496 138.373 0.5
      vertex 1.85763 137.992 0
    endloop
  endfacet
  facet normal -0.47602 0.542787 -0.691945
    outer loop
      vertex 1.56496 138.373 0.5
      vertex 1.8425 137.979 0
      vertex 1.17157 138.028 0.5
    endloop
  endfacet
  facet normal -0.592063 0.413704 -0.6916
    outer loop
      vertex 0.535904 137.2 0.5
      vertex 0.963444 136.976 0
      vertex 0.952264 136.96 0
    endloop
  endfacet
  facet normal -0.599838 0.40083 -0.692481
    outer loop
      vertex 0.963444 136.976 0
      vertex 0.535904 137.2 0.5
      vertex 0.826584 137.635 0.5
    endloop
  endfacet
  facet normal 0.720811 0.0360405 -0.692194
    outer loop
      vertex 192.166 135.722 0.5
      vertex 191.69 135.639 0
      vertex 191.689 135.659 0
    endloop
  endfacet
  facet normal 0.719583 0.0468694 -0.692823
    outer loop
      vertex 191.69 135.639 0
      vertex 192.166 135.722 0.5
      vertex 192.2 135.2 0.5
    endloop
  endfacet
  facet normal -0.683396 0.231889 -0.69224
    outer loop
      vertex 0.600687 136.111 0
      vertex 0.136292 136.235 0.5
      vertex 0.742183 136.528 0
    endloop
  endfacet
  facet normal -0.720037 -0.0471897 -0.692329
    outer loop
      vertex 0.0342255 3.47789 0.5
      vertex 0.509556 3.56072 0
      vertex 0.510872 3.54064 0
    endloop
  endfacet
  facet normal -0.720036 -0.0472 -0.692329
    outer loop
      vertex 0.509556 3.56072 0
      vertex 0.0342255 3.47789 0.5
      vertex 0 4 0.5
    endloop
  endfacet
  facet normal 0.249095 0.676116 -0.693411
    outer loop
      vertex 189.528 138.458 0
      vertex 189.731 138.896 0.5
      vertex 189.547 138.451 0
    endloop
  endfacet
  facet normal 0.231432 0.683276 -0.692512
    outer loop
      vertex 189.731 138.896 0.5
      vertex 189.528 138.458 0
      vertex 189.235 139.064 0.5
    endloop
  endfacet
  facet normal 0.683178 -0.231656 -0.692534
    outer loop
      vertex 191.896 2.46927 0.5
      vertex 191.458 2.67231 0
      vertex 192.064 2.96472 0.5
    endloop
  endfacet
  facet normal 0.676388 -0.248411 -0.693391
    outer loop
      vertex 191.458 2.67231 0
      vertex 191.896 2.46927 0.5
      vertex 191.451 2.65325 0
    endloop
  endfacet
  facet normal 0.64786 -0.318327 -0.692059
    outer loop
      vertex 191.664 2 0.5
      vertex 191.248 2.24038 0
      vertex 191.442 2.63521 0
    endloop
  endfacet
  facet normal 0.648027 0.318271 -0.691928
    outer loop
      vertex 191.442 136.565 0
      vertex 191.248 136.96 0
      vertex 191.664 137.2 0.5
    endloop
  endfacet
  facet normal -0.401507 0.599834 -0.692092
    outer loop
      vertex 1.85763 137.992 0
      vertex 1.56496 138.373 0.5
      vertex 2.22365 138.237 0
    endloop
  endfacet
  facet normal 0.231889 -0.683396 -0.69224
    outer loop
      vertex 189.235 0.136292 0.5
      vertex 189.111 0.600687 0
      vertex 189.528 0.742183 0
    endloop
  endfacet
  facet normal -0.59997 -0.400881 -0.692337
    outer loop
      vertex 0.535904 2 0.5
      vertex 0.963444 2.22365 0
      vertex 0.826584 1.56496 0.5
    endloop
  endfacet
  facet normal -0.599947 -0.400921 -0.692334
    outer loop
      vertex 0.963444 2.22365 0
      vertex 0.535904 2 0.5
      vertex 0.952264 2.24038 0
    endloop
  endfacet
  facet normal -0.683052 0.232561 -0.692355
    outer loop
      vertex 0.742183 136.528 0
      vertex 0.304489 136.731 0.5
      vertex 0.748652 136.547 0
    endloop
  endfacet
  facet normal -0.683379 0.231739 -0.692308
    outer loop
      vertex 0.304489 136.731 0.5
      vertex 0.742183 136.528 0
      vertex 0.136292 136.235 0.5
    endloop
  endfacet
  facet normal -0.646836 0.31986 -0.69231
    outer loop
      vertex 0.304489 136.731 0.5
      vertex 0.757553 136.565 0
      vertex 0.748652 136.547 0
    endloop
  endfacet
  facet normal -0.647084 0.319285 -0.692343
    outer loop
      vertex 0.757553 136.565 0
      vertex 0.304489 136.731 0.5
      vertex 0.535904 137.2 0.5
    endloop
  endfacet
  facet normal -0.599846 0.400825 -0.692477
    outer loop
      vertex 0.963444 136.976 0
      vertex 0.826584 137.635 0.5
      vertex 1.20801 137.342 0
    endloop
  endfacet
  facet normal -0.542515 0.475725 -0.69236
    outer loop
      vertex 1.22128 137.357 0
      vertex 1.17157 138.028 0.5
      vertex 1.51153 137.688 0
    endloop
  endfacet
  facet normal 0.707243 -0.140872 -0.692793
    outer loop
      vertex 192.064 2.96472 0.5
      vertex 191.599 3.08915 0
      vertex 191.685 3.52091 0
    endloop
  endfacet
  facet normal 0.599714 0.401448 -0.69223
    outer loop
      vertex 191.237 136.976 0
      vertex 190.992 137.342 0
      vertex 191.373 137.635 0.5
    endloop
  endfacet
  facet normal 0.475725 -0.542515 -0.69236
    outer loop
      vertex 191.028 1.17157 0.5
      vertex 190.357 1.22128 0
      vertex 190.688 1.51153 0
    endloop
  endfacet
  facet normal -0.599966 -0.400883 -0.692339
    outer loop
      vertex 1.20801 1.85763 0
      vertex 0.826584 1.56496 0.5
      vertex 0.963444 2.22365 0
    endloop
  endfacet
  facet normal 0.476386 0.541868 -0.692413
    outer loop
      vertex 190.688 137.688 0
      vertex 190.357 137.979 0
      vertex 191.028 138.028 0.5
    endloop
  endfacet
  facet normal 0.476154 0.542402 -0.692154
    outer loop
      vertex 190.357 137.979 0
      vertex 190.635 138.373 0.5
      vertex 191.028 138.028 0.5
    endloop
  endfacet
  facet normal 0.472547 0.545247 -0.692391
    outer loop
      vertex 190.635 138.373 0.5
      vertex 190.357 137.979 0
      vertex 190.342 137.992 0
    endloop
  endfacet
  facet normal 0.70732 0.140809 -0.692728
    outer loop
      vertex 191.685 135.679 0
      vertex 191.599 136.111 0
      vertex 192.064 136.235 0.5
    endloop
  endfacet
  facet normal 0.683229 0.23102 -0.692696
    outer loop
      vertex 191.599 136.111 0
      vertex 191.458 136.528 0
      vertex 192.064 136.235 0.5
    endloop
  endfacet
  facet normal -0.6833 -0.231913 -0.692328
    outer loop
      vertex 0.304489 2.46927 0.5
      vertex 0.742183 2.67231 0
      vertex 0.748652 2.65325 0
    endloop
  endfacet
  facet normal -0.68328 -0.231962 -0.692331
    outer loop
      vertex 0.742183 2.67231 0
      vertex 0.304489 2.46927 0.5
      vertex 0.136292 2.96472 0.5
    endloop
  endfacet
  facet normal -0.475762 -0.542507 -0.692341
    outer loop
      vertex 1.8425 1.22128 0
      vertex 1.17157 1.17157 0.5
      vertex 1.51153 1.51153 0
    endloop
  endfacet
  facet normal -0.475794 -0.542484 -0.692337
    outer loop
      vertex 1.56496 0.826584 0.5
      vertex 1.8425 1.22128 0
      vertex 1.85763 1.20801 0
    endloop
  endfacet
  facet normal -0.47576 -0.542512 -0.692339
    outer loop
      vertex 1.8425 1.22128 0
      vertex 1.56496 0.826584 0.5
      vertex 1.17157 1.17157 0.5
    endloop
  endfacet
  facet normal 0.64503 0.322515 -0.692763
    outer loop
      vertex 191.442 136.565 0
      vertex 191.896 136.731 0.5
      vertex 191.451 136.547 0
    endloop
  endfacet
  facet normal 0.646255 0.319683 -0.692934
    outer loop
      vertex 191.896 136.731 0.5
      vertex 191.442 136.565 0
      vertex 191.664 137.2 0.5
    endloop
  endfacet
  facet normal -0.140782 -0.707703 -0.692342
    outer loop
      vertex 3.52091 0.514798 0
      vertex 2.96472 0.136292 0.5
      vertex 3.08915 0.600687 0
    endloop
  endfacet
  facet normal -0.140761 -0.707718 -0.692331
    outer loop
      vertex 3.52091 0.514798 0
      vertex 3.47789 0.0342255 0.5
      vertex 2.96472 0.136292 0.5
    endloop
  endfacet
  facet normal -0.140824 -0.707709 -0.692327
    outer loop
      vertex 3.47789 0.0342255 0.5
      vertex 3.52091 0.514798 0
      vertex 3.54064 0.510872 0
    endloop
  endfacet
  facet normal -0.707703 -0.140782 -0.692342
    outer loop
      vertex 0.600687 3.08915 0
      vertex 0.136292 2.96472 0.5
      vertex 0.514798 3.52091 0
    endloop
  endfacet
  facet normal -0.683278 -0.231938 -0.692341
    outer loop
      vertex 0.742183 2.67231 0
      vertex 0.136292 2.96472 0.5
      vertex 0.600687 3.08915 0
    endloop
  endfacet
  facet normal 0.997857 -0.065428 0
    outer loop
      vertex 5.7 6.9 2.55
      vertex 5.71027 7.05663 0
      vertex 5.71027 7.05663 2.55
    endloop
  endfacet
  facet normal 0.997857 -0.065428 0
    outer loop
      vertex 5.71027 7.05663 0
      vertex 5.7 6.9 2.55
      vertex 5.7 6.9 0
    endloop
  endfacet
  facet normal -0.980788 -0.195075 0
    outer loop
      vertex 8.08973 7.05663 0
      vertex 8.05911 7.21058 2.55
      vertex 8.05911 7.21058 0
    endloop
  endfacet
  facet normal -0.980788 -0.195075 0
    outer loop
      vertex 8.05911 7.21058 2.55
      vertex 8.08973 7.05663 0
      vertex 8.08973 7.05663 2.55
    endloop
  endfacet
  facet normal -0.997857 -0.065428 0
    outer loop
      vertex 8.1 6.9 0
      vertex 8.08973 7.05663 2.55
      vertex 8.08973 7.05663 0
    endloop
  endfacet
  facet normal -0.997857 -0.065428 0
    outer loop
      vertex 8.08973 7.05663 2.55
      vertex 8.1 6.9 0
      vertex 8.1 6.9 2.55
    endloop
  endfacet
  facet normal -0.980788 0.195075 0
    outer loop
      vertex 8.05911 6.58942 0
      vertex 8.08973 6.74337 2.55
      vertex 8.08973 6.74337 0
    endloop
  endfacet
  facet normal -0.980788 0.195075 0
    outer loop
      vertex 8.08973 6.74337 2.55
      vertex 8.05911 6.58942 0
      vertex 8.05911 6.58942 2.55
    endloop
  endfacet
  facet normal 0.195075 -0.980788 0
    outer loop
      vertex 6.58942 8.05911 0
      vertex 6.74337 8.08973 2.55
      vertex 6.58942 8.05911 2.55
    endloop
  endfacet
  facet normal 0.195075 -0.980788 0
    outer loop
      vertex 6.74337 8.08973 2.55
      vertex 6.58942 8.05911 0
      vertex 6.74337 8.08973 0
    endloop
  endfacet
  facet normal 0.831452 -0.555597 0
    outer loop
      vertex 5.86077 7.5 2.55
      vertex 5.94798 7.63051 0
      vertex 5.94798 7.63051 2.55
    endloop
  endfacet
  facet normal 0.831452 -0.555597 0
    outer loop
      vertex 5.94798 7.63051 0
      vertex 5.86077 7.5 2.55
      vertex 5.86077 7.5 0
    endloop
  endfacet
  facet normal -0.659307 0.751874 0
    outer loop
      vertex 7.74853 6.05147 0
      vertex 7.63051 5.94798 2.55
      vertex 7.74853 6.05147 2.55
    endloop
  endfacet
  facet normal -0.659307 0.751874 0
    outer loop
      vertex 7.63051 5.94798 2.55
      vertex 7.74853 6.05147 0
      vertex 7.63051 5.94798 0
    endloop
  endfacet
  facet normal -0.065428 0.997857 0
    outer loop
      vertex 7.05663 5.71027 0
      vertex 6.9 5.7 2.55
      vertex 7.05663 5.71027 2.55
    endloop
  endfacet
  facet normal -0.065428 0.997857 0
    outer loop
      vertex 6.9 5.7 2.55
      vertex 7.05663 5.71027 0
      vertex 6.9 5.7 0
    endloop
  endfacet
  facet normal 0.442263 -0.896885 0
    outer loop
      vertex 6.3 7.93923 0
      vertex 6.44078 8.00865 2.55
      vertex 6.3 7.93923 2.55
    endloop
  endfacet
  facet normal 0.442263 -0.896885 0
    outer loop
      vertex 6.44078 8.00865 2.55
      vertex 6.3 7.93923 0
      vertex 6.44078 8.00865 0
    endloop
  endfacet
  facet normal 0.555597 -0.831452 0
    outer loop
      vertex 6.16949 7.85202 0
      vertex 6.3 7.93923 2.55
      vertex 6.16949 7.85202 2.55
    endloop
  endfacet
  facet normal 0.555597 -0.831452 0
    outer loop
      vertex 6.3 7.93923 2.55
      vertex 6.16949 7.85202 0
      vertex 6.3 7.93923 0
    endloop
  endfacet
  facet normal 0.195075 0.980788 -0
    outer loop
      vertex 6.74337 5.71027 0
      vertex 6.58942 5.74089 2.55
      vertex 6.74337 5.71027 2.55
    endloop
  endfacet
  facet normal 0.195075 0.980788 0
    outer loop
      vertex 6.58942 5.74089 2.55
      vertex 6.74337 5.71027 0
      vertex 6.58942 5.74089 0
    endloop
  endfacet
  facet normal 0.065428 0.997857 -0
    outer loop
      vertex 6.9 5.7 0
      vertex 6.74337 5.71027 2.55
      vertex 6.9 5.7 2.55
    endloop
  endfacet
  facet normal 0.065428 0.997857 0
    outer loop
      vertex 6.74337 5.71027 2.55
      vertex 6.9 5.7 0
      vertex 6.74337 5.71027 0
    endloop
  endfacet
  facet normal 0.946943 0.321402 0
    outer loop
      vertex 5.79134 6.44078 2.55
      vertex 5.74089 6.58942 0
      vertex 5.74089 6.58942 2.55
    endloop
  endfacet
  facet normal 0.946943 0.321402 0
    outer loop
      vertex 5.74089 6.58942 0
      vertex 5.79134 6.44078 2.55
      vertex 5.79134 6.44078 0
    endloop
  endfacet
  facet normal -0.321402 0.946943 0
    outer loop
      vertex 7.35922 5.79134 0
      vertex 7.21058 5.74089 2.55
      vertex 7.35922 5.79134 2.55
    endloop
  endfacet
  facet normal -0.321402 0.946943 0
    outer loop
      vertex 7.21058 5.74089 2.55
      vertex 7.35922 5.79134 0
      vertex 7.21058 5.74089 0
    endloop
  endfacet
  facet normal 0.980788 -0.195075 0
    outer loop
      vertex 5.71027 7.05663 2.55
      vertex 5.74089 7.21058 0
      vertex 5.74089 7.21058 2.55
    endloop
  endfacet
  facet normal 0.980788 -0.195075 0
    outer loop
      vertex 5.74089 7.21058 0
      vertex 5.71027 7.05663 2.55
      vertex 5.71027 7.05663 0
    endloop
  endfacet
  facet normal 0.751874 -0.659307 0
    outer loop
      vertex 5.94798 7.63051 2.55
      vertex 6.05147 7.74853 0
      vertex 6.05147 7.74853 2.55
    endloop
  endfacet
  facet normal 0.751874 -0.659307 0
    outer loop
      vertex 6.05147 7.74853 0
      vertex 5.94798 7.63051 2.55
      vertex 5.94798 7.63051 0
    endloop
  endfacet
  facet normal 0.32146 -0.946923 0
    outer loop
      vertex 6.44078 8.00865 0
      vertex 6.58942 8.05911 2.55
      vertex 6.44078 8.00865 2.55
    endloop
  endfacet
  facet normal 0.32146 -0.946923 0
    outer loop
      vertex 6.58942 8.05911 2.55
      vertex 6.44078 8.00865 0
      vertex 6.58942 8.05911 0
    endloop
  endfacet
  facet normal 0.980788 0.195075 0
    outer loop
      vertex 5.74089 6.58942 2.55
      vertex 5.71027 6.74337 0
      vertex 5.71027 6.74337 2.55
    endloop
  endfacet
  facet normal 0.980788 0.195075 0
    outer loop
      vertex 5.71027 6.74337 0
      vertex 5.74089 6.58942 2.55
      vertex 5.74089 6.58942 0
    endloop
  endfacet
  facet normal -0.065428 -0.997857 0
    outer loop
      vertex 6.9 8.1 0
      vertex 7.05663 8.08973 2.55
      vertex 6.9 8.1 2.55
    endloop
  endfacet
  facet normal -0.065428 -0.997857 -0
    outer loop
      vertex 7.05663 8.08973 2.55
      vertex 6.9 8.1 0
      vertex 7.05663 8.08973 0
    endloop
  endfacet
  facet normal 0.946943 -0.321402 0
    outer loop
      vertex 5.74089 7.21058 2.55
      vertex 5.79134 7.35922 0
      vertex 5.79134 7.35922 2.55
    endloop
  endfacet
  facet normal 0.946943 -0.321402 0
    outer loop
      vertex 5.79134 7.35922 0
      vertex 5.74089 7.21058 2.55
      vertex 5.74089 7.21058 0
    endloop
  endfacet
  facet normal -0.751874 0.659307 0
    outer loop
      vertex 7.74853 6.05147 0
      vertex 7.85202 6.16949 2.55
      vertex 7.85202 6.16949 0
    endloop
  endfacet
  facet normal -0.751874 0.659307 0
    outer loop
      vertex 7.85202 6.16949 2.55
      vertex 7.74853 6.05147 0
      vertex 7.74853 6.05147 2.55
    endloop
  endfacet
  facet normal 0.751874 0.659307 0
    outer loop
      vertex 6.05147 6.05147 2.55
      vertex 5.94798 6.16949 0
      vertex 5.94798 6.16949 2.55
    endloop
  endfacet
  facet normal 0.751874 0.659307 0
    outer loop
      vertex 5.94798 6.16949 0
      vertex 6.05147 6.05147 2.55
      vertex 6.05147 6.05147 0
    endloop
  endfacet
  facet normal -0.831452 -0.555597 0
    outer loop
      vertex 7.93923 7.5 0
      vertex 7.85202 7.63051 2.55
      vertex 7.85202 7.63051 0
    endloop
  endfacet
  facet normal -0.831452 -0.555597 0
    outer loop
      vertex 7.85202 7.63051 2.55
      vertex 7.93923 7.5 0
      vertex 7.93923 7.5 2.55
    endloop
  endfacet
  facet normal -0.831452 0.555597 0
    outer loop
      vertex 7.85202 6.16949 0
      vertex 7.93923 6.3 2.55
      vertex 7.93923 6.3 0
    endloop
  endfacet
  facet normal -0.831452 0.555597 0
    outer loop
      vertex 7.93923 6.3 2.55
      vertex 7.85202 6.16949 0
      vertex 7.85202 6.16949 2.55
    endloop
  endfacet
  facet normal -0.195075 -0.980788 0
    outer loop
      vertex 7.05663 8.08973 0
      vertex 7.21058 8.05911 2.55
      vertex 7.05663 8.08973 2.55
    endloop
  endfacet
  facet normal -0.195075 -0.980788 -0
    outer loop
      vertex 7.21058 8.05911 2.55
      vertex 7.05663 8.08973 0
      vertex 7.21058 8.05911 0
    endloop
  endfacet
  facet normal -0.659307 -0.751874 0
    outer loop
      vertex 7.63051 7.85202 0
      vertex 7.74853 7.74853 2.55
      vertex 7.63051 7.85202 2.55
    endloop
  endfacet
  facet normal -0.659307 -0.751874 -0
    outer loop
      vertex 7.74853 7.74853 2.55
      vertex 7.63051 7.85202 0
      vertex 7.74853 7.74853 0
    endloop
  endfacet
  facet normal -0.997857 0.065428 0
    outer loop
      vertex 8.08973 6.74337 0
      vertex 8.1 6.9 2.55
      vertex 8.1 6.9 0
    endloop
  endfacet
  facet normal -0.997857 0.065428 0
    outer loop
      vertex 8.1 6.9 2.55
      vertex 8.08973 6.74337 0
      vertex 8.08973 6.74337 2.55
    endloop
  endfacet
  facet normal -0.442263 -0.896885 0
    outer loop
      vertex 7.35922 8.00865 0
      vertex 7.5 7.93923 2.55
      vertex 7.35922 8.00865 2.55
    endloop
  endfacet
  facet normal -0.442263 -0.896885 -0
    outer loop
      vertex 7.5 7.93923 2.55
      vertex 7.35922 8.00865 0
      vertex 7.5 7.93923 0
    endloop
  endfacet
  facet normal -0.751874 -0.659307 0
    outer loop
      vertex 7.85202 7.63051 0
      vertex 7.74853 7.74853 2.55
      vertex 7.74853 7.74853 0
    endloop
  endfacet
  facet normal -0.751874 -0.659307 0
    outer loop
      vertex 7.74853 7.74853 2.55
      vertex 7.85202 7.63051 0
      vertex 7.85202 7.63051 2.55
    endloop
  endfacet
  facet normal 0.065428 -0.997857 0
    outer loop
      vertex 6.74337 8.08973 0
      vertex 6.9 8.1 2.55
      vertex 6.74337 8.08973 2.55
    endloop
  endfacet
  facet normal 0.065428 -0.997857 0
    outer loop
      vertex 6.9 8.1 2.55
      vertex 6.74337 8.08973 0
      vertex 6.9 8.1 0
    endloop
  endfacet
  facet normal 0.89686 0.442314 0
    outer loop
      vertex 5.86077 6.3 2.55
      vertex 5.79134 6.44078 0
      vertex 5.79134 6.44078 2.55
    endloop
  endfacet
  facet normal 0.89686 0.442314 0
    outer loop
      vertex 5.79134 6.44078 0
      vertex 5.86077 6.3 2.55
      vertex 5.86077 6.3 0
    endloop
  endfacet
  facet normal -0.946923 0.32146 0
    outer loop
      vertex 8.00865 6.44078 0
      vertex 8.05911 6.58942 2.55
      vertex 8.05911 6.58942 0
    endloop
  endfacet
  facet normal -0.946923 0.32146 0
    outer loop
      vertex 8.05911 6.58942 2.55
      vertex 8.00865 6.44078 0
      vertex 8.00865 6.44078 2.55
    endloop
  endfacet
  facet normal -0.896885 0.442263 0
    outer loop
      vertex 7.93923 6.3 0
      vertex 8.00865 6.44078 2.55
      vertex 8.00865 6.44078 0
    endloop
  endfacet
  facet normal -0.896885 0.442263 0
    outer loop
      vertex 8.00865 6.44078 2.55
      vertex 7.93923 6.3 0
      vertex 7.93923 6.3 2.55
    endloop
  endfacet
  facet normal -0.555597 -0.831452 0
    outer loop
      vertex 7.5 7.93923 0
      vertex 7.63051 7.85202 2.55
      vertex 7.5 7.93923 2.55
    endloop
  endfacet
  facet normal -0.555597 -0.831452 -0
    outer loop
      vertex 7.63051 7.85202 2.55
      vertex 7.5 7.93923 0
      vertex 7.63051 7.85202 0
    endloop
  endfacet
  facet normal -0.195075 0.980788 0
    outer loop
      vertex 7.21058 5.74089 0
      vertex 7.05663 5.71027 2.55
      vertex 7.21058 5.74089 2.55
    endloop
  endfacet
  facet normal -0.195075 0.980788 0
    outer loop
      vertex 7.05663 5.71027 2.55
      vertex 7.21058 5.74089 0
      vertex 7.05663 5.71027 0
    endloop
  endfacet
  facet normal 0.997857 0.065428 0
    outer loop
      vertex 5.71027 6.74337 2.55
      vertex 5.7 6.9 0
      vertex 5.7 6.9 2.55
    endloop
  endfacet
  facet normal 0.997857 0.065428 0
    outer loop
      vertex 5.7 6.9 0
      vertex 5.71027 6.74337 2.55
      vertex 5.71027 6.74337 0
    endloop
  endfacet
  facet normal 0.659307 0.751874 -0
    outer loop
      vertex 6.16949 5.94798 0
      vertex 6.05147 6.05147 2.55
      vertex 6.16949 5.94798 2.55
    endloop
  endfacet
  facet normal 0.659307 0.751874 0
    outer loop
      vertex 6.05147 6.05147 2.55
      vertex 6.16949 5.94798 0
      vertex 6.05147 6.05147 0
    endloop
  endfacet
  facet normal 0.659307 -0.751874 0
    outer loop
      vertex 6.05147 7.74853 0
      vertex 6.16949 7.85202 2.55
      vertex 6.05147 7.74853 2.55
    endloop
  endfacet
  facet normal 0.659307 -0.751874 0
    outer loop
      vertex 6.16949 7.85202 2.55
      vertex 6.05147 7.74853 0
      vertex 6.16949 7.85202 0
    endloop
  endfacet
  facet normal -0.896885 -0.442263 0
    outer loop
      vertex 8.00865 7.35922 0
      vertex 7.93923 7.5 2.55
      vertex 7.93923 7.5 0
    endloop
  endfacet
  facet normal -0.896885 -0.442263 0
    outer loop
      vertex 7.93923 7.5 2.55
      vertex 8.00865 7.35922 0
      vertex 8.00865 7.35922 2.55
    endloop
  endfacet
  facet normal -0.32146 -0.946923 0
    outer loop
      vertex 7.21058 8.05911 0
      vertex 7.35922 8.00865 2.55
      vertex 7.21058 8.05911 2.55
    endloop
  endfacet
  facet normal -0.32146 -0.946923 -0
    outer loop
      vertex 7.35922 8.00865 2.55
      vertex 7.21058 8.05911 0
      vertex 7.35922 8.00865 0
    endloop
  endfacet
  facet normal 0.831452 0.555597 0
    outer loop
      vertex 5.94798 6.16949 2.55
      vertex 5.86077 6.3 0
      vertex 5.86077 6.3 2.55
    endloop
  endfacet
  facet normal 0.831452 0.555597 0
    outer loop
      vertex 5.86077 6.3 0
      vertex 5.94798 6.16949 2.55
      vertex 5.94798 6.16949 0
    endloop
  endfacet
  facet normal -0.946923 -0.32146 0
    outer loop
      vertex 8.05911 7.21058 0
      vertex 8.00865 7.35922 2.55
      vertex 8.00865 7.35922 0
    endloop
  endfacet
  facet normal -0.946923 -0.32146 0
    outer loop
      vertex 8.00865 7.35922 2.55
      vertex 8.05911 7.21058 0
      vertex 8.05911 7.21058 2.55
    endloop
  endfacet
  facet normal -0.555597 0.831452 0
    outer loop
      vertex 7.63051 5.94798 0
      vertex 7.5 5.86077 2.55
      vertex 7.63051 5.94798 2.55
    endloop
  endfacet
  facet normal -0.555597 0.831452 0
    outer loop
      vertex 7.5 5.86077 2.55
      vertex 7.63051 5.94798 0
      vertex 7.5 5.86077 0
    endloop
  endfacet
  facet normal 0.321402 0.946943 -0
    outer loop
      vertex 6.58942 5.74089 0
      vertex 6.44078 5.79134 2.55
      vertex 6.58942 5.74089 2.55
    endloop
  endfacet
  facet normal 0.321402 0.946943 0
    outer loop
      vertex 6.44078 5.79134 2.55
      vertex 6.58942 5.74089 0
      vertex 6.44078 5.79134 0
    endloop
  endfacet
  facet normal -0.442314 0.89686 0
    outer loop
      vertex 7.5 5.86077 0
      vertex 7.35922 5.79134 2.55
      vertex 7.5 5.86077 2.55
    endloop
  endfacet
  facet normal -0.442314 0.89686 0
    outer loop
      vertex 7.35922 5.79134 2.55
      vertex 7.5 5.86077 0
      vertex 7.35922 5.79134 0
    endloop
  endfacet
  facet normal 0.442314 0.89686 -0
    outer loop
      vertex 6.44078 5.79134 0
      vertex 6.3 5.86077 2.55
      vertex 6.44078 5.79134 2.55
    endloop
  endfacet
  facet normal 0.442314 0.89686 0
    outer loop
      vertex 6.3 5.86077 2.55
      vertex 6.44078 5.79134 0
      vertex 6.3 5.86077 0
    endloop
  endfacet
  facet normal 0.89686 -0.442314 0
    outer loop
      vertex 5.79134 7.35922 2.55
      vertex 5.86077 7.5 0
      vertex 5.86077 7.5 2.55
    endloop
  endfacet
  facet normal 0.89686 -0.442314 0
    outer loop
      vertex 5.86077 7.5 0
      vertex 5.79134 7.35922 2.55
      vertex 5.79134 7.35922 0
    endloop
  endfacet
  facet normal 0.555597 0.831452 -0
    outer loop
      vertex 6.3 5.86077 0
      vertex 6.16949 5.94798 2.55
      vertex 6.3 5.86077 2.55
    endloop
  endfacet
  facet normal 0.555597 0.831452 0
    outer loop
      vertex 6.16949 5.94798 2.55
      vertex 6.3 5.86077 0
      vertex 6.16949 5.94798 0
    endloop
  endfacet
  facet normal -0.980323 -0.197402 0
    outer loop
      vertex 186.49 7.05663 0
      vertex 186.459 7.21058 2.55
      vertex 186.459 7.21058 0
    endloop
  endfacet
  facet normal -0.980323 -0.197402 0
    outer loop
      vertex 186.459 7.21058 2.55
      vertex 186.49 7.05663 0
      vertex 186.49 7.05663 2.55
    endloop
  endfacet
  facet normal -0.997968 -0.063715 0
    outer loop
      vertex 186.5 6.9 0
      vertex 186.49 7.05663 2.55
      vertex 186.49 7.05663 0
    endloop
  endfacet
  facet normal -0.997968 -0.063715 0
    outer loop
      vertex 186.49 7.05663 2.55
      vertex 186.5 6.9 0
      vertex 186.5 6.9 2.55
    endloop
  endfacet
  facet normal -0.947813 -0.318828 0
    outer loop
      vertex 186.459 7.21058 0
      vertex 186.409 7.35922 2.55
      vertex 186.409 7.35922 0
    endloop
  endfacet
  facet normal -0.947813 -0.318828 0
    outer loop
      vertex 186.409 7.35922 2.55
      vertex 186.459 7.21058 0
      vertex 186.459 7.21058 2.55
    endloop
  endfacet
  facet normal 0.947813 0.318828 0
    outer loop
      vertex 184.191 6.44078 2.55
      vertex 184.141 6.58942 0
      vertex 184.141 6.58942 2.55
    endloop
  endfacet
  facet normal 0.947813 0.318828 0
    outer loop
      vertex 184.141 6.58942 0
      vertex 184.191 6.44078 2.55
      vertex 184.191 6.44078 0
    endloop
  endfacet
  facet normal 0.65937 -0.751818 0
    outer loop
      vertex 184.451 7.74853 0
      vertex 184.569 7.85202 2.55
      vertex 184.451 7.74853 2.55
    endloop
  endfacet
  facet normal 0.65937 -0.751818 0
    outer loop
      vertex 184.569 7.85202 2.55
      vertex 184.451 7.74853 0
      vertex 184.569 7.85202 0
    endloop
  endfacet
  facet normal -0.65937 0.751818 0
    outer loop
      vertex 186.149 6.05147 0
      vertex 186.031 5.94798 2.55
      vertex 186.149 6.05147 2.55
    endloop
  endfacet
  facet normal -0.65937 0.751818 0
    outer loop
      vertex 186.031 5.94798 2.55
      vertex 186.149 6.05147 0
      vertex 186.031 5.94798 0
    endloop
  endfacet
  facet normal 0.947813 -0.318828 0
    outer loop
      vertex 184.141 7.21058 2.55
      vertex 184.191 7.35922 0
      vertex 184.191 7.35922 2.55
    endloop
  endfacet
  facet normal 0.947813 -0.318828 0
    outer loop
      vertex 184.191 7.35922 0
      vertex 184.141 7.21058 2.55
      vertex 184.141 7.21058 0
    endloop
  endfacet
  facet normal -0.554158 -0.832412 0
    outer loop
      vertex 185.9 7.93923 0
      vertex 186.031 7.85202 2.55
      vertex 185.9 7.93923 2.55
    endloop
  endfacet
  facet normal -0.554158 -0.832412 -0
    outer loop
      vertex 186.031 7.85202 2.55
      vertex 185.9 7.93923 0
      vertex 186.031 7.85202 0
    endloop
  endfacet
  facet normal 0.195014 -0.980801 0
    outer loop
      vertex 184.989 8.05911 0
      vertex 185.143 8.08973 2.55
      vertex 184.989 8.05911 2.55
    endloop
  endfacet
  facet normal 0.195014 -0.980801 0
    outer loop
      vertex 185.143 8.08973 2.55
      vertex 184.989 8.05911 0
      vertex 185.143 8.08973 0
    endloop
  endfacet
  facet normal -0.753422 0.657537 0
    outer loop
      vertex 186.149 6.05147 0
      vertex 186.252 6.16949 2.55
      vertex 186.252 6.16949 0
    endloop
  endfacet
  facet normal -0.753422 0.657537 0
    outer loop
      vertex 186.252 6.16949 2.55
      vertex 186.149 6.05147 0
      vertex 186.149 6.05147 2.55
    endloop
  endfacet
  facet normal -0.322648 0.946519 0
    outer loop
      vertex 185.759 5.79134 0
      vertex 185.611 5.74089 2.55
      vertex 185.759 5.79134 2.55
    endloop
  endfacet
  facet normal -0.322648 0.946519 0
    outer loop
      vertex 185.611 5.74089 2.55
      vertex 185.759 5.79134 0
      vertex 185.611 5.74089 0
    endloop
  endfacet
  facet normal 0.322705 -0.9465 0
    outer loop
      vertex 184.841 8.00865 0
      vertex 184.989 8.05911 2.55
      vertex 184.841 8.00865 2.55
    endloop
  endfacet
  facet normal 0.322705 -0.9465 0
    outer loop
      vertex 184.989 8.05911 2.55
      vertex 184.841 8.00865 0
      vertex 184.989 8.05911 0
    endloop
  endfacet
  facet normal 0.980323 0.197402 0
    outer loop
      vertex 184.141 6.58942 2.55
      vertex 184.11 6.74337 0
      vertex 184.11 6.74337 2.55
    endloop
  endfacet
  facet normal 0.980323 0.197402 0
    outer loop
      vertex 184.11 6.74337 0
      vertex 184.141 6.58942 2.55
      vertex 184.141 6.58942 0
    endloop
  endfacet
  facet normal -0.195014 -0.980801 0
    outer loop
      vertex 185.457 8.08973 0
      vertex 185.611 8.05911 2.55
      vertex 185.457 8.08973 2.55
    endloop
  endfacet
  facet normal -0.195014 -0.980801 -0
    outer loop
      vertex 185.611 8.05911 2.55
      vertex 185.457 8.08973 0
      vertex 185.611 8.05911 0
    endloop
  endfacet
  facet normal 0.441708 -0.897159 0
    outer loop
      vertex 184.7 7.93923 0
      vertex 184.841 8.00865 2.55
      vertex 184.7 7.93923 2.55
    endloop
  endfacet
  facet normal 0.441708 -0.897159 0
    outer loop
      vertex 184.841 8.00865 2.55
      vertex 184.7 7.93923 0
      vertex 184.841 8.00865 0
    endloop
  endfacet
  facet normal -0.65937 -0.751818 0
    outer loop
      vertex 186.031 7.85202 0
      vertex 186.149 7.74853 2.55
      vertex 186.031 7.85202 2.55
    endloop
  endfacet
  facet normal -0.65937 -0.751818 -0
    outer loop
      vertex 186.149 7.74853 2.55
      vertex 186.031 7.85202 0
      vertex 186.149 7.74853 0
    endloop
  endfacet
  facet normal -0.0652745 0.997867 0
    outer loop
      vertex 185.457 5.71027 0
      vertex 185.3 5.7 2.55
      vertex 185.457 5.71027 2.55
    endloop
  endfacet
  facet normal -0.0652745 0.997867 0
    outer loop
      vertex 185.3 5.7 2.55
      vertex 185.457 5.71027 0
      vertex 185.3 5.7 0
    endloop
  endfacet
  facet normal 0.322648 0.946519 -0
    outer loop
      vertex 184.989 5.74089 0
      vertex 184.841 5.79134 2.55
      vertex 184.989 5.74089 2.55
    endloop
  endfacet
  facet normal 0.322648 0.946519 0
    outer loop
      vertex 184.841 5.79134 2.55
      vertex 184.989 5.74089 0
      vertex 184.841 5.79134 0
    endloop
  endfacet
  facet normal -0.997968 0.063715 0
    outer loop
      vertex 186.49 6.74337 0
      vertex 186.5 6.9 2.55
      vertex 186.5 6.9 0
    endloop
  endfacet
  facet normal -0.997968 0.063715 0
    outer loop
      vertex 186.5 6.9 2.55
      vertex 186.49 6.74337 0
      vertex 186.49 6.74337 2.55
    endloop
  endfacet
  facet normal -0.441708 -0.897159 0
    outer loop
      vertex 185.759 8.00865 0
      vertex 185.9 7.93923 2.55
      vertex 185.759 8.00865 2.55
    endloop
  endfacet
  facet normal -0.441708 -0.897159 -0
    outer loop
      vertex 185.9 7.93923 2.55
      vertex 185.759 8.00865 0
      vertex 185.9 7.93923 0
    endloop
  endfacet
  facet normal -0.753422 -0.657537 0
    outer loop
      vertex 186.252 7.63051 0
      vertex 186.149 7.74853 2.55
      vertex 186.149 7.74853 0
    endloop
  endfacet
  facet normal -0.753422 -0.657537 0
    outer loop
      vertex 186.149 7.74853 2.55
      vertex 186.252 7.63051 0
      vertex 186.252 7.63051 2.55
    endloop
  endfacet
  facet normal -0.895417 0.445228 0
    outer loop
      vertex 186.339 6.3 0
      vertex 186.409 6.44078 2.55
      vertex 186.409 6.44078 0
    endloop
  endfacet
  facet normal -0.895417 0.445228 0
    outer loop
      vertex 186.409 6.44078 2.55
      vertex 186.339 6.3 0
      vertex 186.339 6.3 2.55
    endloop
  endfacet
  facet normal 0.895417 -0.445228 0
    outer loop
      vertex 184.191 7.35922 2.55
      vertex 184.261 7.5 0
      vertex 184.261 7.5 2.55
    endloop
  endfacet
  facet normal 0.895417 -0.445228 0
    outer loop
      vertex 184.261 7.5 0
      vertex 184.191 7.35922 2.55
      vertex 184.191 7.35922 0
    endloop
  endfacet
  facet normal -0.947813 0.318828 0
    outer loop
      vertex 186.409 6.44078 0
      vertex 186.459 6.58942 2.55
      vertex 186.459 6.58942 0
    endloop
  endfacet
  facet normal -0.947813 0.318828 0
    outer loop
      vertex 186.459 6.58942 2.55
      vertex 186.409 6.44078 0
      vertex 186.409 6.44078 2.55
    endloop
  endfacet
  facet normal 0.195014 0.980801 -0
    outer loop
      vertex 185.143 5.71027 0
      vertex 184.989 5.74089 2.55
      vertex 185.143 5.71027 2.55
    endloop
  endfacet
  facet normal 0.195014 0.980801 0
    outer loop
      vertex 184.989 5.74089 2.55
      vertex 185.143 5.71027 0
      vertex 184.989 5.74089 0
    endloop
  endfacet
  facet normal 0.65937 0.751818 -0
    outer loop
      vertex 184.569 5.94798 0
      vertex 184.451 6.05147 2.55
      vertex 184.569 5.94798 2.55
    endloop
  endfacet
  facet normal 0.65937 0.751818 0
    outer loop
      vertex 184.451 6.05147 2.55
      vertex 184.569 5.94798 0
      vertex 184.451 6.05147 0
    endloop
  endfacet
  facet normal 0.0652745 -0.997867 0
    outer loop
      vertex 185.143 8.08973 0
      vertex 185.3 8.1 2.55
      vertex 185.143 8.08973 2.55
    endloop
  endfacet
  facet normal 0.0652745 -0.997867 0
    outer loop
      vertex 185.3 8.1 2.55
      vertex 185.143 8.08973 0
      vertex 185.3 8.1 0
    endloop
  endfacet
  facet normal -0.0652745 -0.997867 0
    outer loop
      vertex 185.3 8.1 0
      vertex 185.457 8.08973 2.55
      vertex 185.3 8.1 2.55
    endloop
  endfacet
  facet normal -0.0652745 -0.997867 -0
    outer loop
      vertex 185.457 8.08973 2.55
      vertex 185.3 8.1 0
      vertex 185.457 8.08973 0
    endloop
  endfacet
  facet normal 0.0652745 0.997867 -0
    outer loop
      vertex 185.3 5.7 0
      vertex 185.143 5.71027 2.55
      vertex 185.3 5.7 2.55
    endloop
  endfacet
  facet normal 0.0652745 0.997867 0
    outer loop
      vertex 185.143 5.71027 2.55
      vertex 185.3 5.7 0
      vertex 185.143 5.71027 0
    endloop
  endfacet
  facet normal -0.195014 0.980801 0
    outer loop
      vertex 185.611 5.74089 0
      vertex 185.457 5.71027 2.55
      vertex 185.611 5.74089 2.55
    endloop
  endfacet
  facet normal -0.195014 0.980801 0
    outer loop
      vertex 185.457 5.71027 2.55
      vertex 185.611 5.74089 0
      vertex 185.457 5.71027 0
    endloop
  endfacet
  facet normal -0.895417 -0.445228 0
    outer loop
      vertex 186.409 7.35922 0
      vertex 186.339 7.5 2.55
      vertex 186.339 7.5 0
    endloop
  endfacet
  facet normal -0.895417 -0.445228 0
    outer loop
      vertex 186.339 7.5 2.55
      vertex 186.409 7.35922 0
      vertex 186.409 7.35922 2.55
    endloop
  endfacet
  facet normal 0.997968 -0.063715 0
    outer loop
      vertex 184.1 6.9 2.55
      vertex 184.11 7.05663 0
      vertex 184.11 7.05663 2.55
    endloop
  endfacet
  facet normal 0.997968 -0.063715 0
    outer loop
      vertex 184.11 7.05663 0
      vertex 184.1 6.9 2.55
      vertex 184.1 6.9 0
    endloop
  endfacet
  facet normal -0.83207 -0.554671 0
    outer loop
      vertex 186.339 7.5 0
      vertex 186.252 7.63051 2.55
      vertex 186.252 7.63051 0
    endloop
  endfacet
  facet normal -0.83207 -0.554671 0
    outer loop
      vertex 186.252 7.63051 2.55
      vertex 186.339 7.5 0
      vertex 186.339 7.5 2.55
    endloop
  endfacet
  facet normal 0.895417 0.445228 0
    outer loop
      vertex 184.261 6.3 2.55
      vertex 184.191 6.44078 0
      vertex 184.191 6.44078 2.55
    endloop
  endfacet
  facet normal 0.895417 0.445228 0
    outer loop
      vertex 184.191 6.44078 0
      vertex 184.261 6.3 2.55
      vertex 184.261 6.3 0
    endloop
  endfacet
  facet normal 0.753422 -0.657537 0
    outer loop
      vertex 184.348 7.63051 2.55
      vertex 184.451 7.74853 0
      vertex 184.451 7.74853 2.55
    endloop
  endfacet
  facet normal 0.753422 -0.657537 0
    outer loop
      vertex 184.451 7.74853 0
      vertex 184.348 7.63051 2.55
      vertex 184.348 7.63051 0
    endloop
  endfacet
  facet normal -0.83207 0.554671 0
    outer loop
      vertex 186.252 6.16949 0
      vertex 186.339 6.3 2.55
      vertex 186.339 6.3 0
    endloop
  endfacet
  facet normal -0.83207 0.554671 0
    outer loop
      vertex 186.339 6.3 2.55
      vertex 186.252 6.16949 0
      vertex 186.252 6.16949 2.55
    endloop
  endfacet
  facet normal 0.554158 -0.832412 0
    outer loop
      vertex 184.569 7.85202 0
      vertex 184.7 7.93923 2.55
      vertex 184.569 7.85202 2.55
    endloop
  endfacet
  facet normal 0.554158 -0.832412 0
    outer loop
      vertex 184.7 7.93923 2.55
      vertex 184.569 7.85202 0
      vertex 184.7 7.93923 0
    endloop
  endfacet
  facet normal 0.83207 0.554671 0
    outer loop
      vertex 184.348 6.16949 2.55
      vertex 184.261 6.3 0
      vertex 184.261 6.3 2.55
    endloop
  endfacet
  facet normal 0.83207 0.554671 0
    outer loop
      vertex 184.261 6.3 0
      vertex 184.348 6.16949 2.55
      vertex 184.348 6.16949 0
    endloop
  endfacet
  facet normal 0.554158 0.832412 -0
    outer loop
      vertex 184.7 5.86077 0
      vertex 184.569 5.94798 2.55
      vertex 184.7 5.86077 2.55
    endloop
  endfacet
  facet normal 0.554158 0.832412 0
    outer loop
      vertex 184.569 5.94798 2.55
      vertex 184.7 5.86077 0
      vertex 184.569 5.94798 0
    endloop
  endfacet
  facet normal -0.980323 0.197402 0
    outer loop
      vertex 186.459 6.58942 0
      vertex 186.49 6.74337 2.55
      vertex 186.49 6.74337 0
    endloop
  endfacet
  facet normal -0.980323 0.197402 0
    outer loop
      vertex 186.49 6.74337 2.55
      vertex 186.459 6.58942 0
      vertex 186.459 6.58942 2.55
    endloop
  endfacet
  facet normal 0.997968 0.063715 0
    outer loop
      vertex 184.11 6.74337 2.55
      vertex 184.1 6.9 0
      vertex 184.1 6.9 2.55
    endloop
  endfacet
  facet normal 0.997968 0.063715 0
    outer loop
      vertex 184.1 6.9 0
      vertex 184.11 6.74337 2.55
      vertex 184.11 6.74337 0
    endloop
  endfacet
  facet normal -0.322705 -0.9465 0
    outer loop
      vertex 185.611 8.05911 0
      vertex 185.759 8.00865 2.55
      vertex 185.611 8.05911 2.55
    endloop
  endfacet
  facet normal -0.322705 -0.9465 -0
    outer loop
      vertex 185.759 8.00865 2.55
      vertex 185.611 8.05911 0
      vertex 185.759 8.00865 0
    endloop
  endfacet
  facet normal 0.980323 -0.197402 0
    outer loop
      vertex 184.11 7.05663 2.55
      vertex 184.141 7.21058 0
      vertex 184.141 7.21058 2.55
    endloop
  endfacet
  facet normal 0.980323 -0.197402 0
    outer loop
      vertex 184.141 7.21058 0
      vertex 184.11 7.05663 2.55
      vertex 184.11 7.05663 0
    endloop
  endfacet
  facet normal -0.554158 0.832412 0
    outer loop
      vertex 186.031 5.94798 0
      vertex 185.9 5.86077 2.55
      vertex 186.031 5.94798 2.55
    endloop
  endfacet
  facet normal -0.554158 0.832412 0
    outer loop
      vertex 185.9 5.86077 2.55
      vertex 186.031 5.94798 0
      vertex 185.9 5.86077 0
    endloop
  endfacet
  facet normal 0.441759 0.897134 -0
    outer loop
      vertex 184.841 5.79134 0
      vertex 184.7 5.86077 2.55
      vertex 184.841 5.79134 2.55
    endloop
  endfacet
  facet normal 0.441759 0.897134 0
    outer loop
      vertex 184.7 5.86077 2.55
      vertex 184.841 5.79134 0
      vertex 184.7 5.86077 0
    endloop
  endfacet
  facet normal 0.753422 0.657537 0
    outer loop
      vertex 184.451 6.05147 2.55
      vertex 184.348 6.16949 0
      vertex 184.348 6.16949 2.55
    endloop
  endfacet
  facet normal 0.753422 0.657537 0
    outer loop
      vertex 184.348 6.16949 0
      vertex 184.451 6.05147 2.55
      vertex 184.451 6.05147 0
    endloop
  endfacet
  facet normal -0.441759 0.897134 0
    outer loop
      vertex 185.9 5.86077 0
      vertex 185.759 5.79134 2.55
      vertex 185.9 5.86077 2.55
    endloop
  endfacet
  facet normal -0.441759 0.897134 0
    outer loop
      vertex 185.759 5.79134 2.55
      vertex 185.9 5.86077 0
      vertex 185.759 5.79134 0
    endloop
  endfacet
  facet normal 0.83207 -0.554671 0
    outer loop
      vertex 184.261 7.5 2.55
      vertex 184.348 7.63051 0
      vertex 184.348 7.63051 2.55
    endloop
  endfacet
  facet normal 0.83207 -0.554671 0
    outer loop
      vertex 184.348 7.63051 0
      vertex 184.261 7.5 2.55
      vertex 184.261 7.5 0
    endloop
  endfacet
  facet normal -0.980801 0.195014 0
    outer loop
      vertex 8.05911 131.989 0
      vertex 8.08973 132.143 2.55
      vertex 8.08973 132.143 0
    endloop
  endfacet
  facet normal -0.980801 0.195014 0
    outer loop
      vertex 8.08973 132.143 2.55
      vertex 8.05911 131.989 0
      vertex 8.05911 131.989 2.55
    endloop
  endfacet
  facet normal -0.980801 -0.195014 0
    outer loop
      vertex 8.08973 132.457 0
      vertex 8.05911 132.611 2.55
      vertex 8.05911 132.611 0
    endloop
  endfacet
  facet normal -0.980801 -0.195014 0
    outer loop
      vertex 8.05911 132.611 2.55
      vertex 8.08973 132.457 0
      vertex 8.08973 132.457 2.55
    endloop
  endfacet
  facet normal -0.997867 -0.0652745 0
    outer loop
      vertex 8.1 132.3 0
      vertex 8.08973 132.457 2.55
      vertex 8.08973 132.457 0
    endloop
  endfacet
  facet normal -0.997867 -0.0652745 0
    outer loop
      vertex 8.08973 132.457 2.55
      vertex 8.1 132.3 0
      vertex 8.1 132.3 2.55
    endloop
  endfacet
  facet normal 0.946519 -0.322648 0
    outer loop
      vertex 5.74089 132.611 2.55
      vertex 5.79134 132.759 0
      vertex 5.79134 132.759 2.55
    endloop
  endfacet
  facet normal 0.946519 -0.322648 0
    outer loop
      vertex 5.79134 132.759 0
      vertex 5.74089 132.611 2.55
      vertex 5.74089 132.611 0
    endloop
  endfacet
  facet normal 0.657537 -0.753422 0
    outer loop
      vertex 6.05147 133.149 0
      vertex 6.16949 133.252 2.55
      vertex 6.05147 133.149 2.55
    endloop
  endfacet
  facet normal 0.657537 -0.753422 0
    outer loop
      vertex 6.16949 133.252 2.55
      vertex 6.05147 133.149 0
      vertex 6.16949 133.252 0
    endloop
  endfacet
  facet normal -0.445228 0.895417 0
    outer loop
      vertex 7.5 131.261 0
      vertex 7.35922 131.191 2.55
      vertex 7.5 131.261 2.55
    endloop
  endfacet
  facet normal -0.445228 0.895417 0
    outer loop
      vertex 7.35922 131.191 2.55
      vertex 7.5 131.261 0
      vertex 7.35922 131.191 0
    endloop
  endfacet
  facet normal 0.997867 -0.0652745 0
    outer loop
      vertex 5.7 132.3 2.55
      vertex 5.71027 132.457 0
      vertex 5.71027 132.457 2.55
    endloop
  endfacet
  facet normal 0.997867 -0.0652745 0
    outer loop
      vertex 5.71027 132.457 0
      vertex 5.7 132.3 2.55
      vertex 5.7 132.3 0
    endloop
  endfacet
  facet normal -0.657537 0.753422 0
    outer loop
      vertex 7.74853 131.451 0
      vertex 7.63051 131.348 2.55
      vertex 7.74853 131.451 2.55
    endloop
  endfacet
  facet normal -0.657537 0.753422 0
    outer loop
      vertex 7.63051 131.348 2.55
      vertex 7.74853 131.451 0
      vertex 7.63051 131.348 0
    endloop
  endfacet
  facet normal -0.751818 0.65937 0
    outer loop
      vertex 7.74853 131.451 0
      vertex 7.85202 131.569 2.55
      vertex 7.85202 131.569 0
    endloop
  endfacet
  facet normal -0.751818 0.65937 0
    outer loop
      vertex 7.85202 131.569 2.55
      vertex 7.74853 131.451 0
      vertex 7.74853 131.451 2.55
    endloop
  endfacet
  facet normal 0.445228 -0.895417 0
    outer loop
      vertex 6.3 133.339 0
      vertex 6.44078 133.409 2.55
      vertex 6.3 133.339 2.55
    endloop
  endfacet
  facet normal 0.445228 -0.895417 0
    outer loop
      vertex 6.44078 133.409 2.55
      vertex 6.3 133.339 0
      vertex 6.44078 133.409 0
    endloop
  endfacet
  facet normal 0.445228 0.895417 -0
    outer loop
      vertex 6.44078 131.191 0
      vertex 6.3 131.261 2.55
      vertex 6.44078 131.191 2.55
    endloop
  endfacet
  facet normal 0.445228 0.895417 0
    outer loop
      vertex 6.3 131.261 2.55
      vertex 6.44078 131.191 0
      vertex 6.3 131.261 0
    endloop
  endfacet
  facet normal 0.946519 0.322648 0
    outer loop
      vertex 5.79134 131.841 2.55
      vertex 5.74089 131.989 0
      vertex 5.74089 131.989 2.55
    endloop
  endfacet
  facet normal 0.946519 0.322648 0
    outer loop
      vertex 5.74089 131.989 0
      vertex 5.79134 131.841 2.55
      vertex 5.79134 131.841 0
    endloop
  endfacet
  facet normal -0.318828 0.947813 0
    outer loop
      vertex 7.35922 131.191 0
      vertex 7.21058 131.141 2.55
      vertex 7.35922 131.191 2.55
    endloop
  endfacet
  facet normal -0.318828 0.947813 0
    outer loop
      vertex 7.21058 131.141 2.55
      vertex 7.35922 131.191 0
      vertex 7.21058 131.141 0
    endloop
  endfacet
  facet normal 0.751818 -0.65937 0
    outer loop
      vertex 5.94798 133.031 2.55
      vertex 6.05147 133.149 0
      vertex 6.05147 133.149 2.55
    endloop
  endfacet
  facet normal 0.751818 -0.65937 0
    outer loop
      vertex 6.05147 133.149 0
      vertex 5.94798 133.031 2.55
      vertex 5.94798 133.031 0
    endloop
  endfacet
  facet normal 0.318828 -0.947813 0
    outer loop
      vertex 6.44078 133.409 0
      vertex 6.58942 133.459 2.55
      vertex 6.44078 133.409 2.55
    endloop
  endfacet
  facet normal 0.318828 -0.947813 0
    outer loop
      vertex 6.58942 133.459 2.55
      vertex 6.44078 133.409 0
      vertex 6.58942 133.459 0
    endloop
  endfacet
  facet normal 0.980801 0.195014 0
    outer loop
      vertex 5.74089 131.989 2.55
      vertex 5.71027 132.143 0
      vertex 5.71027 132.143 2.55
    endloop
  endfacet
  facet normal 0.980801 0.195014 0
    outer loop
      vertex 5.71027 132.143 0
      vertex 5.74089 131.989 2.55
      vertex 5.74089 131.989 0
    endloop
  endfacet
  facet normal -0.445228 -0.895417 0
    outer loop
      vertex 7.35922 133.409 0
      vertex 7.5 133.339 2.55
      vertex 7.35922 133.409 2.55
    endloop
  endfacet
  facet normal -0.445228 -0.895417 -0
    outer loop
      vertex 7.5 133.339 2.55
      vertex 7.35922 133.409 0
      vertex 7.5 133.339 0
    endloop
  endfacet
  facet normal -0.832412 -0.554158 0
    outer loop
      vertex 7.93923 132.9 0
      vertex 7.85202 133.031 2.55
      vertex 7.85202 133.031 0
    endloop
  endfacet
  facet normal -0.832412 -0.554158 0
    outer loop
      vertex 7.85202 133.031 2.55
      vertex 7.93923 132.9 0
      vertex 7.93923 132.9 2.55
    endloop
  endfacet
  facet normal 0.897134 -0.441759 0
    outer loop
      vertex 5.79134 132.759 2.55
      vertex 5.86077 132.9 0
      vertex 5.86077 132.9 2.55
    endloop
  endfacet
  facet normal 0.897134 -0.441759 0
    outer loop
      vertex 5.86077 132.9 0
      vertex 5.79134 132.759 2.55
      vertex 5.79134 132.759 0
    endloop
  endfacet
  facet normal -0.554671 -0.83207 0
    outer loop
      vertex 7.5 133.339 0
      vertex 7.63051 133.252 2.55
      vertex 7.5 133.339 2.55
    endloop
  endfacet
  facet normal -0.554671 -0.83207 -0
    outer loop
      vertex 7.63051 133.252 2.55
      vertex 7.5 133.339 0
      vertex 7.63051 133.252 0
    endloop
  endfacet
  facet normal 0.832412 0.554158 0
    outer loop
      vertex 5.94798 131.569 2.55
      vertex 5.86077 131.7 0
      vertex 5.86077 131.7 2.55
    endloop
  endfacet
  facet normal 0.832412 0.554158 0
    outer loop
      vertex 5.86077 131.7 0
      vertex 5.94798 131.569 2.55
      vertex 5.94798 131.569 0
    endloop
  endfacet
  facet normal -0.063715 -0.997968 0
    outer loop
      vertex 6.9 133.5 0
      vertex 7.05663 133.49 2.55
      vertex 6.9 133.5 2.55
    endloop
  endfacet
  facet normal -0.063715 -0.997968 -0
    outer loop
      vertex 7.05663 133.49 2.55
      vertex 6.9 133.5 0
      vertex 7.05663 133.49 0
    endloop
  endfacet
  facet normal -0.197402 -0.980323 0
    outer loop
      vertex 7.05663 133.49 0
      vertex 7.21058 133.459 2.55
      vertex 7.05663 133.49 2.55
    endloop
  endfacet
  facet normal -0.197402 -0.980323 -0
    outer loop
      vertex 7.21058 133.459 2.55
      vertex 7.05663 133.49 0
      vertex 7.21058 133.459 0
    endloop
  endfacet
  facet normal -0.997867 0.0652745 0
    outer loop
      vertex 8.08973 132.143 0
      vertex 8.1 132.3 2.55
      vertex 8.1 132.3 0
    endloop
  endfacet
  facet normal -0.997867 0.0652745 0
    outer loop
      vertex 8.1 132.3 2.55
      vertex 8.08973 132.143 0
      vertex 8.08973 132.143 2.55
    endloop
  endfacet
  facet normal -0.318828 -0.947813 0
    outer loop
      vertex 7.21058 133.459 0
      vertex 7.35922 133.409 2.55
      vertex 7.21058 133.459 2.55
    endloop
  endfacet
  facet normal -0.318828 -0.947813 -0
    outer loop
      vertex 7.35922 133.409 2.55
      vertex 7.21058 133.459 0
      vertex 7.35922 133.409 0
    endloop
  endfacet
  facet normal -0.657537 -0.753422 0
    outer loop
      vertex 7.63051 133.252 0
      vertex 7.74853 133.149 2.55
      vertex 7.63051 133.252 2.55
    endloop
  endfacet
  facet normal -0.657537 -0.753422 -0
    outer loop
      vertex 7.74853 133.149 2.55
      vertex 7.63051 133.252 0
      vertex 7.74853 133.149 0
    endloop
  endfacet
  facet normal 0.980801 -0.195014 0
    outer loop
      vertex 5.71027 132.457 2.55
      vertex 5.74089 132.611 0
      vertex 5.74089 132.611 2.55
    endloop
  endfacet
  facet normal 0.980801 -0.195014 0
    outer loop
      vertex 5.74089 132.611 0
      vertex 5.71027 132.457 2.55
      vertex 5.71027 132.457 0
    endloop
  endfacet
  facet normal -0.063715 0.997968 0
    outer loop
      vertex 7.05663 131.11 0
      vertex 6.9 131.1 2.55
      vertex 7.05663 131.11 2.55
    endloop
  endfacet
  facet normal -0.063715 0.997968 0
    outer loop
      vertex 6.9 131.1 2.55
      vertex 7.05663 131.11 0
      vertex 6.9 131.1 0
    endloop
  endfacet
  facet normal 0.897134 0.441759 0
    outer loop
      vertex 5.86077 131.7 2.55
      vertex 5.79134 131.841 0
      vertex 5.79134 131.841 2.55
    endloop
  endfacet
  facet normal 0.897134 0.441759 0
    outer loop
      vertex 5.79134 131.841 0
      vertex 5.86077 131.7 2.55
      vertex 5.86077 131.7 0
    endloop
  endfacet
  facet normal -0.197402 0.980323 0
    outer loop
      vertex 7.21058 131.141 0
      vertex 7.05663 131.11 2.55
      vertex 7.21058 131.141 2.55
    endloop
  endfacet
  facet normal -0.197402 0.980323 0
    outer loop
      vertex 7.05663 131.11 2.55
      vertex 7.21058 131.141 0
      vertex 7.05663 131.11 0
    endloop
  endfacet
  facet normal 0.197402 -0.980323 0
    outer loop
      vertex 6.58942 133.459 0
      vertex 6.74337 133.49 2.55
      vertex 6.58942 133.459 2.55
    endloop
  endfacet
  facet normal 0.197402 -0.980323 0
    outer loop
      vertex 6.74337 133.49 2.55
      vertex 6.58942 133.459 0
      vertex 6.74337 133.49 0
    endloop
  endfacet
  facet normal -0.9465 0.322705 0
    outer loop
      vertex 8.00865 131.841 0
      vertex 8.05911 131.989 2.55
      vertex 8.05911 131.989 0
    endloop
  endfacet
  facet normal -0.9465 0.322705 0
    outer loop
      vertex 8.05911 131.989 2.55
      vertex 8.00865 131.841 0
      vertex 8.00865 131.841 2.55
    endloop
  endfacet
  facet normal -0.832412 0.554158 0
    outer loop
      vertex 7.85202 131.569 0
      vertex 7.93923 131.7 2.55
      vertex 7.93923 131.7 0
    endloop
  endfacet
  facet normal -0.832412 0.554158 0
    outer loop
      vertex 7.93923 131.7 2.55
      vertex 7.85202 131.569 0
      vertex 7.85202 131.569 2.55
    endloop
  endfacet
  facet normal -0.897159 0.441708 0
    outer loop
      vertex 7.93923 131.7 0
      vertex 8.00865 131.841 2.55
      vertex 8.00865 131.841 0
    endloop
  endfacet
  facet normal -0.897159 0.441708 0
    outer loop
      vertex 8.00865 131.841 2.55
      vertex 7.93923 131.7 0
      vertex 7.93923 131.7 2.55
    endloop
  endfacet
  facet normal 0.751818 0.65937 0
    outer loop
      vertex 6.05147 131.451 2.55
      vertex 5.94798 131.569 0
      vertex 5.94798 131.569 2.55
    endloop
  endfacet
  facet normal 0.751818 0.65937 0
    outer loop
      vertex 5.94798 131.569 0
      vertex 6.05147 131.451 2.55
      vertex 6.05147 131.451 0
    endloop
  endfacet
  facet normal 0.997867 0.0652745 0
    outer loop
      vertex 5.71027 132.143 2.55
      vertex 5.7 132.3 0
      vertex 5.7 132.3 2.55
    endloop
  endfacet
  facet normal 0.997867 0.0652745 0
    outer loop
      vertex 5.7 132.3 0
      vertex 5.71027 132.143 2.55
      vertex 5.71027 132.143 0
    endloop
  endfacet
  facet normal 0.554671 0.83207 -0
    outer loop
      vertex 6.3 131.261 0
      vertex 6.16949 131.348 2.55
      vertex 6.3 131.261 2.55
    endloop
  endfacet
  facet normal 0.554671 0.83207 0
    outer loop
      vertex 6.16949 131.348 2.55
      vertex 6.3 131.261 0
      vertex 6.16949 131.348 0
    endloop
  endfacet
  facet normal 0.554671 -0.83207 0
    outer loop
      vertex 6.16949 133.252 0
      vertex 6.3 133.339 2.55
      vertex 6.16949 133.252 2.55
    endloop
  endfacet
  facet normal 0.554671 -0.83207 0
    outer loop
      vertex 6.3 133.339 2.55
      vertex 6.16949 133.252 0
      vertex 6.3 133.339 0
    endloop
  endfacet
  facet normal -0.897159 -0.441708 0
    outer loop
      vertex 8.00865 132.759 0
      vertex 7.93923 132.9 2.55
      vertex 7.93923 132.9 0
    endloop
  endfacet
  facet normal -0.897159 -0.441708 0
    outer loop
      vertex 7.93923 132.9 2.55
      vertex 8.00865 132.759 0
      vertex 8.00865 132.759 2.55
    endloop
  endfacet
  facet normal 0.832412 -0.554158 0
    outer loop
      vertex 5.86077 132.9 2.55
      vertex 5.94798 133.031 0
      vertex 5.94798 133.031 2.55
    endloop
  endfacet
  facet normal 0.832412 -0.554158 0
    outer loop
      vertex 5.94798 133.031 0
      vertex 5.86077 132.9 2.55
      vertex 5.86077 132.9 0
    endloop
  endfacet
  facet normal -0.751818 -0.65937 0
    outer loop
      vertex 7.85202 133.031 0
      vertex 7.74853 133.149 2.55
      vertex 7.74853 133.149 0
    endloop
  endfacet
  facet normal -0.751818 -0.65937 0
    outer loop
      vertex 7.74853 133.149 2.55
      vertex 7.85202 133.031 0
      vertex 7.85202 133.031 2.55
    endloop
  endfacet
  facet normal -0.9465 -0.322705 0
    outer loop
      vertex 8.05911 132.611 0
      vertex 8.00865 132.759 2.55
      vertex 8.00865 132.759 0
    endloop
  endfacet
  facet normal -0.9465 -0.322705 0
    outer loop
      vertex 8.00865 132.759 2.55
      vertex 8.05911 132.611 0
      vertex 8.05911 132.611 2.55
    endloop
  endfacet
  facet normal 0.318828 0.947813 -0
    outer loop
      vertex 6.58942 131.141 0
      vertex 6.44078 131.191 2.55
      vertex 6.58942 131.141 2.55
    endloop
  endfacet
  facet normal 0.318828 0.947813 0
    outer loop
      vertex 6.44078 131.191 2.55
      vertex 6.58942 131.141 0
      vertex 6.44078 131.191 0
    endloop
  endfacet
  facet normal 0.063715 -0.997968 0
    outer loop
      vertex 6.74337 133.49 0
      vertex 6.9 133.5 2.55
      vertex 6.74337 133.49 2.55
    endloop
  endfacet
  facet normal 0.063715 -0.997968 0
    outer loop
      vertex 6.9 133.5 2.55
      vertex 6.74337 133.49 0
      vertex 6.9 133.5 0
    endloop
  endfacet
  facet normal 0.657537 0.753422 -0
    outer loop
      vertex 6.16949 131.348 0
      vertex 6.05147 131.451 2.55
      vertex 6.16949 131.348 2.55
    endloop
  endfacet
  facet normal 0.657537 0.753422 0
    outer loop
      vertex 6.05147 131.451 2.55
      vertex 6.16949 131.348 0
      vertex 6.05147 131.451 0
    endloop
  endfacet
  facet normal 0.197402 0.980323 -0
    outer loop
      vertex 6.74337 131.11 0
      vertex 6.58942 131.141 2.55
      vertex 6.74337 131.11 2.55
    endloop
  endfacet
  facet normal 0.197402 0.980323 0
    outer loop
      vertex 6.58942 131.141 2.55
      vertex 6.74337 131.11 0
      vertex 6.58942 131.141 0
    endloop
  endfacet
  facet normal 0.063715 0.997968 -0
    outer loop
      vertex 6.9 131.1 0
      vertex 6.74337 131.11 2.55
      vertex 6.9 131.1 2.55
    endloop
  endfacet
  facet normal 0.063715 0.997968 0
    outer loop
      vertex 6.74337 131.11 2.55
      vertex 6.9 131.1 0
      vertex 6.74337 131.11 0
    endloop
  endfacet
  facet normal -0.554671 0.83207 0
    outer loop
      vertex 7.63051 131.348 0
      vertex 7.5 131.261 2.55
      vertex 7.63051 131.348 2.55
    endloop
  endfacet
  facet normal -0.554671 0.83207 0
    outer loop
      vertex 7.5 131.261 2.55
      vertex 7.63051 131.348 0
      vertex 7.5 131.261 0
    endloop
  endfacet
  facet normal 0.320066 0.947395 -0
    outer loop
      vertex 184.989 131.141 0
      vertex 184.841 131.191 2.55
      vertex 184.989 131.141 2.55
    endloop
  endfacet
  facet normal 0.320066 0.947395 0
    outer loop
      vertex 184.841 131.191 2.55
      vertex 184.989 131.141 0
      vertex 184.841 131.191 0
    endloop
  endfacet
  facet normal -0.980335 -0.19734 0
    outer loop
      vertex 186.49 132.457 0
      vertex 186.459 132.611 2.55
      vertex 186.459 132.611 0
    endloop
  endfacet
  facet normal -0.980335 -0.19734 0
    outer loop
      vertex 186.459 132.611 2.55
      vertex 186.49 132.457 0
      vertex 186.49 132.457 2.55
    endloop
  endfacet
  facet normal -0.997978 -0.0635655 0
    outer loop
      vertex 186.5 132.3 0
      vertex 186.49 132.457 2.55
      vertex 186.49 132.457 0
    endloop
  endfacet
  facet normal -0.997978 -0.0635655 0
    outer loop
      vertex 186.49 132.457 2.55
      vertex 186.5 132.3 0
      vertex 186.5 132.3 2.55
    endloop
  endfacet
  facet normal -0.947395 -0.320066 0
    outer loop
      vertex 186.459 132.611 0
      vertex 186.409 132.759 2.55
      vertex 186.409 132.759 0
    endloop
  endfacet
  facet normal -0.947395 -0.320066 0
    outer loop
      vertex 186.409 132.759 2.55
      vertex 186.459 132.611 0
      vertex 186.459 132.611 2.55
    endloop
  endfacet
  facet normal -0.320066 -0.947395 0
    outer loop
      vertex 185.611 133.459 0
      vertex 185.759 133.409 2.55
      vertex 185.611 133.459 2.55
    endloop
  endfacet
  facet normal -0.320066 -0.947395 -0
    outer loop
      vertex 185.759 133.409 2.55
      vertex 185.611 133.459 0
      vertex 185.759 133.409 0
    endloop
  endfacet
  facet normal -0.895694 0.444671 0
    outer loop
      vertex 186.339 131.7 0
      vertex 186.409 131.841 2.55
      vertex 186.409 131.841 0
    endloop
  endfacet
  facet normal -0.895694 0.444671 0
    outer loop
      vertex 186.409 131.841 2.55
      vertex 186.339 131.7 0
      vertex 186.339 131.7 2.55
    endloop
  endfacet
  facet normal -0.553232 -0.833027 0
    outer loop
      vertex 185.9 133.339 0
      vertex 186.031 133.252 2.55
      vertex 185.9 133.339 2.55
    endloop
  endfacet
  facet normal -0.553232 -0.833027 -0
    outer loop
      vertex 186.031 133.252 2.55
      vertex 185.9 133.339 0
      vertex 186.031 133.252 0
    endloop
  endfacet
  facet normal 0.947395 -0.320066 0
    outer loop
      vertex 184.141 132.611 2.55
      vertex 184.191 132.759 0
      vertex 184.191 132.759 2.55
    endloop
  endfacet
  facet normal 0.947395 -0.320066 0
    outer loop
      vertex 184.191 132.759 0
      vertex 184.141 132.611 2.55
      vertex 184.141 132.611 0
    endloop
  endfacet
  facet normal 0.6576 -0.753367 0
    outer loop
      vertex 184.451 133.149 0
      vertex 184.569 133.252 2.55
      vertex 184.451 133.149 2.55
    endloop
  endfacet
  facet normal 0.6576 -0.753367 0
    outer loop
      vertex 184.569 133.252 2.55
      vertex 184.451 133.149 0
      vertex 184.569 133.252 0
    endloop
  endfacet
  facet normal -0.553232 0.833027 0
    outer loop
      vertex 186.031 131.348 0
      vertex 185.9 131.261 2.55
      vertex 186.031 131.348 2.55
    endloop
  endfacet
  facet normal -0.553232 0.833027 0
    outer loop
      vertex 185.9 131.261 2.55
      vertex 186.031 131.348 0
      vertex 185.9 131.261 0
    endloop
  endfacet
  facet normal -0.320066 0.947395 0
    outer loop
      vertex 185.759 131.191 0
      vertex 185.611 131.141 2.55
      vertex 185.759 131.191 2.55
    endloop
  endfacet
  facet normal -0.320066 0.947395 0
    outer loop
      vertex 185.611 131.141 2.55
      vertex 185.759 131.191 0
      vertex 185.611 131.141 0
    endloop
  endfacet
  facet normal -0.895694 -0.444671 0
    outer loop
      vertex 186.409 132.759 0
      vertex 186.339 132.9 2.55
      vertex 186.339 132.9 0
    endloop
  endfacet
  facet normal -0.895694 -0.444671 0
    outer loop
      vertex 186.339 132.9 2.55
      vertex 186.409 132.759 0
      vertex 186.409 132.759 2.55
    endloop
  endfacet
  facet normal 0.997978 0.0635655 0
    outer loop
      vertex 184.11 132.143 2.55
      vertex 184.1 132.3 0
      vertex 184.1 132.3 2.55
    endloop
  endfacet
  facet normal 0.997978 0.0635655 0
    outer loop
      vertex 184.1 132.3 0
      vertex 184.11 132.143 2.55
      vertex 184.11 132.143 0
    endloop
  endfacet
  facet normal 0.753367 -0.6576 0
    outer loop
      vertex 184.348 133.031 2.55
      vertex 184.451 133.149 0
      vertex 184.451 133.149 2.55
    endloop
  endfacet
  facet normal 0.753367 -0.6576 0
    outer loop
      vertex 184.451 133.149 0
      vertex 184.348 133.031 2.55
      vertex 184.348 133.031 0
    endloop
  endfacet
  facet normal -0.0635655 0.997978 0
    outer loop
      vertex 185.457 131.11 0
      vertex 185.3 131.1 2.55
      vertex 185.457 131.11 2.55
    endloop
  endfacet
  facet normal -0.0635655 0.997978 0
    outer loop
      vertex 185.3 131.1 2.55
      vertex 185.457 131.11 0
      vertex 185.3 131.1 0
    endloop
  endfacet
  facet normal 0.833027 -0.553232 0
    outer loop
      vertex 184.261 132.9 2.55
      vertex 184.348 133.031 0
      vertex 184.348 133.031 2.55
    endloop
  endfacet
  facet normal 0.833027 -0.553232 0
    outer loop
      vertex 184.348 133.031 0
      vertex 184.261 132.9 2.55
      vertex 184.261 132.9 0
    endloop
  endfacet
  facet normal -0.753367 0.6576 0
    outer loop
      vertex 186.149 131.451 0
      vertex 186.252 131.569 2.55
      vertex 186.252 131.569 0
    endloop
  endfacet
  facet normal -0.753367 0.6576 0
    outer loop
      vertex 186.252 131.569 2.55
      vertex 186.149 131.451 0
      vertex 186.149 131.451 2.55
    endloop
  endfacet
  facet normal 0.947395 0.320066 0
    outer loop
      vertex 184.191 131.841 2.55
      vertex 184.141 131.989 0
      vertex 184.141 131.989 2.55
    endloop
  endfacet
  facet normal 0.947395 0.320066 0
    outer loop
      vertex 184.141 131.989 0
      vertex 184.191 131.841 2.55
      vertex 184.191 131.841 0
    endloop
  endfacet
  facet normal 0.444671 0.895694 -0
    outer loop
      vertex 184.841 131.191 0
      vertex 184.7 131.261 2.55
      vertex 184.841 131.191 2.55
    endloop
  endfacet
  facet normal 0.444671 0.895694 0
    outer loop
      vertex 184.7 131.261 2.55
      vertex 184.841 131.191 0
      vertex 184.7 131.261 0
    endloop
  endfacet
  facet normal 0.320066 -0.947395 0
    outer loop
      vertex 184.841 133.409 0
      vertex 184.989 133.459 2.55
      vertex 184.841 133.409 2.55
    endloop
  endfacet
  facet normal 0.320066 -0.947395 0
    outer loop
      vertex 184.989 133.459 2.55
      vertex 184.841 133.409 0
      vertex 184.989 133.459 0
    endloop
  endfacet
  facet normal -0.0635655 -0.997978 0
    outer loop
      vertex 185.3 133.5 0
      vertex 185.457 133.49 2.55
      vertex 185.3 133.5 2.55
    endloop
  endfacet
  facet normal -0.0635655 -0.997978 -0
    outer loop
      vertex 185.457 133.49 2.55
      vertex 185.3 133.5 0
      vertex 185.457 133.49 0
    endloop
  endfacet
  facet normal -0.444671 -0.895694 0
    outer loop
      vertex 185.759 133.409 0
      vertex 185.9 133.339 2.55
      vertex 185.759 133.409 2.55
    endloop
  endfacet
  facet normal -0.444671 -0.895694 -0
    outer loop
      vertex 185.9 133.339 2.55
      vertex 185.759 133.409 0
      vertex 185.9 133.339 0
    endloop
  endfacet
  facet normal -0.6576 -0.753367 0
    outer loop
      vertex 186.031 133.252 0
      vertex 186.149 133.149 2.55
      vertex 186.031 133.252 2.55
    endloop
  endfacet
  facet normal -0.6576 -0.753367 -0
    outer loop
      vertex 186.149 133.149 2.55
      vertex 186.031 133.252 0
      vertex 186.149 133.149 0
    endloop
  endfacet
  facet normal 0.444671 -0.895694 0
    outer loop
      vertex 184.7 133.339 0
      vertex 184.841 133.409 2.55
      vertex 184.7 133.339 2.55
    endloop
  endfacet
  facet normal 0.444671 -0.895694 0
    outer loop
      vertex 184.841 133.409 2.55
      vertex 184.7 133.339 0
      vertex 184.841 133.409 0
    endloop
  endfacet
  facet normal -0.833027 -0.553232 0
    outer loop
      vertex 186.339 132.9 0
      vertex 186.252 133.031 2.55
      vertex 186.252 133.031 0
    endloop
  endfacet
  facet normal -0.833027 -0.553232 0
    outer loop
      vertex 186.252 133.031 2.55
      vertex 186.339 132.9 0
      vertex 186.339 132.9 2.55
    endloop
  endfacet
  facet normal -0.997978 0.0635655 0
    outer loop
      vertex 186.49 132.143 0
      vertex 186.5 132.3 2.55
      vertex 186.5 132.3 0
    endloop
  endfacet
  facet normal -0.997978 0.0635655 0
    outer loop
      vertex 186.5 132.3 2.55
      vertex 186.49 132.143 0
      vertex 186.49 132.143 2.55
    endloop
  endfacet
  facet normal -0.833027 0.553232 0
    outer loop
      vertex 186.252 131.569 0
      vertex 186.339 131.7 2.55
      vertex 186.339 131.7 0
    endloop
  endfacet
  facet normal -0.833027 0.553232 0
    outer loop
      vertex 186.339 131.7 2.55
      vertex 186.252 131.569 0
      vertex 186.252 131.569 2.55
    endloop
  endfacet
  facet normal -0.19734 0.980335 0
    outer loop
      vertex 185.611 131.141 0
      vertex 185.457 131.11 2.55
      vertex 185.611 131.141 2.55
    endloop
  endfacet
  facet normal -0.19734 0.980335 0
    outer loop
      vertex 185.457 131.11 2.55
      vertex 185.611 131.141 0
      vertex 185.457 131.11 0
    endloop
  endfacet
  facet normal -0.947395 0.320066 0
    outer loop
      vertex 186.409 131.841 0
      vertex 186.459 131.989 2.55
      vertex 186.459 131.989 0
    endloop
  endfacet
  facet normal -0.947395 0.320066 0
    outer loop
      vertex 186.459 131.989 2.55
      vertex 186.409 131.841 0
      vertex 186.409 131.841 2.55
    endloop
  endfacet
  facet normal -0.980335 0.19734 0
    outer loop
      vertex 186.459 131.989 0
      vertex 186.49 132.143 2.55
      vertex 186.49 132.143 0
    endloop
  endfacet
  facet normal -0.980335 0.19734 0
    outer loop
      vertex 186.49 132.143 2.55
      vertex 186.459 131.989 0
      vertex 186.459 131.989 2.55
    endloop
  endfacet
  facet normal -0.444671 0.895694 0
    outer loop
      vertex 185.9 131.261 0
      vertex 185.759 131.191 2.55
      vertex 185.9 131.261 2.55
    endloop
  endfacet
  facet normal -0.444671 0.895694 0
    outer loop
      vertex 185.759 131.191 2.55
      vertex 185.9 131.261 0
      vertex 185.759 131.191 0
    endloop
  endfacet
  facet normal -0.6576 0.753367 0
    outer loop
      vertex 186.149 131.451 0
      vertex 186.031 131.348 2.55
      vertex 186.149 131.451 2.55
    endloop
  endfacet
  facet normal -0.6576 0.753367 0
    outer loop
      vertex 186.031 131.348 2.55
      vertex 186.149 131.451 0
      vertex 186.031 131.348 0
    endloop
  endfacet
  facet normal 0.19734 -0.980335 0
    outer loop
      vertex 184.989 133.459 0
      vertex 185.143 133.49 2.55
      vertex 184.989 133.459 2.55
    endloop
  endfacet
  facet normal 0.19734 -0.980335 0
    outer loop
      vertex 185.143 133.49 2.55
      vertex 184.989 133.459 0
      vertex 185.143 133.49 0
    endloop
  endfacet
  facet normal 0.895694 0.444671 0
    outer loop
      vertex 184.261 131.7 2.55
      vertex 184.191 131.841 0
      vertex 184.191 131.841 2.55
    endloop
  endfacet
  facet normal 0.895694 0.444671 0
    outer loop
      vertex 184.191 131.841 0
      vertex 184.261 131.7 2.55
      vertex 184.261 131.7 0
    endloop
  endfacet
  facet normal -0.753367 -0.6576 0
    outer loop
      vertex 186.252 133.031 0
      vertex 186.149 133.149 2.55
      vertex 186.149 133.149 0
    endloop
  endfacet
  facet normal -0.753367 -0.6576 0
    outer loop
      vertex 186.149 133.149 2.55
      vertex 186.252 133.031 0
      vertex 186.252 133.031 2.55
    endloop
  endfacet
  facet normal 0.6576 0.753367 -0
    outer loop
      vertex 184.569 131.348 0
      vertex 184.451 131.451 2.55
      vertex 184.569 131.348 2.55
    endloop
  endfacet
  facet normal 0.6576 0.753367 0
    outer loop
      vertex 184.451 131.451 2.55
      vertex 184.569 131.348 0
      vertex 184.451 131.451 0
    endloop
  endfacet
  facet normal 0.895694 -0.444671 0
    outer loop
      vertex 184.191 132.759 2.55
      vertex 184.261 132.9 0
      vertex 184.261 132.9 2.55
    endloop
  endfacet
  facet normal 0.895694 -0.444671 0
    outer loop
      vertex 184.261 132.9 0
      vertex 184.191 132.759 2.55
      vertex 184.191 132.759 0
    endloop
  endfacet
  facet normal 0.0635655 -0.997978 0
    outer loop
      vertex 185.143 133.49 0
      vertex 185.3 133.5 2.55
      vertex 185.143 133.49 2.55
    endloop
  endfacet
  facet normal 0.0635655 -0.997978 0
    outer loop
      vertex 185.3 133.5 2.55
      vertex 185.143 133.49 0
      vertex 185.3 133.5 0
    endloop
  endfacet
  facet normal -0.19734 -0.980335 0
    outer loop
      vertex 185.457 133.49 0
      vertex 185.611 133.459 2.55
      vertex 185.457 133.49 2.55
    endloop
  endfacet
  facet normal -0.19734 -0.980335 -0
    outer loop
      vertex 185.611 133.459 2.55
      vertex 185.457 133.49 0
      vertex 185.611 133.459 0
    endloop
  endfacet
  facet normal 0.980335 0.19734 0
    outer loop
      vertex 184.141 131.989 2.55
      vertex 184.11 132.143 0
      vertex 184.11 132.143 2.55
    endloop
  endfacet
  facet normal 0.980335 0.19734 0
    outer loop
      vertex 184.11 132.143 0
      vertex 184.141 131.989 2.55
      vertex 184.141 131.989 0
    endloop
  endfacet
  facet normal 0.753367 0.6576 0
    outer loop
      vertex 184.451 131.451 2.55
      vertex 184.348 131.569 0
      vertex 184.348 131.569 2.55
    endloop
  endfacet
  facet normal 0.753367 0.6576 0
    outer loop
      vertex 184.348 131.569 0
      vertex 184.451 131.451 2.55
      vertex 184.451 131.451 0
    endloop
  endfacet
  facet normal 0.833027 0.553232 0
    outer loop
      vertex 184.348 131.569 2.55
      vertex 184.261 131.7 0
      vertex 184.261 131.7 2.55
    endloop
  endfacet
  facet normal 0.833027 0.553232 0
    outer loop
      vertex 184.261 131.7 0
      vertex 184.348 131.569 2.55
      vertex 184.348 131.569 0
    endloop
  endfacet
  facet normal 0.997978 -0.0635655 0
    outer loop
      vertex 184.1 132.3 2.55
      vertex 184.11 132.457 0
      vertex 184.11 132.457 2.55
    endloop
  endfacet
  facet normal 0.997978 -0.0635655 0
    outer loop
      vertex 184.11 132.457 0
      vertex 184.1 132.3 2.55
      vertex 184.1 132.3 0
    endloop
  endfacet
  facet normal 0.980335 -0.19734 0
    outer loop
      vertex 184.11 132.457 2.55
      vertex 184.141 132.611 0
      vertex 184.141 132.611 2.55
    endloop
  endfacet
  facet normal 0.980335 -0.19734 0
    outer loop
      vertex 184.141 132.611 0
      vertex 184.11 132.457 2.55
      vertex 184.11 132.457 0
    endloop
  endfacet
  facet normal 0.553232 -0.833027 0
    outer loop
      vertex 184.569 133.252 0
      vertex 184.7 133.339 2.55
      vertex 184.569 133.252 2.55
    endloop
  endfacet
  facet normal 0.553232 -0.833027 0
    outer loop
      vertex 184.7 133.339 2.55
      vertex 184.569 133.252 0
      vertex 184.7 133.339 0
    endloop
  endfacet
  facet normal 0.553232 0.833027 -0
    outer loop
      vertex 184.7 131.261 0
      vertex 184.569 131.348 2.55
      vertex 184.7 131.261 2.55
    endloop
  endfacet
  facet normal 0.553232 0.833027 0
    outer loop
      vertex 184.569 131.348 2.55
      vertex 184.7 131.261 0
      vertex 184.569 131.348 0
    endloop
  endfacet
  facet normal 0.19734 0.980335 -0
    outer loop
      vertex 185.143 131.11 0
      vertex 184.989 131.141 2.55
      vertex 185.143 131.11 2.55
    endloop
  endfacet
  facet normal 0.19734 0.980335 0
    outer loop
      vertex 184.989 131.141 2.55
      vertex 185.143 131.11 0
      vertex 184.989 131.141 0
    endloop
  endfacet
  facet normal 0.0635655 0.997978 -0
    outer loop
      vertex 185.3 131.1 0
      vertex 185.143 131.11 2.55
      vertex 185.3 131.1 2.55
    endloop
  endfacet
  facet normal 0.0635655 0.997978 0
    outer loop
      vertex 185.143 131.11 2.55
      vertex 185.3 131.1 0
      vertex 185.143 131.11 0
    endloop
  endfacet
  facet normal 0.321144 -0.94703 0
    outer loop
      vertex 189.235 0.136292 0.5
      vertex 189.731 0.304489 2.55
      vertex 189.235 0.136292 2.55
    endloop
  endfacet
  facet normal 0.321144 -0.94703 0
    outer loop
      vertex 189.731 0.304489 2.55
      vertex 189.235 0.136292 0.5
      vertex 189.731 0.304489 0.5
    endloop
  endfacet
  facet normal 0 -1 0
    outer loop
      vertex 4 0 0.5
      vertex 188.2 0 2.55
      vertex 4 0 2.55
    endloop
  endfacet
  facet normal 0 -1 -0
    outer loop
      vertex 188.2 0 2.55
      vertex 4 0 0.5
      vertex 188.2 0 0.5
    endloop
  endfacet
  facet normal 0.195135 -0.980776 0
    outer loop
      vertex 188.722 0.0342255 0.5
      vertex 189.235 0.136292 2.55
      vertex 188.722 0.0342255 2.55
    endloop
  endfacet
  facet normal 0.195135 -0.980776 0
    outer loop
      vertex 189.235 0.136292 2.55
      vertex 188.722 0.0342255 0.5
      vertex 189.235 0.136292 0.5
    endloop
  endfacet
  facet normal -0.896875 -0.442284 0
    outer loop
      vertex 0.535904 2 0.5
      vertex 0.304489 2.46927 2.55
      vertex 0.304489 2.46927 0.5
    endloop
  endfacet
  facet normal -0.896875 -0.442284 0
    outer loop
      vertex 0.304489 2.46927 2.55
      vertex 0.535904 2 0.5
      vertex 0.535904 2 2.55
    endloop
  endfacet
  facet normal -0.980776 0.195135 0
    outer loop
      vertex 0.0342255 135.722 0.5
      vertex 0.136292 136.235 2.55
      vertex 0.136292 136.235 0.5
    endloop
  endfacet
  facet normal -0.980776 0.195135 0
    outer loop
      vertex 0.136292 136.235 2.55
      vertex 0.0342255 135.722 0.5
      vertex 0.0342255 135.722 2.55
    endloop
  endfacet
  facet normal -0.659337 -0.751847 0
    outer loop
      vertex 1.17157 1.17157 0.5
      vertex 1.56496 0.826584 2.55
      vertex 1.17157 1.17157 2.55
    endloop
  endfacet
  facet normal -0.659337 -0.751847 -0
    outer loop
      vertex 1.56496 0.826584 2.55
      vertex 1.17157 1.17157 0.5
      vertex 1.56496 0.826584 0.5
    endloop
  endfacet
  facet normal 0.0654256 -0.997857 0
    outer loop
      vertex 188.2 0 0.5
      vertex 188.722 0.0342255 2.55
      vertex 188.2 0 2.55
    endloop
  endfacet
  facet normal 0.0654256 -0.997857 0
    outer loop
      vertex 188.722 0.0342255 2.55
      vertex 188.2 0 0.5
      vertex 188.722 0.0342255 0.5
    endloop
  endfacet
  facet normal -0.195073 -0.980789 0
    outer loop
      vertex 2.96472 0.136292 0.5
      vertex 3.47789 0.0342255 2.55
      vertex 2.96472 0.136292 2.55
    endloop
  endfacet
  facet normal -0.195073 -0.980789 -0
    outer loop
      vertex 3.47789 0.0342255 2.55
      vertex 2.96472 0.136292 0.5
      vertex 3.47789 0.0342255 0.5
    endloop
  endfacet
  facet normal -0.321464 -0.946922 0
    outer loop
      vertex 2.46927 0.304489 0.5
      vertex 2.96472 0.136292 2.55
      vertex 2.46927 0.304489 2.55
    endloop
  endfacet
  facet normal -0.321464 -0.946922 -0
    outer loop
      vertex 2.96472 0.136292 2.55
      vertex 2.46927 0.304489 0.5
      vertex 2.96472 0.136292 0.5
    endloop
  endfacet
  facet normal -0.555987 0.831191 0
    outer loop
      vertex 2 138.664 0.5
      vertex 1.56496 138.373 2.55
      vertex 2 138.664 2.55
    endloop
  endfacet
  facet normal -0.555987 0.831191 0
    outer loop
      vertex 1.56496 138.373 2.55
      vertex 2 138.664 0.5
      vertex 1.56496 138.373 0.5
    endloop
  endfacet
  facet normal -0.0649827 0.997886 0
    outer loop
      vertex 4 139.2 0.5
      vertex 3.47789 139.166 2.55
      vertex 4 139.2 2.55
    endloop
  endfacet
  facet normal -0.0649827 0.997886 0
    outer loop
      vertex 3.47789 139.166 2.55
      vertex 4 139.2 0.5
      vertex 3.47789 139.166 0.5
    endloop
  endfacet
  facet normal 0.831191 -0.555987 0
    outer loop
      vertex 191.373 1.56496 2.55
      vertex 191.664 2 0.5
      vertex 191.664 2 2.55
    endloop
  endfacet
  facet normal 0.831191 -0.555987 0
    outer loop
      vertex 191.664 2 0.5
      vertex 191.373 1.56496 2.55
      vertex 191.373 1.56496 0.5
    endloop
  endfacet
  facet normal 1 -0 0
    outer loop
      vertex 192.2 4 2.55
      vertex 192.2 135.2 0.5
      vertex 192.2 135.2 2.55
    endloop
  endfacet
  facet normal 1 0 0
    outer loop
      vertex 192.2 135.2 0.5
      vertex 192.2 4 2.55
      vertex 192.2 4 0.5
    endloop
  endfacet
  facet normal -1 0 0
    outer loop
      vertex 0 4 0.5
      vertex 0 135.2 2.55
      vertex 0 135.2 0.5
    endloop
  endfacet
  facet normal -1 -0 0
    outer loop
      vertex 0 135.2 2.55
      vertex 0 4 0.5
      vertex 0 4 2.55
    endloop
  endfacet
  facet normal -0.997858 -0.0654119 0
    outer loop
      vertex 0.0342255 3.47789 0.5
      vertex 0 4 2.55
      vertex 0 4 0.5
    endloop
  endfacet
  facet normal -0.997858 -0.0654119 0
    outer loop
      vertex 0 4 2.55
      vertex 0.0342255 3.47789 0.5
      vertex 0.0342255 3.47789 2.55
    endloop
  endfacet
  facet normal -0 0 1
    outer loop
      vertex 8.00865 131.841 2.55
      vertex 10.7 128.5 2.55
      vertex 8.05911 131.989 2.55
    endloop
  endfacet
  facet normal 0 0 1
    outer loop
      vertex 10.7 16.7 2.55
      vertex 8.08973 7.05663 2.55
      vertex 8.1 6.9 2.55
    endloop
  endfacet
  facet normal -0 0 1
    outer loop
      vertex 7.93923 131.7 2.55
      vertex 10.7 128.5 2.55
      vertex 8.00865 131.841 2.55
    endloop
  endfacet
  facet normal 0 0 1
    outer loop
      vertex 10.7 16.7 2.55
      vertex 8.05911 7.21058 2.55
      vertex 8.08973 7.05663 2.55
    endloop
  endfacet
  facet normal -0 0 1
    outer loop
      vertex 7.85202 131.569 2.55
      vertex 10.7 128.5 2.55
      vertex 7.93923 131.7 2.55
    endloop
  endfacet
  facet normal 0 0 1
    outer loop
      vertex 10.7 16.7 2.55
      vertex 8.00865 7.35922 2.55
      vertex 8.05911 7.21058 2.55
    endloop
  endfacet
  facet normal -0 0 1
    outer loop
      vertex 7.74853 131.451 2.55
      vertex 10.7 128.5 2.55
      vertex 7.85202 131.569 2.55
    endloop
  endfacet
  facet normal 0 0 1
    outer loop
      vertex 10.7 16.7 2.55
      vertex 7.93923 7.5 2.55
      vertex 8.00865 7.35922 2.55
    endloop
  endfacet
  facet normal -0 0 1
    outer loop
      vertex 7.63051 131.348 2.55
      vertex 10.7 128.5 2.55
      vertex 7.74853 131.451 2.55
    endloop
  endfacet
  facet normal 0 0 1
    outer loop
      vertex 10.7 16.7 2.55
      vertex 7.85202 7.63051 2.55
      vertex 7.93923 7.5 2.55
    endloop
  endfacet
  facet normal -0 0 1
    outer loop
      vertex 7.5 131.261 2.55
      vertex 10.7 128.5 2.55
      vertex 7.63051 131.348 2.55
    endloop
  endfacet
  facet normal 0 0 1
    outer loop
      vertex 10.7 16.7 2.55
      vertex 7.74853 7.74853 2.55
      vertex 7.85202 7.63051 2.55
    endloop
  endfacet
  facet normal -0 0 1
    outer loop
      vertex 7.35922 131.191 2.55
      vertex 10.7 128.5 2.55
      vertex 7.5 131.261 2.55
    endloop
  endfacet
  facet normal 0 0 1
    outer loop
      vertex 10.7 16.7 2.55
      vertex 7.63051 7.85202 2.55
      vertex 7.74853 7.74853 2.55
    endloop
  endfacet
  facet normal -0 0 1
    outer loop
      vertex 7.21058 131.141 2.55
      vertex 10.7 128.5 2.55
      vertex 7.35922 131.191 2.55
    endloop
  endfacet
  facet normal 0 0 1
    outer loop
      vertex 10.7 16.7 2.55
      vertex 7.5 7.93923 2.55
      vertex 7.63051 7.85202 2.55
    endloop
  endfacet
  facet normal -0 0 1
    outer loop
      vertex 7.05663 131.11 2.55
      vertex 10.7 128.5 2.55
      vertex 7.21058 131.141 2.55
    endloop
  endfacet
  facet normal 0 0 1
    outer loop
      vertex 10.7 16.7 2.55
      vertex 7.35922 8.00865 2.55
      vertex 7.5 7.93923 2.55
    endloop
  endfacet
  facet normal -0 0 1
    outer loop
      vertex 6.9 131.1 2.55
      vertex 10.7 128.5 2.55
      vertex 7.05663 131.11 2.55
    endloop
  endfacet
  facet normal 0 0 1
    outer loop
      vertex 10.7 16.7 2.55
      vertex 7.21058 8.05911 2.55
      vertex 7.35922 8.00865 2.55
    endloop
  endfacet
  facet normal 0 0 1
    outer loop
      vertex 6.74337 131.11 2.55
      vertex 10.7 128.5 2.55
      vertex 6.9 131.1 2.55
    endloop
  endfacet
  facet normal 0 0 1
    outer loop
      vertex 10.7 16.7 2.55
      vertex 7.05663 8.08973 2.55
      vertex 7.21058 8.05911 2.55
    endloop
  endfacet
  facet normal 0 0 1
    outer loop
      vertex 6.58942 131.141 2.55
      vertex 10.7 128.5 2.55
      vertex 6.74337 131.11 2.55
    endloop
  endfacet
  facet normal 0 0 1
    outer loop
      vertex 10.7 16.7 2.55
      vertex 6.9 8.1 2.55
      vertex 7.05663 8.08973 2.55
    endloop
  endfacet
  facet normal 0 0 1
    outer loop
      vertex 6.44078 131.191 2.55
      vertex 10.7 128.5 2.55
      vertex 6.58942 131.141 2.55
    endloop
  endfacet
  facet normal 0 0 1
    outer loop
      vertex 10.7 16.7 2.55
      vertex 6.74337 8.08973 2.55
      vertex 6.9 8.1 2.55
    endloop
  endfacet
  facet normal 0 0 1
    outer loop
      vertex 6.3 131.261 2.55
      vertex 10.7 128.5 2.55
      vertex 6.44078 131.191 2.55
    endloop
  endfacet
  facet normal 0 0 1
    outer loop
      vertex 10.7 16.7 2.55
      vertex 6.58942 8.05911 2.55
      vertex 6.74337 8.08973 2.55
    endloop
  endfacet
  facet normal 0 0 1
    outer loop
      vertex 10.7 128.5 2.55
      vertex 6.3 131.261 2.55
      vertex 10.7 16.7 2.55
    endloop
  endfacet
  facet normal 0 0 1
    outer loop
      vertex 10.7 16.7 2.55
      vertex 6.44078 8.00865 2.55
      vertex 6.58942 8.05911 2.55
    endloop
  endfacet
  facet normal 0 0 1
    outer loop
      vertex 6.16949 131.348 2.55
      vertex 10.7 16.7 2.55
      vertex 6.3 131.261 2.55
    endloop
  endfacet
  facet normal 0 0 1
    outer loop
      vertex 10.7 16.7 2.55
      vertex 6.3 7.93923 2.55
      vertex 6.44078 8.00865 2.55
    endloop
  endfacet
  facet normal 0 0 1
    outer loop
      vertex 0 135.2 2.55
      vertex 10.7 16.7 2.55
      vertex 6.16949 131.348 2.55
    endloop
  endfacet
  facet normal 0 0 1
    outer loop
      vertex 10.7 16.7 2.55
      vertex 6.16949 7.85202 2.55
      vertex 6.3 7.93923 2.55
    endloop
  endfacet
  facet normal 0 0 1
    outer loop
      vertex 0 135.2 2.55
      vertex 6.16949 131.348 2.55
      vertex 6.05147 131.451 2.55
    endloop
  endfacet
  facet normal 0 0 1
    outer loop
      vertex 0 4 2.55
      vertex 10.7 16.7 2.55
      vertex 0 135.2 2.55
    endloop
  endfacet
  facet normal 0 0 1
    outer loop
      vertex 0 135.2 2.55
      vertex 6.05147 131.451 2.55
      vertex 5.94798 131.569 2.55
    endloop
  endfacet
  facet normal 0 -0 1
    outer loop
      vertex 6.05147 7.74853 2.55
      vertex 10.7 16.7 2.55
      vertex 0 4 2.55
    endloop
  endfacet
  facet normal 0 0 1
    outer loop
      vertex 0 135.2 2.55
      vertex 5.94798 131.569 2.55
      vertex 5.86077 131.7 2.55
    endloop
  endfacet
  facet normal 0 0 1
    outer loop
      vertex 10.7 16.7 2.55
      vertex 6.05147 7.74853 2.55
      vertex 6.16949 7.85202 2.55
    endloop
  endfacet
  facet normal 0 0 1
    outer loop
      vertex 0 135.2 2.55
      vertex 5.86077 131.7 2.55
      vertex 5.79134 131.841 2.55
    endloop
  endfacet
  facet normal 0 0 1
    outer loop
      vertex 6.05147 7.74853 2.55
      vertex 0 4 2.55
      vertex 5.94798 7.63051 2.55
    endloop
  endfacet
  facet normal 0 0 1
    outer loop
      vertex 0 135.2 2.55
      vertex 5.79134 131.841 2.55
      vertex 5.74089 131.989 2.55
    endloop
  endfacet
  facet normal 0 0 1
    outer loop
      vertex 5.94798 7.63051 2.55
      vertex 0 4 2.55
      vertex 5.86077 7.5 2.55
    endloop
  endfacet
  facet normal 0 0 1
    outer loop
      vertex 0 135.2 2.55
      vertex 5.74089 131.989 2.55
      vertex 5.71027 132.143 2.55
    endloop
  endfacet
  facet normal 0 0 1
    outer loop
      vertex 5.86077 7.5 2.55
      vertex 0 4 2.55
      vertex 5.79134 7.35922 2.55
    endloop
  endfacet
  facet normal 0 0 1
    outer loop
      vertex 0 135.2 2.55
      vertex 5.71027 132.143 2.55
      vertex 5.7 132.3 2.55
    endloop
  endfacet
  facet normal 0 0 1
    outer loop
      vertex 5.79134 7.35922 2.55
      vertex 0 4 2.55
      vertex 5.74089 7.21058 2.55
    endloop
  endfacet
  facet normal 0 0 1
    outer loop
      vertex 84.1 16.7 2.55
      vertex 10.7 16.7 2.55
      vertex 84.1 2.4 2.55
    endloop
  endfacet
  facet normal 0 0 1
    outer loop
      vertex 186.409 131.841 2.55
      vertex 192.2 135.2 2.55
      vertex 186.459 131.989 2.55
    endloop
  endfacet
  facet normal 0 0 1
    outer loop
      vertex 192.2 4 2.55
      vertex 186.49 7.05663 2.55
      vertex 186.5 6.9 2.55
    endloop
  endfacet
  facet normal 0 0 1
    outer loop
      vertex 186.339 131.7 2.55
      vertex 192.2 135.2 2.55
      vertex 186.409 131.841 2.55
    endloop
  endfacet
  facet normal 0 0 1
    outer loop
      vertex 192.2 4 2.55
      vertex 186.459 7.21058 2.55
      vertex 186.49 7.05663 2.55
    endloop
  endfacet
  facet normal 0 0 1
    outer loop
      vertex 186.252 131.569 2.55
      vertex 192.2 135.2 2.55
      vertex 186.339 131.7 2.55
    endloop
  endfacet
  facet normal 0 0 1
    outer loop
      vertex 192.2 4 2.55
      vertex 186.409 7.35922 2.55
      vertex 186.459 7.21058 2.55
    endloop
  endfacet
  facet normal 0 0 1
    outer loop
      vertex 186.149 131.451 2.55
      vertex 192.2 135.2 2.55
      vertex 186.252 131.569 2.55
    endloop
  endfacet
  facet normal 0 0 1
    outer loop
      vertex 192.2 4 2.55
      vertex 186.339 7.5 2.55
      vertex 186.409 7.35922 2.55
    endloop
  endfacet
  facet normal 0 0 1
    outer loop
      vertex 192.2 135.2 2.55
      vertex 181.5 16.7 2.55
      vertex 192.2 4 2.55
    endloop
  endfacet
  facet normal -0 -0 1
    outer loop
      vertex 186.149 7.74853 2.55
      vertex 192.2 4 2.55
      vertex 181.5 16.7 2.55
    endloop
  endfacet
  facet normal 0 0 1
    outer loop
      vertex 186.031 131.348 2.55
      vertex 192.2 135.2 2.55
      vertex 186.149 131.451 2.55
    endloop
  endfacet
  facet normal 0 0 1
    outer loop
      vertex 192.2 4 2.55
      vertex 186.252 7.63051 2.55
      vertex 186.339 7.5 2.55
    endloop
  endfacet
  facet normal 0 0 1
    outer loop
      vertex 192.2 135.2 2.55
      vertex 186.031 131.348 2.55
      vertex 181.5 16.7 2.55
    endloop
  endfacet
  facet normal 0 0 1
    outer loop
      vertex 192.2 4 2.55
      vertex 186.149 7.74853 2.55
      vertex 186.252 7.63051 2.55
    endloop
  endfacet
  facet normal 0 0 1
    outer loop
      vertex 181.5 16.7 2.55
      vertex 186.031 131.348 2.55
      vertex 185.9 131.261 2.55
    endloop
  endfacet
  facet normal 0 0 1
    outer loop
      vertex 186.149 7.74853 2.55
      vertex 181.5 16.7 2.55
      vertex 186.031 7.85202 2.55
    endloop
  endfacet
  facet normal 0 0 1
    outer loop
      vertex 181.5 128.5 2.55
      vertex 185.9 131.261 2.55
      vertex 185.759 131.191 2.55
    endloop
  endfacet
  facet normal 0 0 1
    outer loop
      vertex 186.031 7.85202 2.55
      vertex 181.5 16.7 2.55
      vertex 185.9 7.93923 2.55
    endloop
  endfacet
  facet normal 0 0 1
    outer loop
      vertex 181.5 128.5 2.55
      vertex 185.759 131.191 2.55
      vertex 185.611 131.141 2.55
    endloop
  endfacet
  facet normal 0 0 1
    outer loop
      vertex 185.9 7.93923 2.55
      vertex 181.5 16.7 2.55
      vertex 185.759 8.00865 2.55
    endloop
  endfacet
  facet normal 0 0 1
    outer loop
      vertex 181.5 128.5 2.55
      vertex 185.611 131.141 2.55
      vertex 185.457 131.11 2.55
    endloop
  endfacet
  facet normal 0 0 1
    outer loop
      vertex 185.759 8.00865 2.55
      vertex 181.5 16.7 2.55
      vertex 185.611 8.05911 2.55
    endloop
  endfacet
  facet normal 0 0 1
    outer loop
      vertex 181.5 128.5 2.55
      vertex 185.457 131.11 2.55
      vertex 185.3 131.1 2.55
    endloop
  endfacet
  facet normal 0 0 1
    outer loop
      vertex 185.611 8.05911 2.55
      vertex 181.5 16.7 2.55
      vertex 185.457 8.08973 2.55
    endloop
  endfacet
  facet normal 0 0 1
    outer loop
      vertex 181.5 128.5 2.55
      vertex 185.3 131.1 2.55
      vertex 185.143 131.11 2.55
    endloop
  endfacet
  facet normal 0 0 1
    outer loop
      vertex 185.457 8.08973 2.55
      vertex 181.5 16.7 2.55
      vertex 185.3 8.1 2.55
    endloop
  endfacet
  facet normal 0 0 1
    outer loop
      vertex 181.5 128.5 2.55
      vertex 185.143 131.11 2.55
      vertex 184.989 131.141 2.55
    endloop
  endfacet
  facet normal 0 0 1
    outer loop
      vertex 185.3 8.1 2.55
      vertex 181.5 16.7 2.55
      vertex 185.143 8.08973 2.55
    endloop
  endfacet
  facet normal 0 0 1
    outer loop
      vertex 181.5 128.5 2.55
      vertex 184.989 131.141 2.55
      vertex 184.841 131.191 2.55
    endloop
  endfacet
  facet normal 0 0 1
    outer loop
      vertex 185.143 8.08973 2.55
      vertex 181.5 16.7 2.55
      vertex 184.989 8.05911 2.55
    endloop
  endfacet
  facet normal 0 0 1
    outer loop
      vertex 181.5 128.5 2.55
      vertex 184.841 131.191 2.55
      vertex 184.7 131.261 2.55
    endloop
  endfacet
  facet normal 0 0 1
    outer loop
      vertex 184.989 8.05911 2.55
      vertex 181.5 16.7 2.55
      vertex 184.841 8.00865 2.55
    endloop
  endfacet
  facet normal 0 0 1
    outer loop
      vertex 181.5 128.5 2.55
      vertex 184.7 131.261 2.55
      vertex 184.569 131.348 2.55
    endloop
  endfacet
  facet normal 0 0 1
    outer loop
      vertex 184.841 8.00865 2.55
      vertex 181.5 16.7 2.55
      vertex 184.7 7.93923 2.55
    endloop
  endfacet
  facet normal 0 0 1
    outer loop
      vertex 181.5 128.5 2.55
      vertex 184.569 131.348 2.55
      vertex 184.451 131.451 2.55
    endloop
  endfacet
  facet normal 0 0 1
    outer loop
      vertex 184.7 7.93923 2.55
      vertex 181.5 16.7 2.55
      vertex 184.569 7.85202 2.55
    endloop
  endfacet
  facet normal 0 0 1
    outer loop
      vertex 181.5 128.5 2.55
      vertex 184.451 131.451 2.55
      vertex 184.348 131.569 2.55
    endloop
  endfacet
  facet normal 0 0 1
    outer loop
      vertex 184.569 7.85202 2.55
      vertex 181.5 16.7 2.55
      vertex 184.451 7.74853 2.55
    endloop
  endfacet
  facet normal 0 0 1
    outer loop
      vertex 181.5 128.5 2.55
      vertex 184.348 131.569 2.55
      vertex 184.261 131.7 2.55
    endloop
  endfacet
  facet normal 0 0 1
    outer loop
      vertex 184.451 7.74853 2.55
      vertex 181.5 16.7 2.55
      vertex 184.348 7.63051 2.55
    endloop
  endfacet
  facet normal 0 0 1
    outer loop
      vertex 181.5 128.5 2.55
      vertex 184.261 131.7 2.55
      vertex 184.191 131.841 2.55
    endloop
  endfacet
  facet normal 0 0 1
    outer loop
      vertex 184.348 7.63051 2.55
      vertex 181.5 16.7 2.55
      vertex 184.261 7.5 2.55
    endloop
  endfacet
  facet normal 0 0 1
    outer loop
      vertex 181.5 128.5 2.55
      vertex 184.191 131.841 2.55
      vertex 184.141 131.989 2.55
    endloop
  endfacet
  facet normal 0 0 1
    outer loop
      vertex 184.261 7.5 2.55
      vertex 181.5 16.7 2.55
      vertex 184.191 7.35922 2.55
    endloop
  endfacet
  facet normal 0 0 1
    outer loop
      vertex 181.5 128.5 2.55
      vertex 184.141 131.989 2.55
      vertex 184.11 132.143 2.55
    endloop
  endfacet
  facet normal 0 0 1
    outer loop
      vertex 184.191 7.35922 2.55
      vertex 181.5 16.7 2.55
      vertex 184.141 7.21058 2.55
    endloop
  endfacet
  facet normal 0 0 1
    outer loop
      vertex 181.5 128.5 2.55
      vertex 184.11 132.143 2.55
      vertex 184.1 132.3 2.55
    endloop
  endfacet
  facet normal 0 0 1
    outer loop
      vertex 184.141 7.21058 2.55
      vertex 181.5 16.7 2.55
      vertex 184.11 7.05663 2.55
    endloop
  endfacet
  facet normal 0 0 1
    outer loop
      vertex 186.252 133.031 2.55
      vertex 192.2 135.2 2.55
      vertex 192.166 135.722 2.55
    endloop
  endfacet
  facet normal 0 0 1
    outer loop
      vertex 186.49 132.143 2.55
      vertex 192.2 135.2 2.55
      vertex 186.5 132.3 2.55
    endloop
  endfacet
  facet normal 0 0 1
    outer loop
      vertex 186.252 133.031 2.55
      vertex 192.166 135.722 2.55
      vertex 192.064 136.235 2.55
    endloop
  endfacet
  facet normal 0 0 1
    outer loop
      vertex 186.459 131.989 2.55
      vertex 192.2 135.2 2.55
      vertex 186.49 132.143 2.55
    endloop
  endfacet
  facet normal 0 0 1
    outer loop
      vertex 186.149 133.149 2.55
      vertex 192.064 136.235 2.55
      vertex 191.896 136.731 2.55
    endloop
  endfacet
  facet normal -0 0 1
    outer loop
      vertex 186.49 6.74337 2.55
      vertex 192.2 4 2.55
      vertex 186.5 6.9 2.55
    endloop
  endfacet
  facet normal 0 0 1
    outer loop
      vertex 186.149 133.149 2.55
      vertex 191.896 136.731 2.55
      vertex 191.664 137.2 2.55
    endloop
  endfacet
  facet normal -0 0 1
    outer loop
      vertex 186.459 6.58942 2.55
      vertex 192.2 4 2.55
      vertex 186.49 6.74337 2.55
    endloop
  endfacet
  facet normal 0 0 1
    outer loop
      vertex 186.149 133.149 2.55
      vertex 191.664 137.2 2.55
      vertex 191.373 137.635 2.55
    endloop
  endfacet
  facet normal -0 0 1
    outer loop
      vertex 186.409 6.44078 2.55
      vertex 192.2 4 2.55
      vertex 186.459 6.58942 2.55
    endloop
  endfacet
  facet normal 0 0 1
    outer loop
      vertex 186.149 133.149 2.55
      vertex 191.373 137.635 2.55
      vertex 191.028 138.028 2.55
    endloop
  endfacet
  facet normal -0 0 1
    outer loop
      vertex 186.339 6.3 2.55
      vertex 192.2 4 2.55
      vertex 186.409 6.44078 2.55
    endloop
  endfacet
  facet normal 0 0 1
    outer loop
      vertex 186.149 133.149 2.55
      vertex 191.028 138.028 2.55
      vertex 190.635 138.373 2.55
    endloop
  endfacet
  facet normal -0 0 1
    outer loop
      vertex 186.252 6.16949 2.55
      vertex 192.2 4 2.55
      vertex 186.339 6.3 2.55
    endloop
  endfacet
  facet normal 0 0 1
    outer loop
      vertex 186.149 133.149 2.55
      vertex 190.635 138.373 2.55
      vertex 190.2 138.664 2.55
    endloop
  endfacet
  facet normal 0 0 1
    outer loop
      vertex 192.2 4 2.55
      vertex 186.252 6.16949 2.55
      vertex 192.166 3.47789 2.55
    endloop
  endfacet
  facet normal 0 0 1
    outer loop
      vertex 186.149 133.149 2.55
      vertex 190.2 138.664 2.55
      vertex 189.731 138.896 2.55
    endloop
  endfacet
  facet normal 0 0 1
    outer loop
      vertex 192.166 3.47789 2.55
      vertex 186.252 6.16949 2.55
      vertex 192.064 2.96472 2.55
    endloop
  endfacet
  facet normal 0 0 1
    outer loop
      vertex 186.149 133.149 2.55
      vertex 189.731 138.896 2.55
      vertex 189.235 139.064 2.55
    endloop
  endfacet
  facet normal -0 0 1
    outer loop
      vertex 186.149 6.05147 2.55
      vertex 192.064 2.96472 2.55
      vertex 186.252 6.16949 2.55
    endloop
  endfacet
  facet normal 0 0 1
    outer loop
      vertex 186.149 133.149 2.55
      vertex 189.235 139.064 2.55
      vertex 188.722 139.166 2.55
    endloop
  endfacet
  facet normal 0 0 1
    outer loop
      vertex 192.064 2.96472 2.55
      vertex 186.149 6.05147 2.55
      vertex 191.896 2.46927 2.55
    endloop
  endfacet
  facet normal 0 0 1
    outer loop
      vertex 186.031 133.252 2.55
      vertex 188.722 139.166 2.55
      vertex 188.2 139.2 2.55
    endloop
  endfacet
  facet normal 0 0 1
    outer loop
      vertex 191.896 2.46927 2.55
      vertex 186.149 6.05147 2.55
      vertex 191.664 2 2.55
    endloop
  endfacet
  facet normal 0 0 1
    outer loop
      vertex 191.664 2 2.55
      vertex 186.149 6.05147 2.55
      vertex 191.373 1.56496 2.55
    endloop
  endfacet
  facet normal 0 0 1
    outer loop
      vertex 192.2 135.2 2.55
      vertex 186.49 132.457 2.55
      vertex 186.5 132.3 2.55
    endloop
  endfacet
  facet normal 0 0 1
    outer loop
      vertex 192.2 135.2 2.55
      vertex 186.459 132.611 2.55
      vertex 186.49 132.457 2.55
    endloop
  endfacet
  facet normal 0 0 1
    outer loop
      vertex 192.2 135.2 2.55
      vertex 186.409 132.759 2.55
      vertex 186.459 132.611 2.55
    endloop
  endfacet
  facet normal 0 0 1
    outer loop
      vertex 192.2 135.2 2.55
      vertex 186.339 132.9 2.55
      vertex 186.409 132.759 2.55
    endloop
  endfacet
  facet normal 0 0 1
    outer loop
      vertex 192.2 135.2 2.55
      vertex 186.252 133.031 2.55
      vertex 186.339 132.9 2.55
    endloop
  endfacet
  facet normal 0 0 1
    outer loop
      vertex 192.064 136.235 2.55
      vertex 186.149 133.149 2.55
      vertex 186.252 133.031 2.55
    endloop
  endfacet
  facet normal 0 0 1
    outer loop
      vertex 188.722 139.166 2.55
      vertex 186.031 133.252 2.55
      vertex 186.149 133.149 2.55
    endloop
  endfacet
  facet normal 0 0 1
    outer loop
      vertex 188.2 139.2 2.55
      vertex 185.9 133.339 2.55
      vertex 186.031 133.252 2.55
    endloop
  endfacet
  facet normal 0 0 1
    outer loop
      vertex 188.2 139.2 2.55
      vertex 185.759 133.409 2.55
      vertex 185.9 133.339 2.55
    endloop
  endfacet
  facet normal 0 0 1
    outer loop
      vertex 188.2 139.2 2.55
      vertex 185.611 133.459 2.55
      vertex 185.759 133.409 2.55
    endloop
  endfacet
  facet normal 0 0 1
    outer loop
      vertex 188.2 139.2 2.55
      vertex 185.457 133.49 2.55
      vertex 185.611 133.459 2.55
    endloop
  endfacet
  facet normal 0 0 1
    outer loop
      vertex 188.2 139.2 2.55
      vertex 185.3 133.5 2.55
      vertex 185.457 133.49 2.55
    endloop
  endfacet
  facet normal 0 0 1
    outer loop
      vertex 188.2 139.2 2.55
      vertex 185.143 133.49 2.55
      vertex 185.3 133.5 2.55
    endloop
  endfacet
  facet normal 0 0 1
    outer loop
      vertex 188.2 139.2 2.55
      vertex 184.989 133.459 2.55
      vertex 185.143 133.49 2.55
    endloop
  endfacet
  facet normal 0 0 1
    outer loop
      vertex 188.2 139.2 2.55
      vertex 184.841 133.409 2.55
      vertex 184.989 133.459 2.55
    endloop
  endfacet
  facet normal 0 0 1
    outer loop
      vertex 188.2 139.2 2.55
      vertex 184.7 133.339 2.55
      vertex 184.841 133.409 2.55
    endloop
  endfacet
  facet normal 0 0 1
    outer loop
      vertex 188.2 139.2 2.55
      vertex 184.569 133.252 2.55
      vertex 184.7 133.339 2.55
    endloop
  endfacet
  facet normal 0 0 1
    outer loop
      vertex 188.2 139.2 2.55
      vertex 184.451 133.149 2.55
      vertex 184.569 133.252 2.55
    endloop
  endfacet
  facet normal 0 0 1
    outer loop
      vertex 188.2 139.2 2.55
      vertex 184.348 133.031 2.55
      vertex 184.451 133.149 2.55
    endloop
  endfacet
  facet normal 0 0 1
    outer loop
      vertex 188.2 139.2 2.55
      vertex 184.261 132.9 2.55
      vertex 184.348 133.031 2.55
    endloop
  endfacet
  facet normal 0 0 1
    outer loop
      vertex 185.9 131.261 2.55
      vertex 181.5 128.5 2.55
      vertex 181.5 16.7 2.55
    endloop
  endfacet
  facet normal 0 0 1
    outer loop
      vertex 184.11 132.457 2.55
      vertex 181.5 128.5 2.55
      vertex 184.1 132.3 2.55
    endloop
  endfacet
  facet normal 0 0 1
    outer loop
      vertex 184.141 132.611 2.55
      vertex 181.5 128.5 2.55
      vertex 184.11 132.457 2.55
    endloop
  endfacet
  facet normal 0 0 1
    outer loop
      vertex 184.191 132.759 2.55
      vertex 181.5 128.5 2.55
      vertex 184.141 132.611 2.55
    endloop
  endfacet
  facet normal 0 0 1
    outer loop
      vertex 184.261 132.9 2.55
      vertex 181.5 128.5 2.55
      vertex 184.191 132.759 2.55
    endloop
  endfacet
  facet normal 0 0 1
    outer loop
      vertex 7.93923 132.9 2.55
      vertex 184.261 132.9 2.55
      vertex 188.2 139.2 2.55
    endloop
  endfacet
  facet normal 0 0 1
    outer loop
      vertex 184.261 132.9 2.55
      vertex 7.93923 132.9 2.55
      vertex 181.5 128.5 2.55
    endloop
  endfacet
  facet normal -0 0 1
    outer loop
      vertex 8.08973 132.143 2.55
      vertex 10.7 128.5 2.55
      vertex 8.1 132.3 2.55
    endloop
  endfacet
  facet normal 0 0 1
    outer loop
      vertex 181.5 128.5 2.55
      vertex 7.93923 132.9 2.55
      vertex 10.7 128.5 2.55
    endloop
  endfacet
  facet normal 0 0 1
    outer loop
      vertex 10.7 128.5 2.55
      vertex 8.08973 132.457 2.55
      vertex 8.1 132.3 2.55
    endloop
  endfacet
  facet normal 0 0 1
    outer loop
      vertex 10.7 128.5 2.55
      vertex 8.05911 132.611 2.55
      vertex 8.08973 132.457 2.55
    endloop
  endfacet
  facet normal 0 0 1
    outer loop
      vertex 10.7 128.5 2.55
      vertex 8.00865 132.759 2.55
      vertex 8.05911 132.611 2.55
    endloop
  endfacet
  facet normal 0 0 1
    outer loop
      vertex 10.7 128.5 2.55
      vertex 7.93923 132.9 2.55
      vertex 8.00865 132.759 2.55
    endloop
  endfacet
  facet normal 0 0 1
    outer loop
      vertex 188.2 139.2 2.55
      vertex 7.85202 133.031 2.55
      vertex 7.93923 132.9 2.55
    endloop
  endfacet
  facet normal -0 0 1
    outer loop
      vertex 4 139.2 2.55
      vertex 7.85202 133.031 2.55
      vertex 188.2 139.2 2.55
    endloop
  endfacet
  facet normal 0 0 1
    outer loop
      vertex 7.85202 133.031 2.55
      vertex 4 139.2 2.55
      vertex 7.74853 133.149 2.55
    endloop
  endfacet
  facet normal 0 0 1
    outer loop
      vertex 7.74853 133.149 2.55
      vertex 4 139.2 2.55
      vertex 7.63051 133.252 2.55
    endloop
  endfacet
  facet normal 0 0 1
    outer loop
      vertex 7.63051 133.252 2.55
      vertex 4 139.2 2.55
      vertex 7.5 133.339 2.55
    endloop
  endfacet
  facet normal 0 0 1
    outer loop
      vertex 7.5 133.339 2.55
      vertex 4 139.2 2.55
      vertex 7.35922 133.409 2.55
    endloop
  endfacet
  facet normal 0 0 1
    outer loop
      vertex 7.35922 133.409 2.55
      vertex 4 139.2 2.55
      vertex 7.21058 133.459 2.55
    endloop
  endfacet
  facet normal 0 0 1
    outer loop
      vertex 7.21058 133.459 2.55
      vertex 4 139.2 2.55
      vertex 7.05663 133.49 2.55
    endloop
  endfacet
  facet normal -0 0 1
    outer loop
      vertex 0.826584 137.635 2.55
      vertex 6.05147 133.149 2.55
      vertex 1.17157 138.028 2.55
    endloop
  endfacet
  facet normal -0 0 1
    outer loop
      vertex 1.17157 138.028 2.55
      vertex 6.05147 133.149 2.55
      vertex 1.56496 138.373 2.55
    endloop
  endfacet
  facet normal -0 0 1
    outer loop
      vertex 1.56496 138.373 2.55
      vertex 6.05147 133.149 2.55
      vertex 2 138.664 2.55
    endloop
  endfacet
  facet normal -0 0 1
    outer loop
      vertex 2 138.664 2.55
      vertex 6.05147 133.149 2.55
      vertex 2.46927 138.896 2.55
    endloop
  endfacet
  facet normal -0 0 1
    outer loop
      vertex 2.46927 138.896 2.55
      vertex 6.05147 133.149 2.55
      vertex 2.96472 139.064 2.55
    endloop
  endfacet
  facet normal -0 0 1
    outer loop
      vertex 2.96472 139.064 2.55
      vertex 6.05147 133.149 2.55
      vertex 3.47789 139.166 2.55
    endloop
  endfacet
  facet normal 0 0 1
    outer loop
      vertex 6.16949 133.252 2.55
      vertex 3.47789 139.166 2.55
      vertex 6.05147 133.149 2.55
    endloop
  endfacet
  facet normal -0 0 1
    outer loop
      vertex 3.47789 139.166 2.55
      vertex 6.16949 133.252 2.55
      vertex 4 139.2 2.55
    endloop
  endfacet
  facet normal 0 0 1
    outer loop
      vertex 6.3 133.339 2.55
      vertex 4 139.2 2.55
      vertex 6.16949 133.252 2.55
    endloop
  endfacet
  facet normal 0 0 1
    outer loop
      vertex 6.44078 133.409 2.55
      vertex 4 139.2 2.55
      vertex 6.3 133.339 2.55
    endloop
  endfacet
  facet normal 0 0 1
    outer loop
      vertex 6.58942 133.459 2.55
      vertex 4 139.2 2.55
      vertex 6.44078 133.409 2.55
    endloop
  endfacet
  facet normal 0 0 1
    outer loop
      vertex 6.74337 133.49 2.55
      vertex 4 139.2 2.55
      vertex 6.58942 133.459 2.55
    endloop
  endfacet
  facet normal 0 0 1
    outer loop
      vertex 6.9 133.5 2.55
      vertex 4 139.2 2.55
      vertex 6.74337 133.49 2.55
    endloop
  endfacet
  facet normal 0 0 1
    outer loop
      vertex 7.05663 133.49 2.55
      vertex 4 139.2 2.55
      vertex 6.9 133.5 2.55
    endloop
  endfacet
  facet normal 0 0 1
    outer loop
      vertex 191.373 1.56496 2.55
      vertex 186.149 6.05147 2.55
      vertex 191.028 1.17157 2.55
    endloop
  endfacet
  facet normal 0 0 1
    outer loop
      vertex 191.028 1.17157 2.55
      vertex 186.149 6.05147 2.55
      vertex 190.635 0.826584 2.55
    endloop
  endfacet
  facet normal 0 0 1
    outer loop
      vertex 190.635 0.826584 2.55
      vertex 186.149 6.05147 2.55
      vertex 190.2 0.535904 2.55
    endloop
  endfacet
  facet normal 0 0 1
    outer loop
      vertex 190.2 0.535904 2.55
      vertex 186.149 6.05147 2.55
      vertex 189.731 0.304489 2.55
    endloop
  endfacet
  facet normal 0 0 1
    outer loop
      vertex 189.731 0.304489 2.55
      vertex 186.149 6.05147 2.55
      vertex 189.235 0.136292 2.55
    endloop
  endfacet
  facet normal 0 0 1
    outer loop
      vertex 189.235 0.136292 2.55
      vertex 186.149 6.05147 2.55
      vertex 188.722 0.0342255 2.55
    endloop
  endfacet
  facet normal -0 0 1
    outer loop
      vertex 186.031 5.94798 2.55
      vertex 188.722 0.0342255 2.55
      vertex 186.149 6.05147 2.55
    endloop
  endfacet
  facet normal 0 0 1
    outer loop
      vertex 188.722 0.0342255 2.55
      vertex 186.031 5.94798 2.55
      vertex 188.2 0 2.55
    endloop
  endfacet
  facet normal -0 0 1
    outer loop
      vertex 185.9 5.86077 2.55
      vertex 188.2 0 2.55
      vertex 186.031 5.94798 2.55
    endloop
  endfacet
  facet normal -0 0 1
    outer loop
      vertex 185.759 5.79134 2.55
      vertex 188.2 0 2.55
      vertex 185.9 5.86077 2.55
    endloop
  endfacet
  facet normal -0 0 1
    outer loop
      vertex 185.611 5.74089 2.55
      vertex 188.2 0 2.55
      vertex 185.759 5.79134 2.55
    endloop
  endfacet
  facet normal -0 0 1
    outer loop
      vertex 185.457 5.71027 2.55
      vertex 188.2 0 2.55
      vertex 185.611 5.74089 2.55
    endloop
  endfacet
  facet normal -0 0 1
    outer loop
      vertex 185.3 5.7 2.55
      vertex 188.2 0 2.55
      vertex 185.457 5.71027 2.55
    endloop
  endfacet
  facet normal 0 0 1
    outer loop
      vertex 185.143 5.71027 2.55
      vertex 188.2 0 2.55
      vertex 185.3 5.7 2.55
    endloop
  endfacet
  facet normal 0 0 1
    outer loop
      vertex 184.989 5.74089 2.55
      vertex 188.2 0 2.55
      vertex 185.143 5.71027 2.55
    endloop
  endfacet
  facet normal 0 0 1
    outer loop
      vertex 184.841 5.79134 2.55
      vertex 188.2 0 2.55
      vertex 184.989 5.74089 2.55
    endloop
  endfacet
  facet normal 0 0 1
    outer loop
      vertex 184.7 5.86077 2.55
      vertex 188.2 0 2.55
      vertex 184.841 5.79134 2.55
    endloop
  endfacet
  facet normal 0 0 1
    outer loop
      vertex 184.569 5.94798 2.55
      vertex 188.2 0 2.55
      vertex 184.7 5.86077 2.55
    endloop
  endfacet
  facet normal 0 0 1
    outer loop
      vertex 184.451 6.05147 2.55
      vertex 188.2 0 2.55
      vertex 184.569 5.94798 2.55
    endloop
  endfacet
  facet normal 0 0 1
    outer loop
      vertex 184.348 6.16949 2.55
      vertex 188.2 0 2.55
      vertex 184.451 6.05147 2.55
    endloop
  endfacet
  facet normal 0 0 1
    outer loop
      vertex 108.1 2.4 2.55
      vertex 184.348 6.16949 2.55
      vertex 184.261 6.3 2.55
    endloop
  endfacet
  facet normal 0 0 1
    outer loop
      vertex 184.11 7.05663 2.55
      vertex 181.5 16.7 2.55
      vertex 184.1 6.9 2.55
    endloop
  endfacet
  facet normal 0 0 1
    outer loop
      vertex 181.5 16.7 2.55
      vertex 184.11 6.74337 2.55
      vertex 184.1 6.9 2.55
    endloop
  endfacet
  facet normal 0 0 1
    outer loop
      vertex 108.1 2.4 2.55
      vertex 184.11 6.74337 2.55
      vertex 181.5 16.7 2.55
    endloop
  endfacet
  facet normal 0 0 1
    outer loop
      vertex 108.1 2.4 2.55
      vertex 181.5 16.7 2.55
      vertex 108.1 16.7 2.55
    endloop
  endfacet
  facet normal 0 0 1
    outer loop
      vertex 184.11 6.74337 2.55
      vertex 108.1 2.4 2.55
      vertex 184.141 6.58942 2.55
    endloop
  endfacet
  facet normal 0 0 1
    outer loop
      vertex 184.141 6.58942 2.55
      vertex 108.1 2.4 2.55
      vertex 184.191 6.44078 2.55
    endloop
  endfacet
  facet normal 0 0 1
    outer loop
      vertex 184.191 6.44078 2.55
      vertex 108.1 2.4 2.55
      vertex 184.261 6.3 2.55
    endloop
  endfacet
  facet normal 0 0 1
    outer loop
      vertex 184.348 6.16949 2.55
      vertex 108.1 2.4 2.55
      vertex 188.2 0 2.55
    endloop
  endfacet
  facet normal -0 0 1
    outer loop
      vertex 84.1 2.4 2.55
      vertex 188.2 0 2.55
      vertex 108.1 2.4 2.55
    endloop
  endfacet
  facet normal -0 0 1
    outer loop
      vertex 8.05911 131.989 2.55
      vertex 10.7 128.5 2.55
      vertex 8.08973 132.143 2.55
    endloop
  endfacet
  facet normal 0 0 1
    outer loop
      vertex 8.08973 6.74337 2.55
      vertex 10.7 16.7 2.55
      vertex 8.1 6.9 2.55
    endloop
  endfacet
  facet normal 0 0 1
    outer loop
      vertex 10.7 16.7 2.55
      vertex 8.08973 6.74337 2.55
      vertex 84.1 2.4 2.55
    endloop
  endfacet
  facet normal -0 0 1
    outer loop
      vertex 8.05911 6.58942 2.55
      vertex 84.1 2.4 2.55
      vertex 8.08973 6.74337 2.55
    endloop
  endfacet
  facet normal -0 0 1
    outer loop
      vertex 8.00865 6.44078 2.55
      vertex 84.1 2.4 2.55
      vertex 8.05911 6.58942 2.55
    endloop
  endfacet
  facet normal -0 0 1
    outer loop
      vertex 7.93923 6.3 2.55
      vertex 84.1 2.4 2.55
      vertex 8.00865 6.44078 2.55
    endloop
  endfacet
  facet normal -0 0 1
    outer loop
      vertex 7.85202 6.16949 2.55
      vertex 84.1 2.4 2.55
      vertex 7.93923 6.3 2.55
    endloop
  endfacet
  facet normal 0 0 1
    outer loop
      vertex 4 0 2.55
      vertex 7.85202 6.16949 2.55
      vertex 7.74853 6.05147 2.55
    endloop
  endfacet
  facet normal 0 0 1
    outer loop
      vertex 4 0 2.55
      vertex 7.74853 6.05147 2.55
      vertex 7.63051 5.94798 2.55
    endloop
  endfacet
  facet normal 0 0 1
    outer loop
      vertex 4 0 2.55
      vertex 7.63051 5.94798 2.55
      vertex 7.5 5.86077 2.55
    endloop
  endfacet
  facet normal 0 0 1
    outer loop
      vertex 4 0 2.55
      vertex 7.5 5.86077 2.55
      vertex 7.35922 5.79134 2.55
    endloop
  endfacet
  facet normal 0 0 1
    outer loop
      vertex 4 0 2.55
      vertex 7.35922 5.79134 2.55
      vertex 7.21058 5.74089 2.55
    endloop
  endfacet
  facet normal 0 0 1
    outer loop
      vertex 4 0 2.55
      vertex 7.21058 5.74089 2.55
      vertex 7.05663 5.71027 2.55
    endloop
  endfacet
  facet normal 0 0 1
    outer loop
      vertex 4 0 2.55
      vertex 7.05663 5.71027 2.55
      vertex 6.9 5.7 2.55
    endloop
  endfacet
  facet normal 0 0 1
    outer loop
      vertex 84.1 2.4 2.55
      vertex 4 0 2.55
      vertex 188.2 0 2.55
    endloop
  endfacet
  facet normal 0 0 1
    outer loop
      vertex 7.85202 6.16949 2.55
      vertex 4 0 2.55
      vertex 84.1 2.4 2.55
    endloop
  endfacet
  facet normal 0 0 1
    outer loop
      vertex 6.74337 5.71027 2.55
      vertex 4 0 2.55
      vertex 6.9 5.7 2.55
    endloop
  endfacet
  facet normal 0 0 1
    outer loop
      vertex 6.58942 5.74089 2.55
      vertex 4 0 2.55
      vertex 6.74337 5.71027 2.55
    endloop
  endfacet
  facet normal 0 0 1
    outer loop
      vertex 6.44078 5.79134 2.55
      vertex 4 0 2.55
      vertex 6.58942 5.74089 2.55
    endloop
  endfacet
  facet normal 0 0 1
    outer loop
      vertex 6.3 5.86077 2.55
      vertex 4 0 2.55
      vertex 6.44078 5.79134 2.55
    endloop
  endfacet
  facet normal 0 0 1
    outer loop
      vertex 6.16949 5.94798 2.55
      vertex 4 0 2.55
      vertex 6.3 5.86077 2.55
    endloop
  endfacet
  facet normal 0 0 1
    outer loop
      vertex 3.47789 0.0342255 2.55
      vertex 6.16949 5.94798 2.55
      vertex 6.05147 6.05147 2.55
    endloop
  endfacet
  facet normal 0 0 1
    outer loop
      vertex 0.136292 2.96472 2.55
      vertex 6.05147 6.05147 2.55
      vertex 5.94798 6.16949 2.55
    endloop
  endfacet
  facet normal 0 0 1
    outer loop
      vertex 0 4 2.55
      vertex 5.94798 6.16949 2.55
      vertex 5.86077 6.3 2.55
    endloop
  endfacet
  facet normal 0 0 1
    outer loop
      vertex 0 4 2.55
      vertex 5.86077 6.3 2.55
      vertex 5.79134 6.44078 2.55
    endloop
  endfacet
  facet normal 0 0 1
    outer loop
      vertex 0 4 2.55
      vertex 5.79134 6.44078 2.55
      vertex 5.74089 6.58942 2.55
    endloop
  endfacet
  facet normal 0 0 1
    outer loop
      vertex 0 4 2.55
      vertex 5.74089 6.58942 2.55
      vertex 5.71027 6.74337 2.55
    endloop
  endfacet
  facet normal 0 0 1
    outer loop
      vertex 0 4 2.55
      vertex 5.71027 6.74337 2.55
      vertex 5.7 6.9 2.55
    endloop
  endfacet
  facet normal 0 0 1
    outer loop
      vertex 5.74089 7.21058 2.55
      vertex 0 4 2.55
      vertex 5.71027 7.05663 2.55
    endloop
  endfacet
  facet normal -0 0 1
    outer loop
      vertex 0.535904 137.2 2.55
      vertex 6.05147 133.149 2.55
      vertex 0.826584 137.635 2.55
    endloop
  endfacet
  facet normal 0 0 1
    outer loop
      vertex 5.71027 7.05663 2.55
      vertex 0 4 2.55
      vertex 5.7 6.9 2.55
    endloop
  endfacet
  facet normal -0 0 1
    outer loop
      vertex 0.304489 136.731 2.55
      vertex 6.05147 133.149 2.55
      vertex 0.535904 137.2 2.55
    endloop
  endfacet
  facet normal 0 0 1
    outer loop
      vertex 5.94798 6.16949 2.55
      vertex 0 4 2.55
      vertex 0.0342255 3.47789 2.55
    endloop
  endfacet
  facet normal -0 0 1
    outer loop
      vertex 0.136292 136.235 2.55
      vertex 6.05147 133.149 2.55
      vertex 0.304489 136.731 2.55
    endloop
  endfacet
  facet normal 0 0 1
    outer loop
      vertex 6.16949 5.94798 2.55
      vertex 3.47789 0.0342255 2.55
      vertex 4 0 2.55
    endloop
  endfacet
  facet normal 0 0 1
    outer loop
      vertex 6.05147 133.149 2.55
      vertex 0.136292 136.235 2.55
      vertex 5.94798 133.031 2.55
    endloop
  endfacet
  facet normal 0 0 1
    outer loop
      vertex 6.05147 6.05147 2.55
      vertex 2.96472 0.136292 2.55
      vertex 3.47789 0.0342255 2.55
    endloop
  endfacet
  facet normal -0 0 1
    outer loop
      vertex 0.0342255 135.722 2.55
      vertex 5.94798 133.031 2.55
      vertex 0.136292 136.235 2.55
    endloop
  endfacet
  facet normal 0 0 1
    outer loop
      vertex 6.05147 6.05147 2.55
      vertex 2.46927 0.304489 2.55
      vertex 2.96472 0.136292 2.55
    endloop
  endfacet
  facet normal -0 0 1
    outer loop
      vertex 0 135.2 2.55
      vertex 5.94798 133.031 2.55
      vertex 0.0342255 135.722 2.55
    endloop
  endfacet
  facet normal 0 0 1
    outer loop
      vertex 6.05147 6.05147 2.55
      vertex 2 0.535904 2.55
      vertex 2.46927 0.304489 2.55
    endloop
  endfacet
  facet normal 0 0 1
    outer loop
      vertex 5.94798 133.031 2.55
      vertex 0 135.2 2.55
      vertex 5.86077 132.9 2.55
    endloop
  endfacet
  facet normal 0 0 1
    outer loop
      vertex 6.05147 6.05147 2.55
      vertex 1.56496 0.826584 2.55
      vertex 2 0.535904 2.55
    endloop
  endfacet
  facet normal 0 0 1
    outer loop
      vertex 5.86077 132.9 2.55
      vertex 0 135.2 2.55
      vertex 5.79134 132.759 2.55
    endloop
  endfacet
  facet normal 0 0 1
    outer loop
      vertex 6.05147 6.05147 2.55
      vertex 1.17157 1.17157 2.55
      vertex 1.56496 0.826584 2.55
    endloop
  endfacet
  facet normal 0 0 1
    outer loop
      vertex 5.79134 132.759 2.55
      vertex 0 135.2 2.55
      vertex 5.74089 132.611 2.55
    endloop
  endfacet
  facet normal 0 0 1
    outer loop
      vertex 6.05147 6.05147 2.55
      vertex 0.826584 1.56496 2.55
      vertex 1.17157 1.17157 2.55
    endloop
  endfacet
  facet normal 0 0 1
    outer loop
      vertex 5.74089 132.611 2.55
      vertex 0 135.2 2.55
      vertex 5.71027 132.457 2.55
    endloop
  endfacet
  facet normal 0 0 1
    outer loop
      vertex 6.05147 6.05147 2.55
      vertex 0.535904 2 2.55
      vertex 0.826584 1.56496 2.55
    endloop
  endfacet
  facet normal 0 0 1
    outer loop
      vertex 5.71027 132.457 2.55
      vertex 0 135.2 2.55
      vertex 5.7 132.3 2.55
    endloop
  endfacet
  facet normal 0 0 1
    outer loop
      vertex 6.05147 6.05147 2.55
      vertex 0.304489 2.46927 2.55
      vertex 0.535904 2 2.55
    endloop
  endfacet
  facet normal 0 0 1
    outer loop
      vertex 6.05147 6.05147 2.55
      vertex 0.136292 2.96472 2.55
      vertex 0.304489 2.46927 2.55
    endloop
  endfacet
  facet normal 0 0 1
    outer loop
      vertex 5.94798 6.16949 2.55
      vertex 0.0342255 3.47789 2.55
      vertex 0.136292 2.96472 2.55
    endloop
  endfacet
  facet normal -0.0654119 -0.997858 0
    outer loop
      vertex 3.47789 0.0342255 0.5
      vertex 4 0 2.55
      vertex 3.47789 0.0342255 2.55
    endloop
  endfacet
  facet normal -0.0654119 -0.997858 -0
    outer loop
      vertex 4 0 2.55
      vertex 3.47789 0.0342255 0.5
      vertex 4 0 0.5
    endloop
  endfacet
  facet normal 0.751834 -0.659353 0
    outer loop
      vertex 191.028 1.17157 2.55
      vertex 191.373 1.56496 0.5
      vertex 191.373 1.56496 2.55
    endloop
  endfacet
  facet normal 0.751834 -0.659353 0
    outer loop
      vertex 191.373 1.56496 0.5
      vertex 191.028 1.17157 2.55
      vertex 191.028 1.17157 0.5
    endloop
  endfacet
  facet normal 0.947036 -0.321126 0
    outer loop
      vertex 191.896 2.46927 2.55
      vertex 192.064 2.96472 0.5
      vertex 192.064 2.96472 2.55
    endloop
  endfacet
  facet normal 0.947036 -0.321126 0
    outer loop
      vertex 192.064 2.96472 0.5
      vertex 191.896 2.46927 2.55
      vertex 191.896 2.46927 0.5
    endloop
  endfacet
  facet normal -0.555564 -0.831474 0
    outer loop
      vertex 1.56496 0.826584 0.5
      vertex 2 0.535904 2.55
      vertex 1.56496 0.826584 2.55
    endloop
  endfacet
  facet normal -0.555564 -0.831474 -0
    outer loop
      vertex 2 0.535904 2.55
      vertex 1.56496 0.826584 0.5
      vertex 2 0.535904 0.5
    endloop
  endfacet
  facet normal 0 1 -0
    outer loop
      vertex 188.2 139.2 0.5
      vertex 4 139.2 2.55
      vertex 188.2 139.2 2.55
    endloop
  endfacet
  facet normal 0 1 0
    outer loop
      vertex 4 139.2 2.55
      vertex 188.2 139.2 0.5
      vertex 4 139.2 0.5
    endloop
  endfacet
  facet normal 0.443387 0.89633 -0
    outer loop
      vertex 190.2 138.664 0.5
      vertex 189.731 138.896 2.55
      vertex 190.2 138.664 2.55
    endloop
  endfacet
  facet normal 0.443387 0.89633 0
    outer loop
      vertex 189.731 138.896 2.55
      vertex 190.2 138.664 0.5
      vertex 189.731 138.896 0.5
    endloop
  endfacet
  facet normal 0.75151 0.659722 0
    outer loop
      vertex 191.373 137.635 2.55
      vertex 191.028 138.028 0.5
      vertex 191.028 138.028 2.55
    endloop
  endfacet
  facet normal 0.75151 0.659722 0
    outer loop
      vertex 191.028 138.028 0.5
      vertex 191.373 137.635 2.55
      vertex 191.373 137.635 0.5
    endloop
  endfacet
  facet normal -0.443182 0.896432 0
    outer loop
      vertex 2.46927 138.896 0.5
      vertex 2 138.664 2.55
      vertex 2.46927 138.896 2.55
    endloop
  endfacet
  facet normal -0.443182 0.896432 0
    outer loop
      vertex 2 138.664 2.55
      vertex 2.46927 138.896 0.5
      vertex 2 138.664 0.5
    endloop
  endfacet
  facet normal 0.980813 -0.194951 0
    outer loop
      vertex 192.064 2.96472 2.55
      vertex 192.166 3.47789 0.5
      vertex 192.166 3.47789 2.55
    endloop
  endfacet
  facet normal 0.980813 -0.194951 0
    outer loop
      vertex 192.166 3.47789 0.5
      vertex 192.064 2.96472 2.55
      vertex 192.064 2.96472 0.5
    endloop
  endfacet
  facet normal 0.195013 0.980801 -0
    outer loop
      vertex 189.235 139.064 0.5
      vertex 188.722 139.166 2.55
      vertex 189.235 139.064 2.55
    endloop
  endfacet
  facet normal 0.195013 0.980801 0
    outer loop
      vertex 188.722 139.166 2.55
      vertex 189.235 139.064 0.5
      vertex 188.722 139.166 0.5
    endloop
  endfacet
  facet normal 0.659722 0.75151 -0
    outer loop
      vertex 191.028 138.028 0.5
      vertex 190.635 138.373 2.55
      vertex 191.028 138.028 2.55
    endloop
  endfacet
  facet normal 0.659722 0.75151 0
    outer loop
      vertex 190.635 138.373 2.55
      vertex 191.028 138.028 0.5
      vertex 190.635 138.373 0.5
    endloop
  endfacet
  facet normal -0.946922 -0.321464 0
    outer loop
      vertex 0.304489 2.46927 0.5
      vertex 0.136292 2.96472 2.55
      vertex 0.136292 2.96472 0.5
    endloop
  endfacet
  facet normal -0.946922 -0.321464 0
    outer loop
      vertex 0.136292 2.96472 2.55
      vertex 0.304489 2.46927 0.5
      vertex 0.304489 2.46927 2.55
    endloop
  endfacet
  facet normal -0.659353 0.751834 0
    outer loop
      vertex 1.56496 138.373 0.5
      vertex 1.17157 138.028 2.55
      vertex 1.56496 138.373 2.55
    endloop
  endfacet
  facet normal -0.659353 0.751834 0
    outer loop
      vertex 1.17157 138.028 2.55
      vertex 1.56496 138.373 0.5
      vertex 1.17157 138.028 0.5
    endloop
  endfacet
  facet normal -0.896774 0.442488 0
    outer loop
      vertex 0.304489 136.731 0.5
      vertex 0.535904 137.2 2.55
      vertex 0.535904 137.2 0.5
    endloop
  endfacet
  facet normal -0.896774 0.442488 0
    outer loop
      vertex 0.535904 137.2 2.55
      vertex 0.304489 136.731 0.5
      vertex 0.304489 136.731 2.55
    endloop
  endfacet
  facet normal -0.751523 0.659707 0
    outer loop
      vertex 0.826584 137.635 0.5
      vertex 1.17157 138.028 2.55
      vertex 1.17157 138.028 0.5
    endloop
  endfacet
  facet normal -0.751523 0.659707 0
    outer loop
      vertex 1.17157 138.028 2.55
      vertex 0.826584 137.635 0.5
      vertex 0.826584 137.635 2.55
    endloop
  endfacet
  facet normal -0.194951 0.980813 0
    outer loop
      vertex 3.47789 139.166 0.5
      vertex 2.96472 139.064 2.55
      vertex 3.47789 139.166 2.55
    endloop
  endfacet
  facet normal -0.194951 0.980813 0
    outer loop
      vertex 2.96472 139.064 2.55
      vertex 3.47789 139.166 0.5
      vertex 2.96472 139.064 0.5
    endloop
  endfacet
  facet normal -0.321126 0.947036 0
    outer loop
      vertex 2.96472 139.064 0.5
      vertex 2.46927 138.896 2.55
      vertex 2.96472 139.064 2.55
    endloop
  endfacet
  facet normal -0.321126 0.947036 0
    outer loop
      vertex 2.46927 138.896 2.55
      vertex 2.96472 139.064 0.5
      vertex 2.46927 138.896 0.5
    endloop
  endfacet
  facet normal 0.896432 -0.443182 0
    outer loop
      vertex 191.664 2 2.55
      vertex 191.896 2.46927 0.5
      vertex 191.896 2.46927 2.55
    endloop
  endfacet
  facet normal 0.896432 -0.443182 0
    outer loop
      vertex 191.896 2.46927 0.5
      vertex 191.664 2 2.55
      vertex 191.664 2 0.5
    endloop
  endfacet
  facet normal -0.83145 0.5556 0
    outer loop
      vertex 0.535904 137.2 0.5
      vertex 0.826584 137.635 2.55
      vertex 0.826584 137.635 0.5
    endloop
  endfacet
  facet normal -0.83145 0.5556 0
    outer loop
      vertex 0.826584 137.635 2.55
      vertex 0.535904 137.2 0.5
      vertex 0.535904 137.2 2.55
    endloop
  endfacet
  facet normal -0.442284 -0.896875 0
    outer loop
      vertex 2 0.535904 0.5
      vertex 2.46927 0.304489 2.55
      vertex 2 0.535904 2.55
    endloop
  endfacet
  facet normal -0.442284 -0.896875 -0
    outer loop
      vertex 2.46927 0.304489 2.55
      vertex 2 0.535904 0.5
      vertex 2.46927 0.304489 0.5
    endloop
  endfacet
  facet normal 0.947145 0.320807 0
    outer loop
      vertex 192.064 136.235 2.55
      vertex 191.896 136.731 0.5
      vertex 191.896 136.731 2.55
    endloop
  endfacet
  facet normal 0.947145 0.320807 0
    outer loop
      vertex 191.896 136.731 0.5
      vertex 192.064 136.235 2.55
      vertex 192.064 136.235 0.5
    endloop
  endfacet
  facet normal 0.980801 0.195013 0
    outer loop
      vertex 192.166 135.722 2.55
      vertex 192.064 136.235 0.5
      vertex 192.064 136.235 2.55
    endloop
  endfacet
  facet normal 0.980801 0.195013 0
    outer loop
      vertex 192.064 136.235 0.5
      vertex 192.166 135.722 2.55
      vertex 192.166 135.722 0.5
    endloop
  endfacet
  facet normal 0.5556 -0.83145 0
    outer loop
      vertex 190.2 0.535904 0.5
      vertex 190.635 0.826584 2.55
      vertex 190.2 0.535904 2.55
    endloop
  endfacet
  facet normal 0.5556 -0.83145 0
    outer loop
      vertex 190.635 0.826584 2.55
      vertex 190.2 0.535904 0.5
      vertex 190.635 0.826584 0.5
    endloop
  endfacet
  facet normal 0.556022 0.831167 -0
    outer loop
      vertex 190.635 138.373 0.5
      vertex 190.2 138.664 2.55
      vertex 190.635 138.373 2.55
    endloop
  endfacet
  facet normal 0.556022 0.831167 0
    outer loop
      vertex 190.2 138.664 2.55
      vertex 190.635 138.373 0.5
      vertex 190.2 138.664 0.5
    endloop
  endfacet
  facet normal -0.94703 0.321144 0
    outer loop
      vertex 0.136292 136.235 0.5
      vertex 0.304489 136.731 2.55
      vertex 0.304489 136.731 0.5
    endloop
  endfacet
  facet normal -0.94703 0.321144 0
    outer loop
      vertex 0.304489 136.731 2.55
      vertex 0.136292 136.235 0.5
      vertex 0.136292 136.235 2.55
    endloop
  endfacet
  facet normal 0.659707 -0.751523 0
    outer loop
      vertex 190.635 0.826584 0.5
      vertex 191.028 1.17157 2.55
      vertex 190.635 0.826584 2.55
    endloop
  endfacet
  facet normal 0.659707 -0.751523 0
    outer loop
      vertex 191.028 1.17157 2.55
      vertex 190.635 0.826584 0.5
      vertex 191.028 1.17157 0.5
    endloop
  endfacet
  facet normal 0.0649964 0.997886 -0
    outer loop
      vertex 188.722 139.166 0.5
      vertex 188.2 139.2 2.55
      vertex 188.722 139.166 2.55
    endloop
  endfacet
  facet normal 0.0649964 0.997886 0
    outer loop
      vertex 188.2 139.2 2.55
      vertex 188.722 139.166 0.5
      vertex 188.2 139.2 0.5
    endloop
  endfacet
  facet normal -0.997857 0.0654256 0
    outer loop
      vertex 0 135.2 0.5
      vertex 0.0342255 135.722 2.55
      vertex 0.0342255 135.722 0.5
    endloop
  endfacet
  facet normal -0.997857 0.0654256 0
    outer loop
      vertex 0.0342255 135.722 2.55
      vertex 0 135.2 0.5
      vertex 0 135.2 2.55
    endloop
  endfacet
  facet normal 0.997886 0.0649964 0
    outer loop
      vertex 192.2 135.2 2.55
      vertex 192.166 135.722 0.5
      vertex 192.166 135.722 2.55
    endloop
  endfacet
  facet normal 0.997886 0.0649964 0
    outer loop
      vertex 192.166 135.722 0.5
      vertex 192.2 135.2 2.55
      vertex 192.2 135.2 0.5
    endloop
  endfacet
  facet normal 0.831167 0.556022 0
    outer loop
      vertex 191.664 137.2 2.55
      vertex 191.373 137.635 0.5
      vertex 191.373 137.635 2.55
    endloop
  endfacet
  facet normal 0.831167 0.556022 0
    outer loop
      vertex 191.373 137.635 0.5
      vertex 191.664 137.2 2.55
      vertex 191.664 137.2 0.5
    endloop
  endfacet
  facet normal -0.751847 -0.659337 0
    outer loop
      vertex 1.17157 1.17157 0.5
      vertex 0.826584 1.56496 2.55
      vertex 0.826584 1.56496 0.5
    endloop
  endfacet
  facet normal -0.751847 -0.659337 0
    outer loop
      vertex 0.826584 1.56496 2.55
      vertex 1.17157 1.17157 0.5
      vertex 1.17157 1.17157 2.55
    endloop
  endfacet
  facet normal 0.320807 0.947145 -0
    outer loop
      vertex 189.731 138.896 0.5
      vertex 189.235 139.064 2.55
      vertex 189.731 138.896 2.55
    endloop
  endfacet
  facet normal 0.320807 0.947145 0
    outer loop
      vertex 189.235 139.064 2.55
      vertex 189.731 138.896 0.5
      vertex 189.235 139.064 0.5
    endloop
  endfacet
  facet normal -0.831474 -0.555564 0
    outer loop
      vertex 0.826584 1.56496 0.5
      vertex 0.535904 2 2.55
      vertex 0.535904 2 0.5
    endloop
  endfacet
  facet normal -0.831474 -0.555564 0
    outer loop
      vertex 0.535904 2 2.55
      vertex 0.826584 1.56496 0.5
      vertex 0.826584 1.56496 2.55
    endloop
  endfacet
  facet normal 0.89633 0.443387 0
    outer loop
      vertex 191.896 136.731 2.55
      vertex 191.664 137.2 0.5
      vertex 191.664 137.2 2.55
    endloop
  endfacet
  facet normal 0.89633 0.443387 0
    outer loop
      vertex 191.664 137.2 0.5
      vertex 191.896 136.731 2.55
      vertex 191.896 136.731 0.5
    endloop
  endfacet
  facet normal -0.980789 -0.195073 0
    outer loop
      vertex 0.136292 2.96472 0.5
      vertex 0.0342255 3.47789 2.55
      vertex 0.0342255 3.47789 0.5
    endloop
  endfacet
  facet normal -0.980789 -0.195073 0
    outer loop
      vertex 0.0342255 3.47789 2.55
      vertex 0.136292 2.96472 0.5
      vertex 0.136292 2.96472 2.55
    endloop
  endfacet
  facet normal 0 0 -1
    outer loop
      vertex 8.05911 7.21058 0
      vertex 14.6 26.98 0
      vertex 8.08973 7.05663 0
    endloop
  endfacet
  facet normal 0 0 -1
    outer loop
      vertex 14.6 26.98 0
      vertex 8.08973 132.143 0
      vertex 8.1 132.3 0
    endloop
  endfacet
  facet normal 0 0 -1
    outer loop
      vertex 8.00865 7.35922 0
      vertex 14.6 26.98 0
      vertex 8.05911 7.21058 0
    endloop
  endfacet
  facet normal 0 0 -1
    outer loop
      vertex 14.6 26.98 0
      vertex 8.05911 131.989 0
      vertex 8.08973 132.143 0
    endloop
  endfacet
  facet normal 0 0 -1
    outer loop
      vertex 7.93923 7.5 0
      vertex 14.6 26.98 0
      vertex 8.00865 7.35922 0
    endloop
  endfacet
  facet normal 0 0 -1
    outer loop
      vertex 14.6 26.98 0
      vertex 8.00865 131.841 0
      vertex 8.05911 131.989 0
    endloop
  endfacet
  facet normal 0 0 -1
    outer loop
      vertex 7.85202 7.63051 0
      vertex 14.6 26.98 0
      vertex 7.93923 7.5 0
    endloop
  endfacet
  facet normal 0 0 -1
    outer loop
      vertex 14.6 26.98 0
      vertex 7.93923 131.7 0
      vertex 8.00865 131.841 0
    endloop
  endfacet
  facet normal 0 0 -1
    outer loop
      vertex 7.74853 7.74853 0
      vertex 14.6 26.98 0
      vertex 7.85202 7.63051 0
    endloop
  endfacet
  facet normal 0 0 -1
    outer loop
      vertex 14.6 26.98 0
      vertex 7.85202 131.569 0
      vertex 7.93923 131.7 0
    endloop
  endfacet
  facet normal 0 0 -1
    outer loop
      vertex 7.63051 7.85202 0
      vertex 14.6 26.98 0
      vertex 7.74853 7.74853 0
    endloop
  endfacet
  facet normal 0 0 -1
    outer loop
      vertex 14.6 26.98 0
      vertex 7.74853 131.451 0
      vertex 7.85202 131.569 0
    endloop
  endfacet
  facet normal 0 0 -1
    outer loop
      vertex 7.5 7.93923 0
      vertex 14.6 26.98 0
      vertex 7.63051 7.85202 0
    endloop
  endfacet
  facet normal 0 0 -1
    outer loop
      vertex 14.6 26.98 0
      vertex 7.63051 131.348 0
      vertex 7.74853 131.451 0
    endloop
  endfacet
  facet normal 0 0 -1
    outer loop
      vertex 7.35922 8.00865 0
      vertex 14.6 26.98 0
      vertex 7.5 7.93923 0
    endloop
  endfacet
  facet normal 0 0 -1
    outer loop
      vertex 14.6 26.98 0
      vertex 7.5 131.261 0
      vertex 7.63051 131.348 0
    endloop
  endfacet
  facet normal 0 0 -1
    outer loop
      vertex 7.21058 8.05911 0
      vertex 14.6 26.98 0
      vertex 7.35922 8.00865 0
    endloop
  endfacet
  facet normal 0 0 -1
    outer loop
      vertex 14.6 26.98 0
      vertex 7.35922 131.191 0
      vertex 7.5 131.261 0
    endloop
  endfacet
  facet normal 0 0 -1
    outer loop
      vertex 7.05663 8.08973 0
      vertex 14.6 26.98 0
      vertex 7.21058 8.05911 0
    endloop
  endfacet
  facet normal 0 0 -1
    outer loop
      vertex 14.6 26.98 0
      vertex 7.21058 131.141 0
      vertex 7.35922 131.191 0
    endloop
  endfacet
  facet normal 0 0 -1
    outer loop
      vertex 6.9 8.1 0
      vertex 14.6 26.98 0
      vertex 7.05663 8.08973 0
    endloop
  endfacet
  facet normal 0 0 -1
    outer loop
      vertex 14.6 26.98 0
      vertex 7.05663 131.11 0
      vertex 7.21058 131.141 0
    endloop
  endfacet
  facet normal 0 0 -1
    outer loop
      vertex 6.74337 8.08973 0
      vertex 14.6 26.98 0
      vertex 6.9 8.1 0
    endloop
  endfacet
  facet normal 0 0 -1
    outer loop
      vertex 14.6 26.98 0
      vertex 6.9 131.1 0
      vertex 7.05663 131.11 0
    endloop
  endfacet
  facet normal 0 0 -1
    outer loop
      vertex 6.58942 8.05911 0
      vertex 14.6 26.98 0
      vertex 6.74337 8.08973 0
    endloop
  endfacet
  facet normal 0 0 -1
    outer loop
      vertex 14.6 26.98 0
      vertex 6.74337 131.11 0
      vertex 6.9 131.1 0
    endloop
  endfacet
  facet normal 0 0 -1
    outer loop
      vertex 6.44078 8.00865 0
      vertex 14.6 26.98 0
      vertex 6.58942 8.05911 0
    endloop
  endfacet
  facet normal 0 0 -1
    outer loop
      vertex 14.6 26.98 0
      vertex 6.58942 131.141 0
      vertex 6.74337 131.11 0
    endloop
  endfacet
  facet normal 0 0 -1
    outer loop
      vertex 6.3 7.93923 0
      vertex 14.6 26.98 0
      vertex 6.44078 8.00865 0
    endloop
  endfacet
  facet normal 0 0 -1
    outer loop
      vertex 14.6 26.98 0
      vertex 6.44078 131.191 0
      vertex 6.58942 131.141 0
    endloop
  endfacet
  facet normal 0 0 -1
    outer loop
      vertex 6.16949 7.85202 0
      vertex 14.6 26.98 0
      vertex 6.3 7.93923 0
    endloop
  endfacet
  facet normal 0 0 -1
    outer loop
      vertex 14.6 26.98 0
      vertex 6.3 131.261 0
      vertex 6.44078 131.191 0
    endloop
  endfacet
  facet normal 0 0 -1
    outer loop
      vertex 0.48077 4 0
      vertex 14.6 26.98 0
      vertex 6.16949 7.85202 0
    endloop
  endfacet
  facet normal 0 0 -1
    outer loop
      vertex 14.6 26.98 0
      vertex 6.16949 131.348 0
      vertex 6.3 131.261 0
    endloop
  endfacet
  facet normal 0 0 -1
    outer loop
      vertex 0.48077 4 0
      vertex 6.16949 7.85202 0
      vertex 6.05147 7.74853 0
    endloop
  endfacet
  facet normal 0 0 -1
    outer loop
      vertex 0.48077 135.2 0
      vertex 14.6 26.98 0
      vertex 0.48077 4 0
    endloop
  endfacet
  facet normal 0 0 -1
    outer loop
      vertex 0.48077 4 0
      vertex 6.05147 7.74853 0
      vertex 5.94798 7.63051 0
    endloop
  endfacet
  facet normal 0 0 -1
    outer loop
      vertex 14.6 26.98 0
      vertex 0.48077 135.2 0
      vertex 6.16949 131.348 0
    endloop
  endfacet
  facet normal 0 0 -1
    outer loop
      vertex 0.48077 4 0
      vertex 5.94798 7.63051 0
      vertex 5.86077 7.5 0
    endloop
  endfacet
  facet normal 0 0 -1
    outer loop
      vertex 6.16949 131.348 0
      vertex 0.48077 135.2 0
      vertex 6.05147 131.451 0
    endloop
  endfacet
  facet normal 0 0 -1
    outer loop
      vertex 0.48077 4 0
      vertex 5.86077 7.5 0
      vertex 5.79134 7.35922 0
    endloop
  endfacet
  facet normal 0 0 -1
    outer loop
      vertex 6.05147 131.451 0
      vertex 0.48077 135.2 0
      vertex 5.94798 131.569 0
    endloop
  endfacet
  facet normal 0 0 -1
    outer loop
      vertex 0.48077 4 0
      vertex 5.79134 7.35922 0
      vertex 5.74089 7.21058 0
    endloop
  endfacet
  facet normal 0 0 -1
    outer loop
      vertex 5.94798 131.569 0
      vertex 0.48077 135.2 0
      vertex 5.86077 131.7 0
    endloop
  endfacet
  facet normal 0 0 -1
    outer loop
      vertex 0.48077 4 0
      vertex 5.74089 7.21058 0
      vertex 5.71027 7.05663 0
    endloop
  endfacet
  facet normal 0 0 -1
    outer loop
      vertex 5.86077 131.7 0
      vertex 0.48077 135.2 0
      vertex 5.79134 131.841 0
    endloop
  endfacet
  facet normal 0 0 -1
    outer loop
      vertex 0.48077 4 0
      vertex 5.71027 7.05663 0
      vertex 5.7 6.9 0
    endloop
  endfacet
  facet normal 0 0 -1
    outer loop
      vertex 5.79134 131.841 0
      vertex 0.48077 135.2 0
      vertex 5.74089 131.989 0
    endloop
  endfacet
  facet normal 0 0 -1
    outer loop
      vertex 186.409 7.35922 0
      vertex 191.719 4 0
      vertex 186.459 7.21058 0
    endloop
  endfacet
  facet normal 0 0 -1
    outer loop
      vertex 191.719 135.2 0
      vertex 186.49 132.143 0
      vertex 186.5 132.3 0
    endloop
  endfacet
  facet normal 0 0 -1
    outer loop
      vertex 186.339 7.5 0
      vertex 191.719 4 0
      vertex 186.409 7.35922 0
    endloop
  endfacet
  facet normal 0 0 -1
    outer loop
      vertex 191.719 135.2 0
      vertex 186.459 131.989 0
      vertex 186.49 132.143 0
    endloop
  endfacet
  facet normal 0 0 -1
    outer loop
      vertex 186.252 7.63051 0
      vertex 191.719 4 0
      vertex 186.339 7.5 0
    endloop
  endfacet
  facet normal 0 0 -1
    outer loop
      vertex 191.719 135.2 0
      vertex 186.409 131.841 0
      vertex 186.459 131.989 0
    endloop
  endfacet
  facet normal 0 0 -1
    outer loop
      vertex 191.719 4 0
      vertex 177.6 26.98 0
      vertex 191.719 135.2 0
    endloop
  endfacet
  facet normal 0 0 -1
    outer loop
      vertex 191.719 135.2 0
      vertex 186.339 131.7 0
      vertex 186.409 131.841 0
    endloop
  endfacet
  facet normal 0 0 -1
    outer loop
      vertex 186.149 7.74853 0
      vertex 191.719 4 0
      vertex 186.252 7.63051 0
    endloop
  endfacet
  facet normal 0 -0 -1
    outer loop
      vertex 186.031 131.348 0
      vertex 191.719 135.2 0
      vertex 177.6 26.98 0
    endloop
  endfacet
  facet normal 0 0 -1
    outer loop
      vertex 191.719 4 0
      vertex 186.149 7.74853 0
      vertex 177.6 26.98 0
    endloop
  endfacet
  facet normal 0 0 -1
    outer loop
      vertex 191.719 135.2 0
      vertex 186.252 131.569 0
      vertex 186.339 131.7 0
    endloop
  endfacet
  facet normal 0 0 -1
    outer loop
      vertex 177.6 26.98 0
      vertex 186.149 7.74853 0
      vertex 186.031 7.85202 0
    endloop
  endfacet
  facet normal 0 0 -1
    outer loop
      vertex 191.719 135.2 0
      vertex 186.149 131.451 0
      vertex 186.252 131.569 0
    endloop
  endfacet
  facet normal 0 0 -1
    outer loop
      vertex 177.6 26.98 0
      vertex 186.031 7.85202 0
      vertex 185.9 7.93923 0
    endloop
  endfacet
  facet normal 0 0 -1
    outer loop
      vertex 191.719 135.2 0
      vertex 186.031 131.348 0
      vertex 186.149 131.451 0
    endloop
  endfacet
  facet normal 0 0 -1
    outer loop
      vertex 177.6 26.98 0
      vertex 185.9 7.93923 0
      vertex 185.759 8.00865 0
    endloop
  endfacet
  facet normal 0 0 -1
    outer loop
      vertex 186.031 131.348 0
      vertex 177.6 26.98 0
      vertex 185.9 131.261 0
    endloop
  endfacet
  facet normal 0 0 -1
    outer loop
      vertex 177.6 26.98 0
      vertex 185.759 8.00865 0
      vertex 185.611 8.05911 0
    endloop
  endfacet
  facet normal 0 0 -1
    outer loop
      vertex 177.6 124.7 0
      vertex 185.9 131.261 0
      vertex 177.6 26.98 0
    endloop
  endfacet
  facet normal 0 0 -1
    outer loop
      vertex 177.6 26.98 0
      vertex 185.611 8.05911 0
      vertex 185.457 8.08973 0
    endloop
  endfacet
  facet normal 0 0 -1
    outer loop
      vertex 185.9 131.261 0
      vertex 177.6 124.7 0
      vertex 185.759 131.191 0
    endloop
  endfacet
  facet normal 0 0 -1
    outer loop
      vertex 177.6 26.98 0
      vertex 185.457 8.08973 0
      vertex 185.3 8.1 0
    endloop
  endfacet
  facet normal 0 0 -1
    outer loop
      vertex 185.759 131.191 0
      vertex 177.6 124.7 0
      vertex 185.611 131.141 0
    endloop
  endfacet
  facet normal 0 0 -1
    outer loop
      vertex 177.6 26.98 0
      vertex 185.3 8.1 0
      vertex 185.143 8.08973 0
    endloop
  endfacet
  facet normal 0 0 -1
    outer loop
      vertex 185.611 131.141 0
      vertex 177.6 124.7 0
      vertex 185.457 131.11 0
    endloop
  endfacet
  facet normal 0 0 -1
    outer loop
      vertex 177.6 26.98 0
      vertex 185.143 8.08973 0
      vertex 184.989 8.05911 0
    endloop
  endfacet
  facet normal 0 0 -1
    outer loop
      vertex 185.457 131.11 0
      vertex 177.6 124.7 0
      vertex 185.3 131.1 0
    endloop
  endfacet
  facet normal 0 0 -1
    outer loop
      vertex 177.6 26.98 0
      vertex 184.989 8.05911 0
      vertex 184.841 8.00865 0
    endloop
  endfacet
  facet normal -0 0 -1
    outer loop
      vertex 185.3 131.1 0
      vertex 177.6 124.7 0
      vertex 185.143 131.11 0
    endloop
  endfacet
  facet normal 0 0 -1
    outer loop
      vertex 177.6 26.98 0
      vertex 184.841 8.00865 0
      vertex 184.7 7.93923 0
    endloop
  endfacet
  facet normal -0 0 -1
    outer loop
      vertex 185.143 131.11 0
      vertex 177.6 124.7 0
      vertex 184.989 131.141 0
    endloop
  endfacet
  facet normal 0 0 -1
    outer loop
      vertex 177.6 26.98 0
      vertex 184.7 7.93923 0
      vertex 184.569 7.85202 0
    endloop
  endfacet
  facet normal -0 0 -1
    outer loop
      vertex 184.989 131.141 0
      vertex 177.6 124.7 0
      vertex 184.841 131.191 0
    endloop
  endfacet
  facet normal 0 0 -1
    outer loop
      vertex 177.6 26.98 0
      vertex 184.569 7.85202 0
      vertex 184.451 7.74853 0
    endloop
  endfacet
  facet normal -0 0 -1
    outer loop
      vertex 184.841 131.191 0
      vertex 177.6 124.7 0
      vertex 184.7 131.261 0
    endloop
  endfacet
  facet normal 0 0 -1
    outer loop
      vertex 177.6 26.98 0
      vertex 184.451 7.74853 0
      vertex 184.348 7.63051 0
    endloop
  endfacet
  facet normal -0 0 -1
    outer loop
      vertex 184.7 131.261 0
      vertex 177.6 124.7 0
      vertex 184.569 131.348 0
    endloop
  endfacet
  facet normal 0 0 -1
    outer loop
      vertex 177.6 26.98 0
      vertex 184.348 7.63051 0
      vertex 184.261 7.5 0
    endloop
  endfacet
  facet normal -0 0 -1
    outer loop
      vertex 184.569 131.348 0
      vertex 177.6 124.7 0
      vertex 184.451 131.451 0
    endloop
  endfacet
  facet normal 0 0 -1
    outer loop
      vertex 177.6 26.98 0
      vertex 184.261 7.5 0
      vertex 184.191 7.35922 0
    endloop
  endfacet
  facet normal -0 0 -1
    outer loop
      vertex 184.451 131.451 0
      vertex 177.6 124.7 0
      vertex 184.348 131.569 0
    endloop
  endfacet
  facet normal 0 0 -1
    outer loop
      vertex 177.6 26.98 0
      vertex 184.191 7.35922 0
      vertex 184.141 7.21058 0
    endloop
  endfacet
  facet normal -0 0 -1
    outer loop
      vertex 184.348 131.569 0
      vertex 177.6 124.7 0
      vertex 184.261 131.7 0
    endloop
  endfacet
  facet normal 0 0 -1
    outer loop
      vertex 177.6 26.98 0
      vertex 184.141 7.21058 0
      vertex 184.11 7.05663 0
    endloop
  endfacet
  facet normal -0 0 -1
    outer loop
      vertex 184.261 131.7 0
      vertex 177.6 124.7 0
      vertex 184.191 131.841 0
    endloop
  endfacet
  facet normal 0 0 -1
    outer loop
      vertex 177.6 26.98 0
      vertex 184.11 7.05663 0
      vertex 184.1 6.9 0
    endloop
  endfacet
  facet normal -0 0 -1
    outer loop
      vertex 184.191 131.841 0
      vertex 177.6 124.7 0
      vertex 184.141 131.989 0
    endloop
  endfacet
  facet normal 0 0 -1
    outer loop
      vertex 186.149 6.05147 0
      vertex 191.719 4 0
      vertex 191.69 3.56072 0
    endloop
  endfacet
  facet normal 0 0 -1
    outer loop
      vertex 186.49 7.05663 0
      vertex 191.719 4 0
      vertex 186.5 6.9 0
    endloop
  endfacet
  facet normal 0 0 -1
    outer loop
      vertex 191.685 3.52091 0
      vertex 191.69 3.56072 0
      vertex 191.689 3.54064 0
    endloop
  endfacet
  facet normal 0 0 -1
    outer loop
      vertex 186.459 7.21058 0
      vertex 191.719 4 0
      vertex 186.49 7.05663 0
    endloop
  endfacet
  facet normal 0 0 -1
    outer loop
      vertex 186.149 6.05147 0
      vertex 191.69 3.56072 0
      vertex 191.685 3.52091 0
    endloop
  endfacet
  facet normal 0 0 -1
    outer loop
      vertex 186.49 132.457 0
      vertex 191.719 135.2 0
      vertex 186.5 132.3 0
    endloop
  endfacet
  facet normal 0 0 -1
    outer loop
      vertex 186.149 6.05147 0
      vertex 191.685 3.52091 0
      vertex 191.599 3.08915 0
    endloop
  endfacet
  facet normal 0 0 -1
    outer loop
      vertex 186.459 132.611 0
      vertex 191.719 135.2 0
      vertex 186.49 132.457 0
    endloop
  endfacet
  facet normal 0 0 -1
    outer loop
      vertex 186.149 6.05147 0
      vertex 191.599 3.08915 0
      vertex 191.458 2.67231 0
    endloop
  endfacet
  facet normal 0 0 -1
    outer loop
      vertex 186.409 132.759 0
      vertex 191.719 135.2 0
      vertex 186.459 132.611 0
    endloop
  endfacet
  facet normal 0 0 -1
    outer loop
      vertex 191.442 2.63521 0
      vertex 191.458 2.67231 0
      vertex 191.451 2.65325 0
    endloop
  endfacet
  facet normal 0 0 -1
    outer loop
      vertex 186.339 132.9 0
      vertex 191.719 135.2 0
      vertex 186.409 132.759 0
    endloop
  endfacet
  facet normal 0 0 -1
    outer loop
      vertex 186.149 6.05147 0
      vertex 191.458 2.67231 0
      vertex 191.442 2.63521 0
    endloop
  endfacet
  facet normal 0 0 -1
    outer loop
      vertex 186.252 133.031 0
      vertex 191.719 135.2 0
      vertex 186.339 132.9 0
    endloop
  endfacet
  facet normal 0 0 -1
    outer loop
      vertex 191.237 2.22365 0
      vertex 191.442 2.63521 0
      vertex 191.248 2.24038 0
    endloop
  endfacet
  facet normal 0 0 -1
    outer loop
      vertex 186.149 133.149 0
      vertex 191.719 135.2 0
      vertex 186.252 133.031 0
    endloop
  endfacet
  facet normal 0 0 -1
    outer loop
      vertex 186.149 6.05147 0
      vertex 191.442 2.63521 0
      vertex 191.237 2.22365 0
    endloop
  endfacet
  facet normal -0 0 -1
    outer loop
      vertex 191.719 135.2 0
      vertex 186.149 133.149 0
      vertex 191.69 135.639 0
    endloop
  endfacet
  facet normal 0 0 -1
    outer loop
      vertex 190.979 1.8425 0
      vertex 191.237 2.22365 0
      vertex 190.992 1.85763 0
    endloop
  endfacet
  facet normal 0 0 -1
    outer loop
      vertex 191.69 135.639 0
      vertex 191.685 135.679 0
      vertex 191.689 135.659 0
    endloop
  endfacet
  facet normal -0 0 -1
    outer loop
      vertex 191.237 2.22365 0
      vertex 190.979 1.8425 0
      vertex 186.149 6.05147 0
    endloop
  endfacet
  facet normal -0 0 -1
    outer loop
      vertex 191.69 135.639 0
      vertex 186.149 133.149 0
      vertex 191.685 135.679 0
    endloop
  endfacet
  facet normal 0 0 -1
    outer loop
      vertex 186.149 6.05147 0
      vertex 190.979 1.8425 0
      vertex 190.688 1.51153 0
    endloop
  endfacet
  facet normal -0 0 -1
    outer loop
      vertex 191.685 135.679 0
      vertex 186.149 133.149 0
      vertex 191.599 136.111 0
    endloop
  endfacet
  facet normal 0 0 -1
    outer loop
      vertex 186.149 6.05147 0
      vertex 190.688 1.51153 0
      vertex 190.357 1.22128 0
    endloop
  endfacet
  facet normal -0 0 -1
    outer loop
      vertex 191.599 136.111 0
      vertex 186.149 133.149 0
      vertex 191.458 136.528 0
    endloop
  endfacet
  facet normal 0 0 -1
    outer loop
      vertex 189.976 0.963444 0
      vertex 190.357 1.22128 0
      vertex 190.342 1.20801 0
    endloop
  endfacet
  facet normal 0 0 -1
    outer loop
      vertex 191.458 136.528 0
      vertex 191.442 136.565 0
      vertex 191.451 136.547 0
    endloop
  endfacet
  facet normal -0 0 -1
    outer loop
      vertex 190.357 1.22128 0
      vertex 189.976 0.963444 0
      vertex 186.149 6.05147 0
    endloop
  endfacet
  facet normal -0 0 -1
    outer loop
      vertex 191.458 136.528 0
      vertex 186.149 133.149 0
      vertex 191.442 136.565 0
    endloop
  endfacet
  facet normal 0 0 -1
    outer loop
      vertex 189.565 0.757553 0
      vertex 189.976 0.963444 0
      vertex 189.96 0.952264 0
    endloop
  endfacet
  facet normal 0 0 -1
    outer loop
      vertex 191.442 136.565 0
      vertex 191.237 136.976 0
      vertex 191.248 136.96 0
    endloop
  endfacet
  facet normal -0 0 -1
    outer loop
      vertex 189.976 0.963444 0
      vertex 189.565 0.757553 0
      vertex 186.149 6.05147 0
    endloop
  endfacet
  facet normal -0 0 -1
    outer loop
      vertex 191.442 136.565 0
      vertex 186.149 133.149 0
      vertex 191.237 136.976 0
    endloop
  endfacet
  facet normal 0 0 -1
    outer loop
      vertex 189.528 0.742183 0
      vertex 189.565 0.757553 0
      vertex 189.547 0.748652 0
    endloop
  endfacet
  facet normal 0 -0 -1
    outer loop
      vertex 190.979 137.357 0
      vertex 191.237 136.976 0
      vertex 186.149 133.149 0
    endloop
  endfacet
  facet normal -0 0 -1
    outer loop
      vertex 189.565 0.757553 0
      vertex 189.528 0.742183 0
      vertex 186.149 6.05147 0
    endloop
  endfacet
  facet normal 0 0 -1
    outer loop
      vertex 191.237 136.976 0
      vertex 190.979 137.357 0
      vertex 190.992 137.342 0
    endloop
  endfacet
  facet normal 0 0 -1
    outer loop
      vertex 186.149 6.05147 0
      vertex 189.528 0.742183 0
      vertex 189.111 0.600687 0
    endloop
  endfacet
  facet normal -0 0 -1
    outer loop
      vertex 190.979 137.357 0
      vertex 186.149 133.149 0
      vertex 190.688 137.688 0
    endloop
  endfacet
  facet normal 0 0 -1
    outer loop
      vertex 186.149 6.05147 0
      vertex 189.111 0.600687 0
      vertex 188.679 0.514798 0
    endloop
  endfacet
  facet normal -0 0 -1
    outer loop
      vertex 190.688 137.688 0
      vertex 186.149 133.149 0
      vertex 190.357 137.979 0
    endloop
  endfacet
  facet normal 0 0 -1
    outer loop
      vertex 188.639 0.509556 0
      vertex 188.679 0.514798 0
      vertex 188.659 0.510872 0
    endloop
  endfacet
  facet normal 0 -0 -1
    outer loop
      vertex 189.976 138.237 0
      vertex 190.357 137.979 0
      vertex 186.149 133.149 0
    endloop
  endfacet
  facet normal -0 0 -1
    outer loop
      vertex 188.679 0.514798 0
      vertex 188.639 0.509556 0
      vertex 186.149 6.05147 0
    endloop
  endfacet
  facet normal 0 0 -1
    outer loop
      vertex 190.357 137.979 0
      vertex 189.976 138.237 0
      vertex 190.342 137.992 0
    endloop
  endfacet
  facet normal 0 0 -1
    outer loop
      vertex 186.149 6.05147 0
      vertex 188.639 0.509556 0
      vertex 188.2 0.48077 0
    endloop
  endfacet
  facet normal 0 -0 -1
    outer loop
      vertex 189.565 138.442 0
      vertex 189.976 138.237 0
      vertex 186.149 133.149 0
    endloop
  endfacet
  facet normal 0 0 -1
    outer loop
      vertex 189.976 138.237 0
      vertex 189.565 138.442 0
      vertex 189.96 138.248 0
    endloop
  endfacet
  facet normal 0 0 -1
    outer loop
      vertex 191.719 4 0
      vertex 186.49 6.74337 0
      vertex 186.5 6.9 0
    endloop
  endfacet
  facet normal 0 0 -1
    outer loop
      vertex 191.719 4 0
      vertex 186.459 6.58942 0
      vertex 186.49 6.74337 0
    endloop
  endfacet
  facet normal 0 0 -1
    outer loop
      vertex 191.719 4 0
      vertex 186.409 6.44078 0
      vertex 186.459 6.58942 0
    endloop
  endfacet
  facet normal 0 0 -1
    outer loop
      vertex 191.719 4 0
      vertex 186.339 6.3 0
      vertex 186.409 6.44078 0
    endloop
  endfacet
  facet normal 0 0 -1
    outer loop
      vertex 191.719 4 0
      vertex 186.252 6.16949 0
      vertex 186.339 6.3 0
    endloop
  endfacet
  facet normal 0 0 -1
    outer loop
      vertex 191.719 4 0
      vertex 186.149 6.05147 0
      vertex 186.252 6.16949 0
    endloop
  endfacet
  facet normal 0 0 -1
    outer loop
      vertex 188.2 0.48077 0
      vertex 186.031 5.94798 0
      vertex 186.149 6.05147 0
    endloop
  endfacet
  facet normal 0 0 -1
    outer loop
      vertex 188.2 0.48077 0
      vertex 185.9 5.86077 0
      vertex 186.031 5.94798 0
    endloop
  endfacet
  facet normal 0 0 -1
    outer loop
      vertex 188.2 0.48077 0
      vertex 185.759 5.79134 0
      vertex 185.9 5.86077 0
    endloop
  endfacet
  facet normal 0 0 -1
    outer loop
      vertex 188.2 0.48077 0
      vertex 185.611 5.74089 0
      vertex 185.759 5.79134 0
    endloop
  endfacet
  facet normal 0 0 -1
    outer loop
      vertex 188.2 0.48077 0
      vertex 185.457 5.71027 0
      vertex 185.611 5.74089 0
    endloop
  endfacet
  facet normal 0 0 -1
    outer loop
      vertex 188.2 0.48077 0
      vertex 185.3 5.7 0
      vertex 185.457 5.71027 0
    endloop
  endfacet
  facet normal 0 0 -1
    outer loop
      vertex 188.2 0.48077 0
      vertex 185.143 5.71027 0
      vertex 185.3 5.7 0
    endloop
  endfacet
  facet normal 0 0 -1
    outer loop
      vertex 188.2 0.48077 0
      vertex 184.989 5.74089 0
      vertex 185.143 5.71027 0
    endloop
  endfacet
  facet normal 0 0 -1
    outer loop
      vertex 188.2 0.48077 0
      vertex 184.841 5.79134 0
      vertex 184.989 5.74089 0
    endloop
  endfacet
  facet normal 0 0 -1
    outer loop
      vertex 188.2 0.48077 0
      vertex 184.7 5.86077 0
      vertex 184.841 5.79134 0
    endloop
  endfacet
  facet normal 0 0 -1
    outer loop
      vertex 188.2 0.48077 0
      vertex 184.569 5.94798 0
      vertex 184.7 5.86077 0
    endloop
  endfacet
  facet normal 0 0 -1
    outer loop
      vertex 188.2 0.48077 0
      vertex 184.451 6.05147 0
      vertex 184.569 5.94798 0
    endloop
  endfacet
  facet normal 0 0 -1
    outer loop
      vertex 188.2 0.48077 0
      vertex 184.348 6.16949 0
      vertex 184.451 6.05147 0
    endloop
  endfacet
  facet normal -0 0 -1
    outer loop
      vertex 184.141 131.989 0
      vertex 177.6 124.7 0
      vertex 184.11 132.143 0
    endloop
  endfacet
  facet normal 0 0 -1
    outer loop
      vertex 184.11 6.74337 0
      vertex 177.6 26.98 0
      vertex 184.1 6.9 0
    endloop
  endfacet
  facet normal 0 0 -1
    outer loop
      vertex 184.141 6.58942 0
      vertex 177.6 26.98 0
      vertex 184.11 6.74337 0
    endloop
  endfacet
  facet normal 0 0 -1
    outer loop
      vertex 184.141 6.58942 0
      vertex 14.6 26.98 0
      vertex 177.6 26.98 0
    endloop
  endfacet
  facet normal 0 0 -1
    outer loop
      vertex 8.05911 6.58942 0
      vertex 184.141 6.58942 0
      vertex 184.191 6.44078 0
    endloop
  endfacet
  facet normal 0 0 -1
    outer loop
      vertex 8.00865 6.44078 0
      vertex 184.191 6.44078 0
      vertex 184.261 6.3 0
    endloop
  endfacet
  facet normal 0 0 -1
    outer loop
      vertex 7.93923 6.3 0
      vertex 184.261 6.3 0
      vertex 184.348 6.16949 0
    endloop
  endfacet
  facet normal 0 0 -1
    outer loop
      vertex 7.85202 6.16949 0
      vertex 184.348 6.16949 0
      vertex 188.2 0.48077 0
    endloop
  endfacet
  facet normal 0 0 -1
    outer loop
      vertex 8.08973 7.05663 0
      vertex 14.6 26.98 0
      vertex 8.1 6.9 0
    endloop
  endfacet
  facet normal 0 0 -1
    outer loop
      vertex 184.141 6.58942 0
      vertex 8.08973 6.74337 0
      vertex 14.6 26.98 0
    endloop
  endfacet
  facet normal 0 0 -1
    outer loop
      vertex 14.6 26.98 0
      vertex 8.08973 6.74337 0
      vertex 8.1 6.9 0
    endloop
  endfacet
  facet normal 0 0 -1
    outer loop
      vertex 184.141 6.58942 0
      vertex 8.05911 6.58942 0
      vertex 8.08973 6.74337 0
    endloop
  endfacet
  facet normal 0 0 -1
    outer loop
      vertex 184.191 6.44078 0
      vertex 8.00865 6.44078 0
      vertex 8.05911 6.58942 0
    endloop
  endfacet
  facet normal 0 0 -1
    outer loop
      vertex 184.261 6.3 0
      vertex 7.93923 6.3 0
      vertex 8.00865 6.44078 0
    endloop
  endfacet
  facet normal 0 0 -1
    outer loop
      vertex 184.348 6.16949 0
      vertex 7.85202 6.16949 0
      vertex 7.93923 6.3 0
    endloop
  endfacet
  facet normal 0 0 -1
    outer loop
      vertex 4 0.48077 0
      vertex 7.85202 6.16949 0
      vertex 188.2 0.48077 0
    endloop
  endfacet
  facet normal 0 0 -1
    outer loop
      vertex 7.85202 6.16949 0
      vertex 4 0.48077 0
      vertex 7.74853 6.05147 0
    endloop
  endfacet
  facet normal 0 0 -1
    outer loop
      vertex 7.74853 6.05147 0
      vertex 4 0.48077 0
      vertex 7.63051 5.94798 0
    endloop
  endfacet
  facet normal 0 0 -1
    outer loop
      vertex 7.63051 5.94798 0
      vertex 4 0.48077 0
      vertex 7.5 5.86077 0
    endloop
  endfacet
  facet normal 0 0 -1
    outer loop
      vertex 7.5 5.86077 0
      vertex 4 0.48077 0
      vertex 7.35922 5.79134 0
    endloop
  endfacet
  facet normal 0 0 -1
    outer loop
      vertex 7.35922 5.79134 0
      vertex 4 0.48077 0
      vertex 7.21058 5.74089 0
    endloop
  endfacet
  facet normal 0 0 -1
    outer loop
      vertex 7.21058 5.74089 0
      vertex 4 0.48077 0
      vertex 7.05663 5.71027 0
    endloop
  endfacet
  facet normal 0 0 -1
    outer loop
      vertex 1.8425 1.22128 0
      vertex 6.05147 6.05147 0
      vertex 2.22365 0.963444 0
    endloop
  endfacet
  facet normal 0 0 -1
    outer loop
      vertex 2.22365 0.963444 0
      vertex 6.05147 6.05147 0
      vertex 2.63521 0.757553 0
    endloop
  endfacet
  facet normal 0 0 -1
    outer loop
      vertex 2.63521 0.757553 0
      vertex 6.05147 6.05147 0
      vertex 2.67231 0.742183 0
    endloop
  endfacet
  facet normal 0 0 -1
    outer loop
      vertex 2.67231 0.742183 0
      vertex 6.05147 6.05147 0
      vertex 3.08915 0.600687 0
    endloop
  endfacet
  facet normal 0 0 -1
    outer loop
      vertex 3.08915 0.600687 0
      vertex 6.05147 6.05147 0
      vertex 3.52091 0.514798 0
    endloop
  endfacet
  facet normal 0 0 -1
    outer loop
      vertex 3.52091 0.514798 0
      vertex 6.05147 6.05147 0
      vertex 3.56072 0.509556 0
    endloop
  endfacet
  facet normal 0 0 -1
    outer loop
      vertex 3.56072 0.509556 0
      vertex 6.05147 6.05147 0
      vertex 4 0.48077 0
    endloop
  endfacet
  facet normal -0 0 -1
    outer loop
      vertex 6.16949 5.94798 0
      vertex 4 0.48077 0
      vertex 6.05147 6.05147 0
    endloop
  endfacet
  facet normal -0 0 -1
    outer loop
      vertex 6.3 5.86077 0
      vertex 4 0.48077 0
      vertex 6.16949 5.94798 0
    endloop
  endfacet
  facet normal -0 0 -1
    outer loop
      vertex 6.44078 5.79134 0
      vertex 4 0.48077 0
      vertex 6.3 5.86077 0
    endloop
  endfacet
  facet normal -0 0 -1
    outer loop
      vertex 6.58942 5.74089 0
      vertex 4 0.48077 0
      vertex 6.44078 5.79134 0
    endloop
  endfacet
  facet normal -0 0 -1
    outer loop
      vertex 6.74337 5.71027 0
      vertex 4 0.48077 0
      vertex 6.58942 5.74089 0
    endloop
  endfacet
  facet normal -0 0 -1
    outer loop
      vertex 6.9 5.7 0
      vertex 4 0.48077 0
      vertex 6.74337 5.71027 0
    endloop
  endfacet
  facet normal 0 0 -1
    outer loop
      vertex 7.05663 5.71027 0
      vertex 4 0.48077 0
      vertex 6.9 5.7 0
    endloop
  endfacet
  facet normal 0 -0 -1
    outer loop
      vertex 189.528 138.458 0
      vertex 189.565 138.442 0
      vertex 186.149 133.149 0
    endloop
  endfacet
  facet normal 0 0 -1
    outer loop
      vertex 189.565 138.442 0
      vertex 189.528 138.458 0
      vertex 189.547 138.451 0
    endloop
  endfacet
  facet normal -0 0 -1
    outer loop
      vertex 189.528 138.458 0
      vertex 186.149 133.149 0
      vertex 189.111 138.599 0
    endloop
  endfacet
  facet normal -0 0 -1
    outer loop
      vertex 189.111 138.599 0
      vertex 186.149 133.149 0
      vertex 188.679 138.685 0
    endloop
  endfacet
  facet normal 0 -0 -1
    outer loop
      vertex 188.639 138.69 0
      vertex 188.679 138.685 0
      vertex 186.149 133.149 0
    endloop
  endfacet
  facet normal 0 0 -1
    outer loop
      vertex 188.679 138.685 0
      vertex 188.639 138.69 0
      vertex 188.659 138.689 0
    endloop
  endfacet
  facet normal -0 0 -1
    outer loop
      vertex 188.639 138.69 0
      vertex 186.149 133.149 0
      vertex 188.2 138.719 0
    endloop
  endfacet
  facet normal 0 0 -1
    outer loop
      vertex 186.031 133.252 0
      vertex 188.2 138.719 0
      vertex 186.149 133.149 0
    endloop
  endfacet
  facet normal 0 0 -1
    outer loop
      vertex 185.9 133.339 0
      vertex 188.2 138.719 0
      vertex 186.031 133.252 0
    endloop
  endfacet
  facet normal 0 0 -1
    outer loop
      vertex 185.759 133.409 0
      vertex 188.2 138.719 0
      vertex 185.9 133.339 0
    endloop
  endfacet
  facet normal 0 0 -1
    outer loop
      vertex 185.611 133.459 0
      vertex 188.2 138.719 0
      vertex 185.759 133.409 0
    endloop
  endfacet
  facet normal 0 0 -1
    outer loop
      vertex 185.457 133.49 0
      vertex 188.2 138.719 0
      vertex 185.611 133.459 0
    endloop
  endfacet
  facet normal 0 0 -1
    outer loop
      vertex 185.3 133.5 0
      vertex 188.2 138.719 0
      vertex 185.457 133.49 0
    endloop
  endfacet
  facet normal 0 0 -1
    outer loop
      vertex 185.143 133.49 0
      vertex 188.2 138.719 0
      vertex 185.3 133.5 0
    endloop
  endfacet
  facet normal 0 0 -1
    outer loop
      vertex 184.989 133.459 0
      vertex 188.2 138.719 0
      vertex 185.143 133.49 0
    endloop
  endfacet
  facet normal 0 0 -1
    outer loop
      vertex 184.841 133.409 0
      vertex 188.2 138.719 0
      vertex 184.989 133.459 0
    endloop
  endfacet
  facet normal 0 0 -1
    outer loop
      vertex 184.7 133.339 0
      vertex 188.2 138.719 0
      vertex 184.841 133.409 0
    endloop
  endfacet
  facet normal 0 0 -1
    outer loop
      vertex 184.569 133.252 0
      vertex 188.2 138.719 0
      vertex 184.7 133.339 0
    endloop
  endfacet
  facet normal 0 0 -1
    outer loop
      vertex 184.451 133.149 0
      vertex 188.2 138.719 0
      vertex 184.569 133.252 0
    endloop
  endfacet
  facet normal 0 0 -1
    outer loop
      vertex 184.348 133.031 0
      vertex 188.2 138.719 0
      vertex 184.451 133.149 0
    endloop
  endfacet
  facet normal -0 0 -1
    outer loop
      vertex 184.11 132.143 0
      vertex 177.6 124.7 0
      vertex 184.1 132.3 0
    endloop
  endfacet
  facet normal 0 0 -1
    outer loop
      vertex 177.6 124.7 0
      vertex 184.11 132.457 0
      vertex 184.1 132.3 0
    endloop
  endfacet
  facet normal 0 0 -1
    outer loop
      vertex 177.6 124.7 0
      vertex 184.141 132.611 0
      vertex 184.11 132.457 0
    endloop
  endfacet
  facet normal 0 0 -1
    outer loop
      vertex 177.6 124.7 0
      vertex 184.191 132.759 0
      vertex 184.141 132.611 0
    endloop
  endfacet
  facet normal 0 0 -1
    outer loop
      vertex 177.6 124.7 0
      vertex 184.261 132.9 0
      vertex 184.191 132.759 0
    endloop
  endfacet
  facet normal 0 0 -1
    outer loop
      vertex 177.6 124.7 0
      vertex 184.348 133.031 0
      vertex 184.261 132.9 0
    endloop
  endfacet
  facet normal 0 0 -1
    outer loop
      vertex 177.6 124.7 0
      vertex 188.2 138.719 0
      vertex 184.348 133.031 0
    endloop
  endfacet
  facet normal 0 0 -1
    outer loop
      vertex 14.6 124.7 0
      vertex 188.2 138.719 0
      vertex 177.6 124.7 0
    endloop
  endfacet
  facet normal 0 0 -1
    outer loop
      vertex 14.6 26.98 0
      vertex 8.1 132.3 0
      vertex 14.6 124.7 0
    endloop
  endfacet
  facet normal 0 0 -1
    outer loop
      vertex 8.08973 132.457 0
      vertex 14.6 124.7 0
      vertex 8.1 132.3 0
    endloop
  endfacet
  facet normal 0 0 -1
    outer loop
      vertex 8.05911 132.611 0
      vertex 14.6 124.7 0
      vertex 8.08973 132.457 0
    endloop
  endfacet
  facet normal 0 0 -1
    outer loop
      vertex 8.00865 132.759 0
      vertex 14.6 124.7 0
      vertex 8.05911 132.611 0
    endloop
  endfacet
  facet normal 0 0 -1
    outer loop
      vertex 7.93923 132.9 0
      vertex 14.6 124.7 0
      vertex 8.00865 132.759 0
    endloop
  endfacet
  facet normal 0 0 -1
    outer loop
      vertex 7.85202 133.031 0
      vertex 14.6 124.7 0
      vertex 7.93923 132.9 0
    endloop
  endfacet
  facet normal 0 0 -1
    outer loop
      vertex 14.6 124.7 0
      vertex 7.85202 133.031 0
      vertex 188.2 138.719 0
    endloop
  endfacet
  facet normal 0 0 -1
    outer loop
      vertex 4 138.719 0
      vertex 7.85202 133.031 0
      vertex 7.74853 133.149 0
    endloop
  endfacet
  facet normal 0 0 -1
    outer loop
      vertex 4 138.719 0
      vertex 7.74853 133.149 0
      vertex 7.63051 133.252 0
    endloop
  endfacet
  facet normal 0 0 -1
    outer loop
      vertex 4 138.719 0
      vertex 7.63051 133.252 0
      vertex 7.5 133.339 0
    endloop
  endfacet
  facet normal 0 0 -1
    outer loop
      vertex 4 138.719 0
      vertex 7.5 133.339 0
      vertex 7.35922 133.409 0
    endloop
  endfacet
  facet normal 0 0 -1
    outer loop
      vertex 4 138.719 0
      vertex 7.35922 133.409 0
      vertex 7.21058 133.459 0
    endloop
  endfacet
  facet normal 0 0 -1
    outer loop
      vertex 4 138.719 0
      vertex 7.21058 133.459 0
      vertex 7.05663 133.49 0
    endloop
  endfacet
  facet normal 0 0 -1
    outer loop
      vertex 4 138.719 0
      vertex 7.05663 133.49 0
      vertex 6.9 133.5 0
    endloop
  endfacet
  facet normal 0 0 -1
    outer loop
      vertex 7.85202 133.031 0
      vertex 4 138.719 0
      vertex 188.2 138.719 0
    endloop
  endfacet
  facet normal 0 0 -1
    outer loop
      vertex 6.74337 133.49 0
      vertex 4 138.719 0
      vertex 6.9 133.5 0
    endloop
  endfacet
  facet normal 0 0 -1
    outer loop
      vertex 6.58942 133.459 0
      vertex 4 138.719 0
      vertex 6.74337 133.49 0
    endloop
  endfacet
  facet normal 0 0 -1
    outer loop
      vertex 6.44078 133.409 0
      vertex 4 138.719 0
      vertex 6.58942 133.459 0
    endloop
  endfacet
  facet normal 0 0 -1
    outer loop
      vertex 6.3 133.339 0
      vertex 4 138.719 0
      vertex 6.44078 133.409 0
    endloop
  endfacet
  facet normal 0 0 -1
    outer loop
      vertex 6.16949 133.252 0
      vertex 4 138.719 0
      vertex 6.3 133.339 0
    endloop
  endfacet
  facet normal 0 0 -1
    outer loop
      vertex 6.05147 133.149 0
      vertex 4 138.719 0
      vertex 6.16949 133.252 0
    endloop
  endfacet
  facet normal 0 0 -1
    outer loop
      vertex 0.48077 135.2 0
      vertex 6.05147 133.149 0
      vertex 5.94798 133.031 0
    endloop
  endfacet
  facet normal 0 0 -1
    outer loop
      vertex 0.48077 135.2 0
      vertex 5.94798 133.031 0
      vertex 5.86077 132.9 0
    endloop
  endfacet
  facet normal 0 0 -1
    outer loop
      vertex 0.48077 135.2 0
      vertex 5.86077 132.9 0
      vertex 5.79134 132.759 0
    endloop
  endfacet
  facet normal 0 0 -1
    outer loop
      vertex 0.48077 135.2 0
      vertex 5.79134 132.759 0
      vertex 5.74089 132.611 0
    endloop
  endfacet
  facet normal 0 0 -1
    outer loop
      vertex 0.48077 135.2 0
      vertex 5.74089 132.611 0
      vertex 5.71027 132.457 0
    endloop
  endfacet
  facet normal 0 0 -1
    outer loop
      vertex 0.48077 135.2 0
      vertex 5.71027 132.457 0
      vertex 5.7 132.3 0
    endloop
  endfacet
  facet normal 0 0 -1
    outer loop
      vertex 5.74089 131.989 0
      vertex 0.48077 135.2 0
      vertex 5.71027 132.143 0
    endloop
  endfacet
  facet normal 0 0 -1
    outer loop
      vertex 1.51153 1.51153 0
      vertex 6.05147 6.05147 0
      vertex 1.8425 1.22128 0
    endloop
  endfacet
  facet normal 0 0 -1
    outer loop
      vertex 5.71027 132.143 0
      vertex 0.48077 135.2 0
      vertex 5.7 132.3 0
    endloop
  endfacet
  facet normal 0 0 -1
    outer loop
      vertex 3.52091 0.514798 0
      vertex 3.56072 0.509556 0
      vertex 3.54064 0.510872 0
    endloop
  endfacet
  facet normal 0 0 -1
    outer loop
      vertex 6.05147 133.149 0
      vertex 0.48077 135.2 0
      vertex 0.509556 135.639 0
    endloop
  endfacet
  facet normal 0 0 -1
    outer loop
      vertex 1.22128 1.8425 0
      vertex 6.05147 6.05147 0
      vertex 1.51153 1.51153 0
    endloop
  endfacet
  facet normal 0 0 -1
    outer loop
      vertex 6.05147 133.149 0
      vertex 3.56072 138.69 0
      vertex 4 138.719 0
    endloop
  endfacet
  facet normal 0 0 -1
    outer loop
      vertex 0.963444 2.22365 0
      vertex 6.05147 6.05147 0
      vertex 1.22128 1.8425 0
    endloop
  endfacet
  facet normal 0 0 -1
    outer loop
      vertex 6.05147 133.149 0
      vertex 3.52091 138.685 0
      vertex 3.56072 138.69 0
    endloop
  endfacet
  facet normal 0 0 -1
    outer loop
      vertex 0.757553 2.63521 0
      vertex 6.05147 6.05147 0
      vertex 0.963444 2.22365 0
    endloop
  endfacet
  facet normal 0 0 -1
    outer loop
      vertex 3.56072 138.69 0
      vertex 3.52091 138.685 0
      vertex 3.54064 138.689 0
    endloop
  endfacet
  facet normal 0 0 -1
    outer loop
      vertex 2.63521 0.757553 0
      vertex 2.67231 0.742183 0
      vertex 2.65325 0.748652 0
    endloop
  endfacet
  facet normal 0 0 -1
    outer loop
      vertex 6.05147 133.149 0
      vertex 3.08915 138.599 0
      vertex 3.52091 138.685 0
    endloop
  endfacet
  facet normal 0 0 -1
    outer loop
      vertex 0.742183 2.67231 0
      vertex 6.05147 6.05147 0
      vertex 0.757553 2.63521 0
    endloop
  endfacet
  facet normal 0 0 -1
    outer loop
      vertex 6.05147 133.149 0
      vertex 2.67231 138.458 0
      vertex 3.08915 138.599 0
    endloop
  endfacet
  facet normal 0 0 -1
    outer loop
      vertex 2.22365 0.963444 0
      vertex 2.63521 0.757553 0
      vertex 2.24038 0.952264 0
    endloop
  endfacet
  facet normal 0 0 -1
    outer loop
      vertex 6.05147 133.149 0
      vertex 2.63521 138.442 0
      vertex 2.67231 138.458 0
    endloop
  endfacet
  facet normal 0 0 -1
    outer loop
      vertex 0.600687 3.08915 0
      vertex 6.05147 6.05147 0
      vertex 0.742183 2.67231 0
    endloop
  endfacet
  facet normal 0 0 -1
    outer loop
      vertex 2.67231 138.458 0
      vertex 2.63521 138.442 0
      vertex 2.65325 138.451 0
    endloop
  endfacet
  facet normal 0 0 -1
    outer loop
      vertex 1.8425 1.22128 0
      vertex 2.22365 0.963444 0
      vertex 1.85763 1.20801 0
    endloop
  endfacet
  facet normal 0 0 -1
    outer loop
      vertex 6.05147 133.149 0
      vertex 2.22365 138.237 0
      vertex 2.63521 138.442 0
    endloop
  endfacet
  facet normal -0 0 -1
    outer loop
      vertex 5.71027 6.74337 0
      vertex 0.48077 4 0
      vertex 5.7 6.9 0
    endloop
  endfacet
  facet normal 0 0 -1
    outer loop
      vertex 2.63521 138.442 0
      vertex 2.22365 138.237 0
      vertex 2.24038 138.248 0
    endloop
  endfacet
  facet normal 0 0 -1
    outer loop
      vertex 0.514798 3.52091 0
      vertex 6.05147 6.05147 0
      vertex 0.600687 3.08915 0
    endloop
  endfacet
  facet normal 0 0 -1
    outer loop
      vertex 6.05147 133.149 0
      vertex 1.8425 137.979 0
      vertex 2.22365 138.237 0
    endloop
  endfacet
  facet normal 0 0 -1
    outer loop
      vertex 0.509556 3.56072 0
      vertex 6.05147 6.05147 0
      vertex 0.514798 3.52091 0
    endloop
  endfacet
  facet normal 0 0 -1
    outer loop
      vertex 2.22365 138.237 0
      vertex 1.8425 137.979 0
      vertex 1.85763 137.992 0
    endloop
  endfacet
  facet normal 0 0 -1
    outer loop
      vertex 0.963444 2.22365 0
      vertex 1.22128 1.8425 0
      vertex 1.20801 1.85763 0
    endloop
  endfacet
  facet normal 0 0 -1
    outer loop
      vertex 6.05147 133.149 0
      vertex 1.51153 137.688 0
      vertex 1.8425 137.979 0
    endloop
  endfacet
  facet normal 0 0 -1
    outer loop
      vertex 0.48077 4 0
      vertex 6.05147 6.05147 0
      vertex 0.509556 3.56072 0
    endloop
  endfacet
  facet normal 0 0 -1
    outer loop
      vertex 6.05147 133.149 0
      vertex 1.22128 137.357 0
      vertex 1.51153 137.688 0
    endloop
  endfacet
  facet normal 0 0 -1
    outer loop
      vertex 0.757553 2.63521 0
      vertex 0.963444 2.22365 0
      vertex 0.952264 2.24038 0
    endloop
  endfacet
  facet normal 0 0 -1
    outer loop
      vertex 6.05147 133.149 0
      vertex 0.963444 136.976 0
      vertex 1.22128 137.357 0
    endloop
  endfacet
  facet normal -0 0 -1
    outer loop
      vertex 5.94798 6.16949 0
      vertex 0.48077 4 0
      vertex 5.86077 6.3 0
    endloop
  endfacet
  facet normal 0 0 -1
    outer loop
      vertex 1.22128 137.357 0
      vertex 0.963444 136.976 0
      vertex 1.20801 137.342 0
    endloop
  endfacet
  facet normal 0 0 -1
    outer loop
      vertex 0.742183 2.67231 0
      vertex 0.757553 2.63521 0
      vertex 0.748652 2.65325 0
    endloop
  endfacet
  facet normal 0 0 -1
    outer loop
      vertex 6.05147 133.149 0
      vertex 0.757553 136.565 0
      vertex 0.963444 136.976 0
    endloop
  endfacet
  facet normal -0 0 -1
    outer loop
      vertex 5.74089 6.58942 0
      vertex 0.48077 4 0
      vertex 5.71027 6.74337 0
    endloop
  endfacet
  facet normal 0 0 -1
    outer loop
      vertex 0.963444 136.976 0
      vertex 0.757553 136.565 0
      vertex 0.952264 136.96 0
    endloop
  endfacet
  facet normal -0 0 -1
    outer loop
      vertex 5.86077 6.3 0
      vertex 0.48077 4 0
      vertex 5.79134 6.44078 0
    endloop
  endfacet
  facet normal 0 0 -1
    outer loop
      vertex 6.05147 133.149 0
      vertex 0.742183 136.528 0
      vertex 0.757553 136.565 0
    endloop
  endfacet
  facet normal -0 0 -1
    outer loop
      vertex 5.79134 6.44078 0
      vertex 0.48077 4 0
      vertex 5.74089 6.58942 0
    endloop
  endfacet
  facet normal 0 0 -1
    outer loop
      vertex 0.757553 136.565 0
      vertex 0.742183 136.528 0
      vertex 0.748652 136.547 0
    endloop
  endfacet
  facet normal 0 0 -1
    outer loop
      vertex 0.509556 3.56072 0
      vertex 0.514798 3.52091 0
      vertex 0.510872 3.54064 0
    endloop
  endfacet
  facet normal -0 0 -1
    outer loop
      vertex 6.05147 6.05147 0
      vertex 0.48077 4 0
      vertex 5.94798 6.16949 0
    endloop
  endfacet
  facet normal 0 0 -1
    outer loop
      vertex 6.05147 133.149 0
      vertex 0.600687 136.111 0
      vertex 0.742183 136.528 0
    endloop
  endfacet
  facet normal 0 0 -1
    outer loop
      vertex 0.514798 135.679 0
      vertex 0.509556 135.639 0
      vertex 0.510872 135.659 0
    endloop
  endfacet
  facet normal 0 0 -1
    outer loop
      vertex 6.05147 133.149 0
      vertex 0.514798 135.679 0
      vertex 0.600687 136.111 0
    endloop
  endfacet
  facet normal 0 0 -1
    outer loop
      vertex 6.05147 133.149 0
      vertex 0.509556 135.639 0
      vertex 0.514798 135.679 0
    endloop
  endfacet
  facet normal 0.997886 -0.0649827 0
    outer loop
      vertex 192.166 3.47789 2.55
      vertex 192.2 4 0.5
      vertex 192.2 4 2.55
    endloop
  endfacet
  facet normal 0.997886 -0.0649827 0
    outer loop
      vertex 192.2 4 0.5
      vertex 192.166 3.47789 2.55
      vertex 192.166 3.47789 0.5
    endloop
  endfacet
  facet normal 0.442488 -0.896774 0
    outer loop
      vertex 189.731 0.304489 0.5
      vertex 190.2 0.535904 2.55
      vertex 189.731 0.304489 2.55
    endloop
  endfacet
  facet normal 0.442488 -0.896774 0
    outer loop
      vertex 190.2 0.535904 2.55
      vertex 189.731 0.304489 0.5
      vertex 190.2 0.535904 0.5
    endloop
  endfacet
  facet normal -1 0 0
    outer loop
      vertex 177.3 27.28 0.32
      vertex 177.3 124.4 1.2
      vertex 177.3 124.4 0.32
    endloop
  endfacet
  facet normal -1 -0 0
    outer loop
      vertex 177.3 124.4 1.2
      vertex 177.3 27.28 0.32
      vertex 177.3 27.28 1.2
    endloop
  endfacet
  facet normal 1 -0 0
    outer loop
      vertex 14.9 27.28 1.2
      vertex 14.9 124.4 0.32
      vertex 14.9 124.4 1.2
    endloop
  endfacet
  facet normal 1 0 0
    outer loop
      vertex 14.9 124.4 0.32
      vertex 14.9 27.28 1.2
      vertex 14.9 27.28 0.32
    endloop
  endfacet
  facet normal 0 -1 0
    outer loop
      vertex 14.9 124.4 0.32
      vertex 177.3 124.4 1.2
      vertex 14.9 124.4 1.2
    endloop
  endfacet
  facet normal 0 -1 -0
    outer loop
      vertex 177.3 124.4 1.2
      vertex 14.9 124.4 0.32
      vertex 177.3 124.4 0.32
    endloop
  endfacet
  facet normal 0 1 -0
    outer loop
      vertex 177.3 27.28 0.32
      vertex 14.9 27.28 1.2
      vertex 177.3 27.28 1.2
    endloop
  endfacet
  facet normal 0 1 0
    outer loop
      vertex 14.9 27.28 1.2
      vertex 177.3 27.28 0.32
      vertex 14.9 27.28 0.32
    endloop
  endfacet
  facet normal 0.729537 0 -0.683941
    outer loop
      vertex 14.9 27.28 0.32
      vertex 14.6 124.7 0
      vertex 14.9 124.4 0.32
    endloop
  endfacet
  facet normal 0.729537 0 -0.683941
    outer loop
      vertex 14.6 124.7 0
      vertex 14.9 27.28 0.32
      vertex 14.6 26.98 0
    endloop
  endfacet
  facet normal 0 0.729537 -0.683941
    outer loop
      vertex 177.6 26.98 0
      vertex 14.9 27.28 0.32
      vertex 177.3 27.28 0.32
    endloop
  endfacet
  facet normal 0 0.729537 -0.683941
    outer loop
      vertex 14.9 27.28 0.32
      vertex 177.6 26.98 0
      vertex 14.6 26.98 0
    endloop
  endfacet
  facet normal 0 -0.729537 -0.683941
    outer loop
      vertex 14.6 124.7 0
      vertex 177.3 124.4 0.32
      vertex 14.9 124.4 0.32
    endloop
  endfacet
  facet normal 0 -0.729537 -0.683941
    outer loop
      vertex 177.3 124.4 0.32
      vertex 14.6 124.7 0
      vertex 177.6 124.7 0
    endloop
  endfacet
  facet normal -0.729537 0 -0.683941
    outer loop
      vertex 177.6 124.7 0
      vertex 177.3 27.28 0.32
      vertex 177.3 124.4 0.32
    endloop
  endfacet
  facet normal -0.729537 0 -0.683941
    outer loop
      vertex 177.3 27.28 0.32
      vertex 177.6 124.7 0
      vertex 177.6 26.98 0
    endloop
  endfacet
  facet normal -1 0 0
    outer loop
      vertex 181.5 128.5 1.2
      vertex 181.5 108.2 1.35
      vertex 181.5 128.5 2.55
    endloop
  endfacet
  facet normal -1 0 0
    outer loop
      vertex 181.5 128.5 1.2
      vertex 181.5 96.2 1.35
      vertex 181.5 108.2 1.35
    endloop
  endfacet
  facet normal -1 0 0
    outer loop
      vertex 181.5 96.2 1.35
      vertex 181.5 49 1.35
      vertex 181.5 96.2 2.37
    endloop
  endfacet
  facet normal -1 0 0
    outer loop
      vertex 181.5 128.5 1.2
      vertex 181.5 49 1.35
      vertex 181.5 96.2 1.35
    endloop
  endfacet
  facet normal -1 0 0
    outer loop
      vertex 181.5 128.5 1.2
      vertex 181.5 37 1.35
      vertex 181.5 49 1.35
    endloop
  endfacet
  facet normal -1 -0 0
    outer loop
      vertex 181.5 37 1.35
      vertex 181.5 16.7 1.2
      vertex 181.5 37 2.37
    endloop
  endfacet
  facet normal -1 0 0
    outer loop
      vertex 181.5 16.7 1.2
      vertex 181.5 37 1.35
      vertex 181.5 128.5 1.2
    endloop
  endfacet
  facet normal -1 0 0
    outer loop
      vertex 181.5 108.2 2.37
      vertex 181.5 128.5 2.55
      vertex 181.5 108.2 1.35
    endloop
  endfacet
  facet normal -1 0 0
    outer loop
      vertex 181.5 96.2 2.37
      vertex 181.5 128.5 2.55
      vertex 181.5 108.2 2.37
    endloop
  endfacet
  facet normal -1 0 0
    outer loop
      vertex 181.5 49 2.37
      vertex 181.5 96.2 2.37
      vertex 181.5 49 1.35
    endloop
  endfacet
  facet normal -1 0 0
    outer loop
      vertex 181.5 49 2.37
      vertex 181.5 128.5 2.55
      vertex 181.5 96.2 2.37
    endloop
  endfacet
  facet normal -1 0 0
    outer loop
      vertex 181.5 37 2.37
      vertex 181.5 128.5 2.55
      vertex 181.5 49 2.37
    endloop
  endfacet
  facet normal -1 0 0
    outer loop
      vertex 181.5 37 2.37
      vertex 181.5 16.7 2.55
      vertex 181.5 128.5 2.55
    endloop
  endfacet
  facet normal -1 0 0
    outer loop
      vertex 181.5 16.7 2.55
      vertex 181.5 37 2.37
      vertex 181.5 16.7 1.2
    endloop
  endfacet
  facet normal 0 0 1
    outer loop
      vertex 177.3 27.28 1.2
      vertex 181.5 128.5 1.2
      vertex 177.3 124.4 1.2
    endloop
  endfacet
  facet normal 0 0 1
    outer loop
      vertex 181.5 128.5 1.2
      vertex 14.9 124.4 1.2
      vertex 177.3 124.4 1.2
    endloop
  endfacet
  facet normal 0 0 1
    outer loop
      vertex 14.9 124.4 1.2
      vertex 10.7 128.5 1.2
      vertex 14.9 27.28 1.2
    endloop
  endfacet
  facet normal -0 0 1
    outer loop
      vertex 10.7 128.5 1.2
      vertex 14.9 124.4 1.2
      vertex 181.5 128.5 1.2
    endloop
  endfacet
  facet normal 0 0 1
    outer loop
      vertex 181.5 128.5 1.2
      vertex 177.3 27.28 1.2
      vertex 181.5 16.7 1.2
    endloop
  endfacet
  facet normal 0 0 1
    outer loop
      vertex 177.3 27.28 1.2
      vertex 108.1 16.7 1.2
      vertex 181.5 16.7 1.2
    endloop
  endfacet
  facet normal 0 0 1
    outer loop
      vertex 108.1 16.7 1.2
      vertex 84.1 16.7 1.2
      vertex 108.1 2.4 1.2
    endloop
  endfacet
  facet normal 0 0 1
    outer loop
      vertex 177.3 27.28 1.2
      vertex 84.1 16.7 1.2
      vertex 108.1 16.7 1.2
    endloop
  endfacet
  facet normal -0 0 1
    outer loop
      vertex 14.9 27.28 1.2
      vertex 84.1 16.7 1.2
      vertex 177.3 27.28 1.2
    endloop
  endfacet
  facet normal 0 0 1
    outer loop
      vertex 14.9 27.28 1.2
      vertex 10.7 16.7 1.2
      vertex 84.1 16.7 1.2
    endloop
  endfacet
  facet normal 0 0 1
    outer loop
      vertex 10.7 16.7 1.2
      vertex 14.9 27.28 1.2
      vertex 10.7 128.5 1.2
    endloop
  endfacet
  facet normal 0 0 1
    outer loop
      vertex 108.1 2.4 1.2
      vertex 84.1 16.7 1.2
      vertex 84.1 2.4 1.2
    endloop
  endfacet
  facet normal 1 0 0
    outer loop
      vertex 10.7 128.5 2.55
      vertex 10.7 108.2 2.37
      vertex 10.7 128.5 1.2
    endloop
  endfacet
  facet normal 1 0 0
    outer loop
      vertex 10.7 128.5 2.55
      vertex 10.7 96.2 2.37
      vertex 10.7 108.2 2.37
    endloop
  endfacet
  facet normal 1 0 0
    outer loop
      vertex 10.7 96.2 2.37
      vertex 10.7 49 2.37
      vertex 10.7 96.2 1.35
    endloop
  endfacet
  facet normal 1 0 0
    outer loop
      vertex 10.7 128.5 2.55
      vertex 10.7 49 2.37
      vertex 10.7 96.2 2.37
    endloop
  endfacet
  facet normal 1 0 0
    outer loop
      vertex 10.7 128.5 2.55
      vertex 10.7 37 2.37
      vertex 10.7 49 2.37
    endloop
  endfacet
  facet normal 1 0 0
    outer loop
      vertex 10.7 37 2.37
      vertex 10.7 16.7 2.55
      vertex 10.7 37 1.35
    endloop
  endfacet
  facet normal 1 -0 0
    outer loop
      vertex 10.7 16.7 2.55
      vertex 10.7 37 2.37
      vertex 10.7 128.5 2.55
    endloop
  endfacet
  facet normal 1 -0 0
    outer loop
      vertex 10.7 108.2 1.35
      vertex 10.7 128.5 1.2
      vertex 10.7 108.2 2.37
    endloop
  endfacet
  facet normal 1 -0 0
    outer loop
      vertex 10.7 96.2 1.35
      vertex 10.7 128.5 1.2
      vertex 10.7 108.2 1.35
    endloop
  endfacet
  facet normal 1 0 0
    outer loop
      vertex 10.7 49 1.35
      vertex 10.7 96.2 1.35
      vertex 10.7 49 2.37
    endloop
  endfacet
  facet normal 1 -0 0
    outer loop
      vertex 10.7 49 1.35
      vertex 10.7 128.5 1.2
      vertex 10.7 96.2 1.35
    endloop
  endfacet
  facet normal 1 -0 0
    outer loop
      vertex 10.7 37 1.35
      vertex 10.7 128.5 1.2
      vertex 10.7 49 1.35
    endloop
  endfacet
  facet normal 1 0 0
    outer loop
      vertex 10.7 37 1.35
      vertex 10.7 16.7 1.2
      vertex 10.7 128.5 1.2
    endloop
  endfacet
  facet normal 1 0 0
    outer loop
      vertex 10.7 16.7 1.2
      vertex 10.7 37 1.35
      vertex 10.7 16.7 2.55
    endloop
  endfacet
  facet normal 0 -1 0
    outer loop
      vertex 48 128.5 1.35
      vertex 144.2 128.5 2.37
      vertex 48 128.5 2.37
    endloop
  endfacet
  facet normal 0 -1 -0
    outer loop
      vertex 144.2 128.5 2.37
      vertex 48 128.5 1.35
      vertex 144.2 128.5 1.35
    endloop
  endfacet
  facet normal 0 -1 0
    outer loop
      vertex 10.7 128.5 2.55
      vertex 36 128.5 2.37
      vertex 181.5 128.5 2.55
    endloop
  endfacet
  facet normal 0 -1 0
    outer loop
      vertex 10.7 128.5 2.55
      vertex 36 128.5 1.35
      vertex 36 128.5 2.37
    endloop
  endfacet
  facet normal 0 0 0
    outer loop
      vertex 36 128.5 1.35
      vertex 144.2 128.5 1.35
      vertex 48 128.5 1.35
    endloop
  endfacet
  facet normal 0 0 0
    outer loop
      vertex 36 128.5 1.35
      vertex 156.2 128.5 1.35
      vertex 144.2 128.5 1.35
    endloop
  endfacet
  facet normal 0 -1 -0
    outer loop
      vertex 36 128.5 1.35
      vertex 10.7 128.5 1.2
      vertex 156.2 128.5 1.35
    endloop
  endfacet
  facet normal 0 -1 0
    outer loop
      vertex 10.7 128.5 1.2
      vertex 36 128.5 1.35
      vertex 10.7 128.5 2.55
    endloop
  endfacet
  facet normal 0 -1 0
    outer loop
      vertex 48 128.5 2.37
      vertex 181.5 128.5 2.55
      vertex 36 128.5 2.37
    endloop
  endfacet
  facet normal 0 -1 0
    outer loop
      vertex 144.2 128.5 2.37
      vertex 181.5 128.5 2.55
      vertex 48 128.5 2.37
    endloop
  endfacet
  facet normal 0 -1 0
    outer loop
      vertex 156.2 128.5 2.37
      vertex 181.5 128.5 2.55
      vertex 144.2 128.5 2.37
    endloop
  endfacet
  facet normal 0 -1 0
    outer loop
      vertex 156.2 128.5 1.35
      vertex 181.5 128.5 2.55
      vertex 156.2 128.5 2.37
    endloop
  endfacet
  facet normal 0 -1 0
    outer loop
      vertex 156.2 128.5 1.35
      vertex 181.5 128.5 1.2
      vertex 181.5 128.5 2.55
    endloop
  endfacet
  facet normal 0 -1 0
    outer loop
      vertex 181.5 128.5 1.2
      vertex 156.2 128.5 1.35
      vertex 10.7 128.5 1.2
    endloop
  endfacet
  facet normal 0 1 -0
    outer loop
      vertex 181.5 16.7 1.2
      vertex 108.1 16.7 2.55
      vertex 181.5 16.7 2.55
    endloop
  endfacet
  facet normal 0 1 0
    outer loop
      vertex 108.1 16.7 2.55
      vertex 181.5 16.7 1.2
      vertex 108.1 16.7 1.2
    endloop
  endfacet
  facet normal 0 1 -0
    outer loop
      vertex 84.1 16.7 1.2
      vertex 10.7 16.7 2.55
      vertex 84.1 16.7 2.55
    endloop
  endfacet
  facet normal 0 1 0
    outer loop
      vertex 10.7 16.7 2.55
      vertex 84.1 16.7 1.2
      vertex 10.7 16.7 1.2
    endloop
  endfacet
  facet normal -1 0 0
    outer loop
      vertex 108.1 2.4 1.2
      vertex 108.1 16.7 2.55
      vertex 108.1 16.7 1.2
    endloop
  endfacet
  facet normal -1 -0 0
    outer loop
      vertex 108.1 16.7 2.55
      vertex 108.1 2.4 1.2
      vertex 108.1 2.4 2.55
    endloop
  endfacet
  facet normal 1 -0 0
    outer loop
      vertex 84.1 2.4 2.55
      vertex 84.1 16.7 1.2
      vertex 84.1 16.7 2.55
    endloop
  endfacet
  facet normal 1 0 0
    outer loop
      vertex 84.1 16.7 1.2
      vertex 84.1 2.4 2.55
      vertex 84.1 2.4 1.2
    endloop
  endfacet
  facet normal 0 1 -0
    outer loop
      vertex 108.1 2.4 1.2
      vertex 84.1 2.4 2.55
      vertex 108.1 2.4 2.55
    endloop
  endfacet
  facet normal 0 1 0
    outer loop
      vertex 84.1 2.4 2.55
      vertex 108.1 2.4 1.2
      vertex 84.1 2.4 1.2
    endloop
  endfacet
  facet normal 1 -0 0
    outer loop
      vertex 10.9 37 2.37
      vertex 10.9 49 1.35
      vertex 10.9 49 2.37
    endloop
  endfacet
  facet normal 1 0 0
    outer loop
      vertex 10.9 49 1.35
      vertex 10.9 37 2.37
      vertex 10.9 37 1.35
    endloop
  endfacet
  facet normal -0 0 1
    outer loop
      vertex 10.7 49 2.37
      vertex 10.9 37 2.37
      vertex 10.9 49 2.37
    endloop
  endfacet
  facet normal 0 0 1
    outer loop
      vertex 10.9 37 2.37
      vertex 10.7 49 2.37
      vertex 10.7 37 2.37
    endloop
  endfacet
  facet normal 0 0 -1
    outer loop
      vertex 10.7 37 1.35
      vertex 10.9 49 1.35
      vertex 10.9 37 1.35
    endloop
  endfacet
  facet normal -0 0 -1
    outer loop
      vertex 10.9 49 1.35
      vertex 10.7 37 1.35
      vertex 10.7 49 1.35
    endloop
  endfacet
  facet normal 0 1 -0
    outer loop
      vertex 10.9 49 1.35
      vertex 10.7 49 2.37
      vertex 10.9 49 2.37
    endloop
  endfacet
  facet normal 0 1 0
    outer loop
      vertex 10.7 49 2.37
      vertex 10.9 49 1.35
      vertex 10.7 49 1.35
    endloop
  endfacet
  facet normal 0 -1 0
    outer loop
      vertex 10.7 37 1.35
      vertex 10.9 37 2.37
      vertex 10.7 37 2.37
    endloop
  endfacet
  facet normal 0 -1 -0
    outer loop
      vertex 10.9 37 2.37
      vertex 10.7 37 1.35
      vertex 10.9 37 1.35
    endloop
  endfacet
  facet normal -0 0 1
    outer loop
      vertex 181.3 49 2.37
      vertex 181.5 37 2.37
      vertex 181.5 49 2.37
    endloop
  endfacet
  facet normal 0 0 1
    outer loop
      vertex 181.5 37 2.37
      vertex 181.3 49 2.37
      vertex 181.3 37 2.37
    endloop
  endfacet
  facet normal 0 0 -1
    outer loop
      vertex 181.3 37 1.35
      vertex 181.5 49 1.35
      vertex 181.5 37 1.35
    endloop
  endfacet
  facet normal -0 0 -1
    outer loop
      vertex 181.5 49 1.35
      vertex 181.3 37 1.35
      vertex 181.3 49 1.35
    endloop
  endfacet
  facet normal -1 0 0
    outer loop
      vertex 181.3 37 1.35
      vertex 181.3 49 2.37
      vertex 181.3 49 1.35
    endloop
  endfacet
  facet normal -1 -0 0
    outer loop
      vertex 181.3 49 2.37
      vertex 181.3 37 1.35
      vertex 181.3 37 2.37
    endloop
  endfacet
  facet normal 0 1 -0
    outer loop
      vertex 181.5 49 1.35
      vertex 181.3 49 2.37
      vertex 181.5 49 2.37
    endloop
  endfacet
  facet normal 0 1 0
    outer loop
      vertex 181.3 49 2.37
      vertex 181.5 49 1.35
      vertex 181.3 49 1.35
    endloop
  endfacet
  facet normal 0 -1 0
    outer loop
      vertex 181.3 37 1.35
      vertex 181.5 37 2.37
      vertex 181.3 37 2.37
    endloop
  endfacet
  facet normal 0 -1 -0
    outer loop
      vertex 181.5 37 2.37
      vertex 181.3 37 1.35
      vertex 181.5 37 1.35
    endloop
  endfacet
  facet normal 1 -0 0
    outer loop
      vertex 10.9 96.2 2.37
      vertex 10.9 108.2 1.35
      vertex 10.9 108.2 2.37
    endloop
  endfacet
  facet normal 1 0 0
    outer loop
      vertex 10.9 108.2 1.35
      vertex 10.9 96.2 2.37
      vertex 10.9 96.2 1.35
    endloop
  endfacet
  facet normal -0 0 1
    outer loop
      vertex 10.7 108.2 2.37
      vertex 10.9 96.2 2.37
      vertex 10.9 108.2 2.37
    endloop
  endfacet
  facet normal 0 0 1
    outer loop
      vertex 10.9 96.2 2.37
      vertex 10.7 108.2 2.37
      vertex 10.7 96.2 2.37
    endloop
  endfacet
  facet normal 0 0 -1
    outer loop
      vertex 10.7 96.2 1.35
      vertex 10.9 108.2 1.35
      vertex 10.9 96.2 1.35
    endloop
  endfacet
  facet normal -0 0 -1
    outer loop
      vertex 10.9 108.2 1.35
      vertex 10.7 96.2 1.35
      vertex 10.7 108.2 1.35
    endloop
  endfacet
  facet normal 0 1 -0
    outer loop
      vertex 10.9 108.2 1.35
      vertex 10.7 108.2 2.37
      vertex 10.9 108.2 2.37
    endloop
  endfacet
  facet normal 0 1 0
    outer loop
      vertex 10.7 108.2 2.37
      vertex 10.9 108.2 1.35
      vertex 10.7 108.2 1.35
    endloop
  endfacet
  facet normal 0 -1 0
    outer loop
      vertex 10.7 96.2 1.35
      vertex 10.9 96.2 2.37
      vertex 10.7 96.2 2.37
    endloop
  endfacet
  facet normal 0 -1 -0
    outer loop
      vertex 10.9 96.2 2.37
      vertex 10.7 96.2 1.35
      vertex 10.9 96.2 1.35
    endloop
  endfacet
  facet normal -0 0 1
    outer loop
      vertex 181.3 108.2 2.37
      vertex 181.5 96.2 2.37
      vertex 181.5 108.2 2.37
    endloop
  endfacet
  facet normal 0 0 1
    outer loop
      vertex 181.5 96.2 2.37
      vertex 181.3 108.2 2.37
      vertex 181.3 96.2 2.37
    endloop
  endfacet
  facet normal 0 0 -1
    outer loop
      vertex 181.3 96.2 1.35
      vertex 181.5 108.2 1.35
      vertex 181.5 96.2 1.35
    endloop
  endfacet
  facet normal -0 0 -1
    outer loop
      vertex 181.5 108.2 1.35
      vertex 181.3 96.2 1.35
      vertex 181.3 108.2 1.35
    endloop
  endfacet
  facet normal -1 0 0
    outer loop
      vertex 181.3 96.2 1.35
      vertex 181.3 108.2 2.37
      vertex 181.3 108.2 1.35
    endloop
  endfacet
  facet normal -1 -0 0
    outer loop
      vertex 181.3 108.2 2.37
      vertex 181.3 96.2 1.35
      vertex 181.3 96.2 2.37
    endloop
  endfacet
  facet normal 0 1 -0
    outer loop
      vertex 181.5 108.2 1.35
      vertex 181.3 108.2 2.37
      vertex 181.5 108.2 2.37
    endloop
  endfacet
  facet normal 0 1 0
    outer loop
      vertex 181.3 108.2 2.37
      vertex 181.5 108.2 1.35
      vertex 181.3 108.2 1.35
    endloop
  endfacet
  facet normal 0 -1 0
    outer loop
      vertex 181.3 96.2 1.35
      vertex 181.5 96.2 2.37
      vertex 181.3 96.2 2.37
    endloop
  endfacet
  facet normal 0 -1 -0
    outer loop
      vertex 181.5 96.2 2.37
      vertex 181.3 96.2 1.35
      vertex 181.5 96.2 1.35
    endloop
  endfacet
  facet normal 1 -0 0
    outer loop
      vertex 48 128.3 2.37
      vertex 48 128.5 1.35
      vertex 48 128.5 2.37
    endloop
  endfacet
  facet normal 1 0 0
    outer loop
      vertex 48 128.5 1.35
      vertex 48 128.3 2.37
      vertex 48 128.3 1.35
    endloop
  endfacet
  facet normal -0 0 1
    outer loop
      vertex 36 128.5 2.37
      vertex 48 128.3 2.37
      vertex 48 128.5 2.37
    endloop
  endfacet
  facet normal 0 0 1
    outer loop
      vertex 48 128.3 2.37
      vertex 36 128.5 2.37
      vertex 36 128.3 2.37
    endloop
  endfacet
  facet normal 0 0 -1
    outer loop
      vertex 36 128.3 1.35
      vertex 48 128.5 1.35
      vertex 48 128.3 1.35
    endloop
  endfacet
  facet normal -0 0 -1
    outer loop
      vertex 48 128.5 1.35
      vertex 36 128.3 1.35
      vertex 36 128.5 1.35
    endloop
  endfacet
  facet normal -1 0 0
    outer loop
      vertex 36 128.3 1.35
      vertex 36 128.5 2.37
      vertex 36 128.5 1.35
    endloop
  endfacet
  facet normal -1 -0 0
    outer loop
      vertex 36 128.5 2.37
      vertex 36 128.3 1.35
      vertex 36 128.3 2.37
    endloop
  endfacet
  facet normal 0 -1 0
    outer loop
      vertex 36 128.3 1.35
      vertex 48 128.3 2.37
      vertex 36 128.3 2.37
    endloop
  endfacet
  facet normal 0 -1 -0
    outer loop
      vertex 48 128.3 2.37
      vertex 36 128.3 1.35
      vertex 48 128.3 1.35
    endloop
  endfacet
  facet normal 1 -0 0
    outer loop
      vertex 156.2 128.3 2.37
      vertex 156.2 128.5 1.35
      vertex 156.2 128.5 2.37
    endloop
  endfacet
  facet normal 1 0 0
    outer loop
      vertex 156.2 128.5 1.35
      vertex 156.2 128.3 2.37
      vertex 156.2 128.3 1.35
    endloop
  endfacet
  facet normal -0 0 1
    outer loop
      vertex 144.2 128.5 2.37
      vertex 156.2 128.3 2.37
      vertex 156.2 128.5 2.37
    endloop
  endfacet
  facet normal 0 0 1
    outer loop
      vertex 156.2 128.3 2.37
      vertex 144.2 128.5 2.37
      vertex 144.2 128.3 2.37
    endloop
  endfacet
  facet normal 0 0 -1
    outer loop
      vertex 144.2 128.3 1.35
      vertex 156.2 128.5 1.35
      vertex 156.2 128.3 1.35
    endloop
  endfacet
  facet normal -0 0 -1
    outer loop
      vertex 156.2 128.5 1.35
      vertex 144.2 128.3 1.35
      vertex 144.2 128.5 1.35
    endloop
  endfacet
  facet normal -1 0 0
    outer loop
      vertex 144.2 128.3 1.35
      vertex 144.2 128.5 2.37
      vertex 144.2 128.5 1.35
    endloop
  endfacet
  facet normal -1 -0 0
    outer loop
      vertex 144.2 128.5 2.37
      vertex 144.2 128.3 1.35
      vertex 144.2 128.3 2.37
    endloop
  endfacet
  facet normal 0 -1 0
    outer loop
      vertex 144.2 128.3 1.35
      vertex 156.2 128.3 2.37
      vertex 144.2 128.3 2.37
    endloop
  endfacet
  facet normal 0 -1 -0
    outer loop
      vertex 156.2 128.3 2.37
      vertex 144.2 128.3 1.35
      vertex 156.2 128.3 1.35
    endloop
  endfacet
endsolid OpenSCAD_Model
