solid OpenSCAD_Model
  facet normal 0.321144 -0.94703 0
    outer loop
      vertex 172.835 0.136292 0
      vertex 173.331 0.304489 1.2
      vertex 172.835 0.136292 1.2
    endloop
  endfacet
  facet normal 0.321144 -0.94703 0
    outer loop
      vertex 173.331 0.304489 1.2
      vertex 172.835 0.136292 0
      vertex 173.331 0.304489 0
    endloop
  endfacet
  facet normal 0.321144 -0.94703 0
    outer loop
      vertex 172.835 0.136292 3.22
      vertex 173.331 0.304489 19.8
      vertex 172.835 0.136292 19.8
    endloop
  endfacet
  facet normal 0.321144 -0.94703 0
    outer loop
      vertex 173.331 0.304489 19.8
      vertex 172.835 0.136292 3.22
      vertex 173.331 0.304489 3.22
    endloop
  endfacet
  facet normal 0 -1 0
    outer loop
      vertex 4 0 1.2
      vertex 76.9 0 1.18
      vertex 76.9 0 1.2
    endloop
  endfacet
  facet normal 0 -1 -0
    outer loop
      vertex 76.9 0 1.18
      vertex 4 0 0
      vertex 98.9 0 1.18
    endloop
  endfacet
  facet normal 0 -1 0
    outer loop
      vertex 4 0 0
      vertex 76.9 0 1.18
      vertex 4 0 1.2
    endloop
  endfacet
  facet normal 0 -1 0
    outer loop
      vertex 98.9 0 1.18
      vertex 171.8 0 1.2
      vertex 98.9 0 1.2
    endloop
  endfacet
  facet normal 0 -1 0
    outer loop
      vertex 171.8 0 0
      vertex 98.9 0 1.18
      vertex 4 0 0
    endloop
  endfacet
  facet normal 0 -1 0
    outer loop
      vertex 98.9 0 1.18
      vertex 171.8 0 0
      vertex 171.8 0 1.2
    endloop
  endfacet
  facet normal 0 -1 0
    outer loop
      vertex 98.9 0 3.22
      vertex 171.8 0 19.8
      vertex 98.9 0 19.8
    endloop
  endfacet
  facet normal 0 -1 -0
    outer loop
      vertex 171.8 0 19.8
      vertex 98.9 0 3.22
      vertex 171.8 0 3.22
    endloop
  endfacet
  facet normal 0 -1 0
    outer loop
      vertex 4 0 3.22
      vertex 76.9 0 19.8
      vertex 4 0 19.8
    endloop
  endfacet
  facet normal 0 -1 -0
    outer loop
      vertex 76.9 0 19.8
      vertex 4 0 3.22
      vertex 76.9 0 3.22
    endloop
  endfacet
  facet normal 0.195135 -0.980776 0
    outer loop
      vertex 172.322 0.0342255 0
      vertex 172.835 0.136292 1.2
      vertex 172.322 0.0342255 1.2
    endloop
  endfacet
  facet normal 0.195135 -0.980776 0
    outer loop
      vertex 172.835 0.136292 1.2
      vertex 172.322 0.0342255 0
      vertex 172.835 0.136292 0
    endloop
  endfacet
  facet normal 0.195135 -0.980776 0
    outer loop
      vertex 172.322 0.0342255 3.22
      vertex 172.835 0.136292 19.8
      vertex 172.322 0.0342255 19.8
    endloop
  endfacet
  facet normal 0.195135 -0.980776 0
    outer loop
      vertex 172.835 0.136292 19.8
      vertex 172.322 0.0342255 3.22
      vertex 172.835 0.136292 3.22
    endloop
  endfacet
  facet normal -0.896875 -0.442284 0
    outer loop
      vertex 0.535904 2 0
      vertex 0.304489 2.46927 19.8
      vertex 0.304489 2.46927 0
    endloop
  endfacet
  facet normal -0.896875 -0.442284 0
    outer loop
      vertex 0.304489 2.46927 19.8
      vertex 0.535904 2 0
      vertex 0.535904 2 19.8
    endloop
  endfacet
  facet normal -0.980776 0.195135 0
    outer loop
      vertex 0.0342255 116.922 0
      vertex 0.136292 117.435 19.8
      vertex 0.136292 117.435 0
    endloop
  endfacet
  facet normal -0.980776 0.195135 0
    outer loop
      vertex 0.136292 117.435 19.8
      vertex 0.0342255 116.922 0
      vertex 0.0342255 116.922 19.8
    endloop
  endfacet
  facet normal -0.659337 -0.751847 0
    outer loop
      vertex 1.17157 1.17157 0
      vertex 1.56496 0.826584 19.8
      vertex 1.17157 1.17157 19.8
    endloop
  endfacet
  facet normal -0.659337 -0.751847 -0
    outer loop
      vertex 1.56496 0.826584 19.8
      vertex 1.17157 1.17157 0
      vertex 1.56496 0.826584 0
    endloop
  endfacet
  facet normal 0.0654256 -0.997857 0
    outer loop
      vertex 171.8 0 0
      vertex 172.322 0.0342255 1.2
      vertex 171.8 0 1.2
    endloop
  endfacet
  facet normal 0.0654256 -0.997857 0
    outer loop
      vertex 172.322 0.0342255 1.2
      vertex 171.8 0 0
      vertex 172.322 0.0342255 0
    endloop
  endfacet
  facet normal 0.0654256 -0.997857 0
    outer loop
      vertex 171.8 0 3.22
      vertex 172.322 0.0342255 19.8
      vertex 171.8 0 19.8
    endloop
  endfacet
  facet normal 0.0654256 -0.997857 0
    outer loop
      vertex 172.322 0.0342255 19.8
      vertex 171.8 0 3.22
      vertex 172.322 0.0342255 3.22
    endloop
  endfacet
  facet normal -0.195073 -0.980789 0
    outer loop
      vertex 2.96472 0.136292 0
      vertex 3.47789 0.0342255 1.2
      vertex 2.96472 0.136292 1.2
    endloop
  endfacet
  facet normal -0.195073 -0.980789 -0
    outer loop
      vertex 3.47789 0.0342255 1.2
      vertex 2.96472 0.136292 0
      vertex 3.47789 0.0342255 0
    endloop
  endfacet
  facet normal -0.195073 -0.980789 0
    outer loop
      vertex 2.96472 0.136292 3.22
      vertex 3.47789 0.0342255 19.8
      vertex 2.96472 0.136292 19.8
    endloop
  endfacet
  facet normal -0.195073 -0.980789 -0
    outer loop
      vertex 3.47789 0.0342255 19.8
      vertex 2.96472 0.136292 3.22
      vertex 3.47789 0.0342255 3.22
    endloop
  endfacet
  facet normal -0.321464 -0.946922 0
    outer loop
      vertex 2.46927 0.304489 3.22
      vertex 2.96472 0.136292 19.8
      vertex 2.46927 0.304489 19.8
    endloop
  endfacet
  facet normal -0.321464 -0.946922 -0
    outer loop
      vertex 2.96472 0.136292 19.8
      vertex 2.46927 0.304489 3.22
      vertex 2.96472 0.136292 3.22
    endloop
  endfacet
  facet normal -0.321464 -0.946922 0
    outer loop
      vertex 2.46927 0.304489 0
      vertex 2.96472 0.136292 1.2
      vertex 2.46927 0.304489 1.2
    endloop
  endfacet
  facet normal -0.321464 -0.946922 -0
    outer loop
      vertex 2.96472 0.136292 1.2
      vertex 2.46927 0.304489 0
      vertex 2.96472 0.136292 0
    endloop
  endfacet
  facet normal -0.555987 0.831191 0
    outer loop
      vertex 2 119.864 0
      vertex 1.56496 119.573 19.8
      vertex 2 119.864 19.8
    endloop
  endfacet
  facet normal -0.555987 0.831191 0
    outer loop
      vertex 1.56496 119.573 19.8
      vertex 2 119.864 0
      vertex 1.56496 119.573 0
    endloop
  endfacet
  facet normal -0.0649827 0.997886 -8.24446e-06
    outer loop
      vertex 4 120.4 19.8
      vertex 3.69498 120.38 3.22
      vertex 3.47789 120.366 19.8
    endloop
  endfacet
  facet normal -0.065429 0.997857 0
    outer loop
      vertex 4 120.4 0
      vertex 3.69498 120.38 3.22
      vertex 4 120.4 19.8
    endloop
  endfacet
  facet normal -0.065429 0.997857 0
    outer loop
      vertex 3.69498 120.38 3.22
      vertex 4 120.4 0
      vertex 3.69498 120.38 1.2
    endloop
  endfacet
  facet normal -0.0649827 0.997886 0.000113911
    outer loop
      vertex 3.47789 120.366 0
      vertex 3.69498 120.38 1.2
      vertex 4 120.4 0
    endloop
  endfacet
  facet normal -0.0643557 0.997927 0
    outer loop
      vertex 3.69498 120.38 1.2
      vertex 3.47789 120.366 0
      vertex 3.47789 120.366 1.2
    endloop
  endfacet
  facet normal -0.0643557 0.997927 0
    outer loop
      vertex 3.47789 120.366 19.8
      vertex 3.69498 120.38 3.22
      vertex 3.47789 120.366 3.22
    endloop
  endfacet
  facet normal 0.831191 -0.555987 0
    outer loop
      vertex 174.973 1.56496 19.8
      vertex 175.264 2 0
      vertex 175.264 2 19.8
    endloop
  endfacet
  facet normal 0.831191 -0.555987 0
    outer loop
      vertex 175.264 2 0
      vertex 174.973 1.56496 19.8
      vertex 174.973 1.56496 0
    endloop
  endfacet
  facet normal 1 -0 0
    outer loop
      vertex 175.8 4 19.8
      vertex 175.8 116.4 0
      vertex 175.8 116.4 19.8
    endloop
  endfacet
  facet normal 1 0 0
    outer loop
      vertex 175.8 116.4 0
      vertex 175.8 4 19.8
      vertex 175.8 4 0
    endloop
  endfacet
  facet normal -1 0 0
    outer loop
      vertex 0 116.4 0
      vertex 0 44.43 7.5
      vertex 0 116.4 19.8
    endloop
  endfacet
  facet normal -1 0 0
    outer loop
      vertex 0 4 0
      vertex 0 44.43 7.5
      vertex 0 116.4 0
    endloop
  endfacet
  facet normal -1 -0 0
    outer loop
      vertex 0 33.83 7.5
      vertex 0 4 0
      vertex 0 33.83 12.5
    endloop
  endfacet
  facet normal -1 -0 0
    outer loop
      vertex 0 44.43 7.5
      vertex 0 4 0
      vertex 0 33.83 7.5
    endloop
  endfacet
  facet normal -1 0 0
    outer loop
      vertex 0 44.43 12.5
      vertex 0 116.4 19.8
      vertex 0 44.43 7.5
    endloop
  endfacet
  facet normal -1 0 0
    outer loop
      vertex 0 4 19.8
      vertex 0 44.43 12.5
      vertex 0 33.83 12.5
    endloop
  endfacet
  facet normal -1 0 0
    outer loop
      vertex 0 44.43 12.5
      vertex 0 4 19.8
      vertex 0 116.4 19.8
    endloop
  endfacet
  facet normal -1 0 0
    outer loop
      vertex 0 4 19.8
      vertex 0 33.83 12.5
      vertex 0 4 0
    endloop
  endfacet
  facet normal -0.997858 -0.0654119 0
    outer loop
      vertex 0.0342255 3.47789 0
      vertex 0 4 19.8
      vertex 0 4 0
    endloop
  endfacet
  facet normal -0.997858 -0.0654119 0
    outer loop
      vertex 0 4 19.8
      vertex 0.0342255 3.47789 0
      vertex 0.0342255 3.47789 19.8
    endloop
  endfacet
  facet normal 0 0 1
    outer loop
      vertex 173.4 116.4 19.8
      vertex 175.8 116.4 19.8
      vertex 175.766 116.922 19.8
    endloop
  endfacet
  facet normal 0 0 1
    outer loop
      vertex 175.8 116.4 19.8
      vertex 173.6 65.2 19.8
      vertex 175.8 4 19.8
    endloop
  endfacet
  facet normal 0 0 1
    outer loop
      vertex 173.386 116.609 19.8
      vertex 175.766 116.922 19.8
      vertex 175.664 117.435 19.8
    endloop
  endfacet
  facet normal -0 0 1
    outer loop
      vertex 173.6 55.2 19.8
      vertex 175.8 4 19.8
      vertex 173.6 65.2 19.8
    endloop
  endfacet
  facet normal 0 0 1
    outer loop
      vertex 173.345 116.814 19.8
      vertex 175.664 117.435 19.8
      vertex 175.495 117.931 19.8
    endloop
  endfacet
  facet normal 0 0 1
    outer loop
      vertex 173.4 4 19.8
      vertex 175.8 4 19.8
      vertex 173.6 55.2 19.8
    endloop
  endfacet
  facet normal 0 0 1
    outer loop
      vertex 173.278 117.012 19.8
      vertex 175.495 117.931 19.8
      vertex 175.264 118.4 19.8
    endloop
  endfacet
  facet normal 0 0 1
    outer loop
      vertex 175.8 4 19.8
      vertex 173.4 4 19.8
      vertex 175.766 3.47789 19.8
    endloop
  endfacet
  facet normal 0 0 1
    outer loop
      vertex 173.186 117.2 19.8
      vertex 175.264 118.4 19.8
      vertex 174.973 118.835 19.8
    endloop
  endfacet
  facet normal -0 0 1
    outer loop
      vertex 173.386 3.79115 19.8
      vertex 175.766 3.47789 19.8
      vertex 173.4 4 19.8
    endloop
  endfacet
  facet normal 0 0 1
    outer loop
      vertex 173.069 117.374 19.8
      vertex 174.973 118.835 19.8
      vertex 174.628 119.228 19.8
    endloop
  endfacet
  facet normal 0 0 1
    outer loop
      vertex 175.766 3.47789 19.8
      vertex 173.386 3.79115 19.8
      vertex 175.664 2.96472 19.8
    endloop
  endfacet
  facet normal 0 0 1
    outer loop
      vertex 172.931 117.531 19.8
      vertex 174.628 119.228 19.8
      vertex 174.235 119.573 19.8
    endloop
  endfacet
  facet normal -0 0 1
    outer loop
      vertex 173.345 3.58589 19.8
      vertex 175.664 2.96472 19.8
      vertex 173.386 3.79115 19.8
    endloop
  endfacet
  facet normal 0 0 1
    outer loop
      vertex 172.774 117.669 19.8
      vertex 174.235 119.573 19.8
      vertex 173.8 119.864 19.8
    endloop
  endfacet
  facet normal 0 0 1
    outer loop
      vertex 175.664 2.96472 19.8
      vertex 173.345 3.58589 19.8
      vertex 175.495 2.46927 19.8
    endloop
  endfacet
  facet normal -0 0 1
    outer loop
      vertex 173.278 3.38771 19.8
      vertex 175.495 2.46927 19.8
      vertex 173.345 3.58589 19.8
    endloop
  endfacet
  facet normal 0 0 1
    outer loop
      vertex 175.8 116.4 19.8
      vertex 173.4 116.4 19.8
      vertex 173.6 65.2 19.8
    endloop
  endfacet
  facet normal 0 0 1
    outer loop
      vertex 175.766 116.922 19.8
      vertex 173.386 116.609 19.8
      vertex 173.4 116.4 19.8
    endloop
  endfacet
  facet normal 0 0 1
    outer loop
      vertex 175.664 117.435 19.8
      vertex 173.345 116.814 19.8
      vertex 173.386 116.609 19.8
    endloop
  endfacet
  facet normal 0 0 1
    outer loop
      vertex 172.6 117.786 19.8
      vertex 173.8 119.864 19.8
      vertex 173.331 120.096 19.8
    endloop
  endfacet
  facet normal 0 0 1
    outer loop
      vertex 175.495 117.931 19.8
      vertex 173.278 117.012 19.8
      vertex 173.345 116.814 19.8
    endloop
  endfacet
  facet normal 0 0 1
    outer loop
      vertex 175.264 118.4 19.8
      vertex 173.186 117.2 19.8
      vertex 173.278 117.012 19.8
    endloop
  endfacet
  facet normal 0 0 1
    outer loop
      vertex 174.973 118.835 19.8
      vertex 173.069 117.374 19.8
      vertex 173.186 117.2 19.8
    endloop
  endfacet
  facet normal 0 0 1
    outer loop
      vertex 174.628 119.228 19.8
      vertex 172.931 117.531 19.8
      vertex 173.069 117.374 19.8
    endloop
  endfacet
  facet normal 0 0 1
    outer loop
      vertex 172.412 117.878 19.8
      vertex 173.331 120.096 19.8
      vertex 172.835 120.264 19.8
    endloop
  endfacet
  facet normal 0 0 1
    outer loop
      vertex 174.235 119.573 19.8
      vertex 172.774 117.669 19.8
      vertex 172.931 117.531 19.8
    endloop
  endfacet
  facet normal 0 0 1
    outer loop
      vertex 173.8 119.864 19.8
      vertex 172.6 117.786 19.8
      vertex 172.774 117.669 19.8
    endloop
  endfacet
  facet normal 0 0 1
    outer loop
      vertex 173.331 120.096 19.8
      vertex 172.412 117.878 19.8
      vertex 172.6 117.786 19.8
    endloop
  endfacet
  facet normal 0 0 1
    outer loop
      vertex 172.214 117.945 19.8
      vertex 172.835 120.264 19.8
      vertex 172.322 120.366 19.8
    endloop
  endfacet
  facet normal 0 0 1
    outer loop
      vertex 172.835 120.264 19.8
      vertex 172.214 117.945 19.8
      vertex 172.412 117.878 19.8
    endloop
  endfacet
  facet normal 0 0 1
    outer loop
      vertex 172.322 120.366 19.8
      vertex 172.009 117.986 19.8
      vertex 172.214 117.945 19.8
    endloop
  endfacet
  facet normal 0 0 1
    outer loop
      vertex 171.8 120.4 19.8
      vertex 172.009 117.986 19.8
      vertex 172.322 120.366 19.8
    endloop
  endfacet
  facet normal 0 0 1
    outer loop
      vertex 171.8 120.4 19.8
      vertex 171.8 118 19.8
      vertex 172.009 117.986 19.8
    endloop
  endfacet
  facet normal -0 0 1
    outer loop
      vertex 4 120.4 19.8
      vertex 171.8 118 19.8
      vertex 171.8 120.4 19.8
    endloop
  endfacet
  facet normal 0 0 1
    outer loop
      vertex 4 120.4 19.8
      vertex 4 118 19.8
      vertex 171.8 118 19.8
    endloop
  endfacet
  facet normal 0 0 1
    outer loop
      vertex 4 120.4 19.8
      vertex 3.79115 117.986 19.8
      vertex 4 118 19.8
    endloop
  endfacet
  facet normal -0 0 1
    outer loop
      vertex 3.47789 120.366 19.8
      vertex 3.79115 117.986 19.8
      vertex 4 120.4 19.8
    endloop
  endfacet
  facet normal 0 0 1
    outer loop
      vertex 3.79115 117.986 19.8
      vertex 3.47789 120.366 19.8
      vertex 3.58589 117.945 19.8
    endloop
  endfacet
  facet normal -0 0 1
    outer loop
      vertex 2.96472 120.264 19.8
      vertex 3.58589 117.945 19.8
      vertex 3.47789 120.366 19.8
    endloop
  endfacet
  facet normal 0 0 1
    outer loop
      vertex 3.58589 117.945 19.8
      vertex 2.96472 120.264 19.8
      vertex 3.38771 117.878 19.8
    endloop
  endfacet
  facet normal -0 0 1
    outer loop
      vertex 2.46927 120.096 19.8
      vertex 3.38771 117.878 19.8
      vertex 2.96472 120.264 19.8
    endloop
  endfacet
  facet normal 0 0 1
    outer loop
      vertex 3.38771 117.878 19.8
      vertex 2.46927 120.096 19.8
      vertex 3.2 117.786 19.8
    endloop
  endfacet
  facet normal -0 0 1
    outer loop
      vertex 2 119.864 19.8
      vertex 3.2 117.786 19.8
      vertex 2.46927 120.096 19.8
    endloop
  endfacet
  facet normal 0 0 1
    outer loop
      vertex 3.2 117.786 19.8
      vertex 2 119.864 19.8
      vertex 3.02599 117.669 19.8
    endloop
  endfacet
  facet normal -0 0 1
    outer loop
      vertex 1.56496 119.573 19.8
      vertex 3.02599 117.669 19.8
      vertex 2 119.864 19.8
    endloop
  endfacet
  facet normal 0 0 1
    outer loop
      vertex 3.02599 117.669 19.8
      vertex 1.56496 119.573 19.8
      vertex 2.86862 117.531 19.8
    endloop
  endfacet
  facet normal -0 0 1
    outer loop
      vertex 1.17157 119.228 19.8
      vertex 2.86862 117.531 19.8
      vertex 1.56496 119.573 19.8
    endloop
  endfacet
  facet normal 0 0 1
    outer loop
      vertex 2.86862 117.531 19.8
      vertex 1.17157 119.228 19.8
      vertex 2.73064 117.374 19.8
    endloop
  endfacet
  facet normal -0 0 1
    outer loop
      vertex 0.826584 118.835 19.8
      vertex 2.73064 117.374 19.8
      vertex 1.17157 119.228 19.8
    endloop
  endfacet
  facet normal 0 0 1
    outer loop
      vertex 2.73064 117.374 19.8
      vertex 0.826584 118.835 19.8
      vertex 2.61436 117.2 19.8
    endloop
  endfacet
  facet normal 0 0 1
    outer loop
      vertex 2.39999 116.4 19.8
      vertex 2.35 65.2 19.8
      vertex 2.39999 65.2 19.8
    endloop
  endfacet
  facet normal 0 0 1
    outer loop
      vertex 2.39999 116.4 19.8
      vertex 0 116.4 19.8
      vertex 2.35 65.2 19.8
    endloop
  endfacet
  facet normal 0 0 1
    outer loop
      vertex 2.41368 116.609 19.8
      vertex 0 116.4 19.8
      vertex 2.39999 116.4 19.8
    endloop
  endfacet
  facet normal -0 0 1
    outer loop
      vertex 0.535904 118.4 19.8
      vertex 2.61436 117.2 19.8
      vertex 0.826584 118.835 19.8
    endloop
  endfacet
  facet normal 0 0 1
    outer loop
      vertex 175.495 2.46927 19.8
      vertex 173.278 3.38771 19.8
      vertex 175.264 2 19.8
    endloop
  endfacet
  facet normal 0 0 1
    outer loop
      vertex 173.4 4 19.8
      vertex 173.6 55.2 19.8
      vertex 173.4 55.2 19.8
    endloop
  endfacet
  facet normal -0 0 1
    outer loop
      vertex 173.186 3.2 19.8
      vertex 175.264 2 19.8
      vertex 173.278 3.38771 19.8
    endloop
  endfacet
  facet normal 0 0 1
    outer loop
      vertex 175.264 2 19.8
      vertex 173.186 3.2 19.8
      vertex 174.973 1.56496 19.8
    endloop
  endfacet
  facet normal -0 0 1
    outer loop
      vertex 173.069 3.02599 19.8
      vertex 174.973 1.56496 19.8
      vertex 173.186 3.2 19.8
    endloop
  endfacet
  facet normal 0 0 1
    outer loop
      vertex 174.973 1.56496 19.8
      vertex 173.069 3.02599 19.8
      vertex 174.628 1.17157 19.8
    endloop
  endfacet
  facet normal -0 0 1
    outer loop
      vertex 172.931 2.86862 19.8
      vertex 174.628 1.17157 19.8
      vertex 173.069 3.02599 19.8
    endloop
  endfacet
  facet normal 0 0 1
    outer loop
      vertex 174.628 1.17157 19.8
      vertex 172.931 2.86862 19.8
      vertex 174.235 0.826584 19.8
    endloop
  endfacet
  facet normal -0 0 1
    outer loop
      vertex 172.774 2.73064 19.8
      vertex 174.235 0.826584 19.8
      vertex 172.931 2.86862 19.8
    endloop
  endfacet
  facet normal 0 0 1
    outer loop
      vertex 174.235 0.826584 19.8
      vertex 172.774 2.73064 19.8
      vertex 173.8 0.535904 19.8
    endloop
  endfacet
  facet normal -0 0 1
    outer loop
      vertex 172.6 2.61436 19.8
      vertex 173.8 0.535904 19.8
      vertex 172.774 2.73064 19.8
    endloop
  endfacet
  facet normal 0 0 1
    outer loop
      vertex 173.8 0.535904 19.8
      vertex 172.6 2.61436 19.8
      vertex 173.331 0.304489 19.8
    endloop
  endfacet
  facet normal -0 0 1
    outer loop
      vertex 172.412 2.52179 19.8
      vertex 173.331 0.304489 19.8
      vertex 172.6 2.61436 19.8
    endloop
  endfacet
  facet normal 0 0 1
    outer loop
      vertex 173.331 0.304489 19.8
      vertex 172.412 2.52179 19.8
      vertex 172.835 0.136292 19.8
    endloop
  endfacet
  facet normal -0 0 1
    outer loop
      vertex 172.214 2.45451 19.8
      vertex 172.835 0.136292 19.8
      vertex 172.412 2.52179 19.8
    endloop
  endfacet
  facet normal 0 0 1
    outer loop
      vertex 172.835 0.136292 19.8
      vertex 172.214 2.45451 19.8
      vertex 172.322 0.0342255 19.8
    endloop
  endfacet
  facet normal -0 0 1
    outer loop
      vertex 172.009 2.41368 19.8
      vertex 172.322 0.0342255 19.8
      vertex 172.214 2.45451 19.8
    endloop
  endfacet
  facet normal -0 0 1
    outer loop
      vertex 171.8 2.39999 19.8
      vertex 172.322 0.0342255 19.8
      vertex 172.009 2.41368 19.8
    endloop
  endfacet
  facet normal 0 0 1
    outer loop
      vertex 171.8 2.39999 19.8
      vertex 171.8 0 19.8
      vertex 172.322 0.0342255 19.8
    endloop
  endfacet
  facet normal -0 0 1
    outer loop
      vertex 98.9 2.39999 19.8
      vertex 171.8 0 19.8
      vertex 171.8 2.39999 19.8
    endloop
  endfacet
  facet normal 0 0 1
    outer loop
      vertex 171.8 0 19.8
      vertex 98.9 2.39999 19.8
      vertex 98.9 0 19.8
    endloop
  endfacet
  facet normal 0 0 1
    outer loop
      vertex 173.6 65.2 19.8
      vertex 173.4 116.4 19.8
      vertex 173.4 65.2 19.8
    endloop
  endfacet
  facet normal 0 0 1
    outer loop
      vertex 2.39999 55.2 19.8
      vertex 2.35 55.2 19.8
      vertex 2.39999 4 19.8
    endloop
  endfacet
  facet normal -0 0 1
    outer loop
      vertex 4 2.39999 19.8
      vertex 76.9 0 19.8
      vertex 76.9 2.39999 19.8
    endloop
  endfacet
  facet normal 0 0 1
    outer loop
      vertex 4 2.39999 19.8
      vertex 4 0 19.8
      vertex 76.9 0 19.8
    endloop
  endfacet
  facet normal 0 0 1
    outer loop
      vertex 3.79115 2.41368 19.8
      vertex 4 0 19.8
      vertex 4 2.39999 19.8
    endloop
  endfacet
  facet normal 0 0 1
    outer loop
      vertex 3.47789 0.0342255 19.8
      vertex 3.79115 2.41368 19.8
      vertex 3.58589 2.45451 19.8
    endloop
  endfacet
  facet normal 0 0 1
    outer loop
      vertex 3.79115 2.41368 19.8
      vertex 3.47789 0.0342255 19.8
      vertex 4 0 19.8
    endloop
  endfacet
  facet normal 0 0 1
    outer loop
      vertex 2.96472 0.136292 19.8
      vertex 3.58589 2.45451 19.8
      vertex 3.38771 2.52179 19.8
    endloop
  endfacet
  facet normal 0 0 1
    outer loop
      vertex 2.46927 0.304489 19.8
      vertex 3.38771 2.52179 19.8
      vertex 3.2 2.61436 19.8
    endloop
  endfacet
  facet normal 0 0 1
    outer loop
      vertex 2 0.535904 19.8
      vertex 3.2 2.61436 19.8
      vertex 3.02599 2.73064 19.8
    endloop
  endfacet
  facet normal 0 0 1
    outer loop
      vertex 3.58589 2.45451 19.8
      vertex 2.96472 0.136292 19.8
      vertex 3.47789 0.0342255 19.8
    endloop
  endfacet
  facet normal 0 0 1
    outer loop
      vertex 1.56496 0.826584 19.8
      vertex 3.02599 2.73064 19.8
      vertex 2.86862 2.86862 19.8
    endloop
  endfacet
  facet normal 0 0 1
    outer loop
      vertex 1.17157 1.17157 19.8
      vertex 2.86862 2.86862 19.8
      vertex 2.73064 3.02599 19.8
    endloop
  endfacet
  facet normal 0 0 1
    outer loop
      vertex 0.826584 1.56496 19.8
      vertex 2.73064 3.02599 19.8
      vertex 2.61436 3.2 19.8
    endloop
  endfacet
  facet normal 0 0 1
    outer loop
      vertex 0.535904 2 19.8
      vertex 2.61436 3.2 19.8
      vertex 2.52179 3.38771 19.8
    endloop
  endfacet
  facet normal 0 0 1
    outer loop
      vertex 3.38771 2.52179 19.8
      vertex 2.46927 0.304489 19.8
      vertex 2.96472 0.136292 19.8
    endloop
  endfacet
  facet normal 0 0 1
    outer loop
      vertex 0.304489 2.46927 19.8
      vertex 2.52179 3.38771 19.8
      vertex 2.45451 3.58589 19.8
    endloop
  endfacet
  facet normal 0 0 1
    outer loop
      vertex 0.136292 2.96472 19.8
      vertex 2.45451 3.58589 19.8
      vertex 2.41368 3.79115 19.8
    endloop
  endfacet
  facet normal 0 0 1
    outer loop
      vertex 0.0342255 3.47789 19.8
      vertex 2.41368 3.79115 19.8
      vertex 2.39999 4 19.8
    endloop
  endfacet
  facet normal 0 0 1
    outer loop
      vertex 2.35 65.2 19.8
      vertex 0 116.4 19.8
      vertex 2.35 55.2 19.8
    endloop
  endfacet
  facet normal 0 0 1
    outer loop
      vertex 3.2 2.61436 19.8
      vertex 2 0.535904 19.8
      vertex 2.46927 0.304489 19.8
    endloop
  endfacet
  facet normal 0 0 1
    outer loop
      vertex 0 4 19.8
      vertex 2.35 55.2 19.8
      vertex 0 116.4 19.8
    endloop
  endfacet
  facet normal 0 0 1
    outer loop
      vertex 2.61436 117.2 19.8
      vertex 0.535904 118.4 19.8
      vertex 2.52179 117.012 19.8
    endloop
  endfacet
  facet normal 0 0 1
    outer loop
      vertex 2.35 55.2 19.8
      vertex 0 4 19.8
      vertex 2.39999 4 19.8
    endloop
  endfacet
  facet normal -0 0 1
    outer loop
      vertex 0.304489 117.931 19.8
      vertex 2.52179 117.012 19.8
      vertex 0.535904 118.4 19.8
    endloop
  endfacet
  facet normal 0 -0 1
    outer loop
      vertex 0.0342255 3.47789 19.8
      vertex 2.39999 4 19.8
      vertex 0 4 19.8
    endloop
  endfacet
  facet normal 0 0 1
    outer loop
      vertex 2.52179 117.012 19.8
      vertex 0.304489 117.931 19.8
      vertex 2.45451 116.814 19.8
    endloop
  endfacet
  facet normal 0 0 1
    outer loop
      vertex 3.02599 2.73064 19.8
      vertex 1.56496 0.826584 19.8
      vertex 2 0.535904 19.8
    endloop
  endfacet
  facet normal -0 0 1
    outer loop
      vertex 0.136292 117.435 19.8
      vertex 2.45451 116.814 19.8
      vertex 0.304489 117.931 19.8
    endloop
  endfacet
  facet normal 0 0 1
    outer loop
      vertex 2.86862 2.86862 19.8
      vertex 1.17157 1.17157 19.8
      vertex 1.56496 0.826584 19.8
    endloop
  endfacet
  facet normal 0 0 1
    outer loop
      vertex 2.45451 116.814 19.8
      vertex 0.136292 117.435 19.8
      vertex 2.41368 116.609 19.8
    endloop
  endfacet
  facet normal 0 0 1
    outer loop
      vertex 2.73064 3.02599 19.8
      vertex 0.826584 1.56496 19.8
      vertex 1.17157 1.17157 19.8
    endloop
  endfacet
  facet normal -0 0 1
    outer loop
      vertex 0.0342255 116.922 19.8
      vertex 2.41368 116.609 19.8
      vertex 0.136292 117.435 19.8
    endloop
  endfacet
  facet normal 0 0 1
    outer loop
      vertex 2.61436 3.2 19.8
      vertex 0.535904 2 19.8
      vertex 0.826584 1.56496 19.8
    endloop
  endfacet
  facet normal 0 0 1
    outer loop
      vertex 2.41368 116.609 19.8
      vertex 0.0342255 116.922 19.8
      vertex 0 116.4 19.8
    endloop
  endfacet
  facet normal 0 0 1
    outer loop
      vertex 2.52179 3.38771 19.8
      vertex 0.304489 2.46927 19.8
      vertex 0.535904 2 19.8
    endloop
  endfacet
  facet normal 0 0 1
    outer loop
      vertex 2.45451 3.58589 19.8
      vertex 0.136292 2.96472 19.8
      vertex 0.304489 2.46927 19.8
    endloop
  endfacet
  facet normal 0 0 1
    outer loop
      vertex 2.41368 3.79115 19.8
      vertex 0.0342255 3.47789 19.8
      vertex 0.136292 2.96472 19.8
    endloop
  endfacet
  facet normal -0.0654119 -0.997858 0
    outer loop
      vertex 3.47789 0.0342255 3.22
      vertex 4 0 19.8
      vertex 3.47789 0.0342255 19.8
    endloop
  endfacet
  facet normal -0.0654119 -0.997858 -0
    outer loop
      vertex 4 0 19.8
      vertex 3.47789 0.0342255 3.22
      vertex 4 0 3.22
    endloop
  endfacet
  facet normal -0.0654119 -0.997858 0
    outer loop
      vertex 3.47789 0.0342255 0
      vertex 4 0 1.2
      vertex 3.47789 0.0342255 1.2
    endloop
  endfacet
  facet normal -0.0654119 -0.997858 -0
    outer loop
      vertex 4 0 1.2
      vertex 3.47789 0.0342255 0
      vertex 4 0 0
    endloop
  endfacet
  facet normal 0.751834 -0.659353 0
    outer loop
      vertex 174.628 1.17157 19.8
      vertex 174.973 1.56496 0
      vertex 174.973 1.56496 19.8
    endloop
  endfacet
  facet normal 0.751834 -0.659353 0
    outer loop
      vertex 174.973 1.56496 0
      vertex 174.628 1.17157 19.8
      vertex 174.628 1.17157 0
    endloop
  endfacet
  facet normal 0.946454 -0.322839 0
    outer loop
      vertex 175.495 2.46927 19.8
      vertex 175.664 2.96472 0
      vertex 175.664 2.96472 19.8
    endloop
  endfacet
  facet normal 0.946454 -0.322839 0
    outer loop
      vertex 175.664 2.96472 0
      vertex 175.495 2.46927 19.8
      vertex 175.495 2.46927 0
    endloop
  endfacet
  facet normal -0.555564 -0.831474 0
    outer loop
      vertex 1.56496 0.826584 0
      vertex 2 0.535904 19.8
      vertex 1.56496 0.826584 19.8
    endloop
  endfacet
  facet normal -0.555564 -0.831474 -0
    outer loop
      vertex 2 0.535904 19.8
      vertex 1.56496 0.826584 0
      vertex 2 0.535904 0
    endloop
  endfacet
  facet normal 0 1 -0
    outer loop
      vertex 171.8 120.4 0
      vertex 4 120.4 19.8
      vertex 171.8 120.4 19.8
    endloop
  endfacet
  facet normal 0 1 0
    outer loop
      vertex 4 120.4 19.8
      vertex 171.8 120.4 0
      vertex 4 120.4 0
    endloop
  endfacet
  facet normal 0.443387 0.89633 -4.69143e-05
    outer loop
      vertex 173.8 119.864 19.8
      vertex 173.4 120.061 3.22
      vertex 173.331 120.096 19.8
    endloop
  endfacet
  facet normal 0.441823 0.897102 -0
    outer loop
      vertex 173.8 119.864 0
      vertex 173.4 120.061 3.22
      vertex 173.8 119.864 19.8
    endloop
  endfacet
  facet normal 0.441823 0.897102 0
    outer loop
      vertex 173.4 120.061 3.22
      vertex 173.8 119.864 0
      vertex 173.4 120.061 1.2
    endloop
  endfacet
  facet normal 0.443387 0.89633 0.000648199
    outer loop
      vertex 173.331 120.096 0
      vertex 173.4 120.061 1.2
      vertex 173.8 119.864 0
    endloop
  endfacet
  facet normal 0.452376 0.891827 0
    outer loop
      vertex 173.4 120.061 1.2
      vertex 173.331 120.096 0
      vertex 173.331 120.096 1.2
    endloop
  endfacet
  facet normal 0.452376 0.891827 0
    outer loop
      vertex 173.331 120.096 19.8
      vertex 173.4 120.061 3.22
      vertex 173.331 120.096 3.22
    endloop
  endfacet
  facet normal 0.75151 0.659722 0
    outer loop
      vertex 174.973 118.835 19.8
      vertex 174.628 119.228 0
      vertex 174.628 119.228 19.8
    endloop
  endfacet
  facet normal 0.75151 0.659722 0
    outer loop
      vertex 174.628 119.228 0
      vertex 174.973 118.835 19.8
      vertex 174.973 118.835 0
    endloop
  endfacet
  facet normal -0.450972 0.892538 0
    outer loop
      vertex 2.46927 120.096 1.2
      vertex 2.46927 120.096 0
      vertex 2.4 120.061 1.2
    endloop
  endfacet
  facet normal -0.450972 0.892538 0
    outer loop
      vertex 2.4 120.061 3.22
      vertex 2.46927 120.096 19.8
      vertex 2.46927 120.096 3.22
    endloop
  endfacet
  facet normal -0.443182 0.896432 -4.07643e-05
    outer loop
      vertex 2.46927 120.096 19.8
      vertex 2.4 120.061 3.22
      vertex 2 119.864 19.8
    endloop
  endfacet
  facet normal -0.441823 0.897102 0
    outer loop
      vertex 2 119.864 0
      vertex 2.4 120.061 3.22
      vertex 2.4 120.061 1.2
    endloop
  endfacet
  facet normal -0.441823 0.897102 0
    outer loop
      vertex 2.4 120.061 3.22
      vertex 2 119.864 0
      vertex 2 119.864 19.8
    endloop
  endfacet
  facet normal -0.443182 0.896431 0.000563227
    outer loop
      vertex 2 119.864 0
      vertex 2.4 120.061 1.2
      vertex 2.46927 120.096 0
    endloop
  endfacet
  facet normal 0.980813 -0.194951 0
    outer loop
      vertex 175.664 2.96472 19.8
      vertex 175.766 3.47789 0
      vertex 175.766 3.47789 19.8
    endloop
  endfacet
  facet normal 0.980813 -0.194951 0
    outer loop
      vertex 175.766 3.47789 0
      vertex 175.664 2.96472 19.8
      vertex 175.664 2.96472 0
    endloop
  endfacet
  facet normal 0.195013 0.980801 -0
    outer loop
      vertex 172.835 120.264 3.22
      vertex 172.322 120.366 19.8
      vertex 172.835 120.264 19.8
    endloop
  endfacet
  facet normal 0.195013 0.980801 0
    outer loop
      vertex 172.322 120.366 19.8
      vertex 172.835 120.264 3.22
      vertex 172.322 120.366 3.22
    endloop
  endfacet
  facet normal 0.195013 0.980801 -0
    outer loop
      vertex 172.835 120.264 0
      vertex 172.322 120.366 1.2
      vertex 172.835 120.264 1.2
    endloop
  endfacet
  facet normal 0.195013 0.980801 0
    outer loop
      vertex 172.322 120.366 1.2
      vertex 172.835 120.264 0
      vertex 172.322 120.366 0
    endloop
  endfacet
  facet normal 0.659722 0.75151 -0
    outer loop
      vertex 174.628 119.228 0
      vertex 174.235 119.573 19.8
      vertex 174.628 119.228 19.8
    endloop
  endfacet
  facet normal 0.659722 0.75151 0
    outer loop
      vertex 174.235 119.573 19.8
      vertex 174.628 119.228 0
      vertex 174.235 119.573 0
    endloop
  endfacet
  facet normal -0.659353 0.751834 0
    outer loop
      vertex 1.56496 119.573 0
      vertex 1.17157 119.228 19.8
      vertex 1.56496 119.573 19.8
    endloop
  endfacet
  facet normal -0.659353 0.751834 0
    outer loop
      vertex 1.17157 119.228 19.8
      vertex 1.56496 119.573 0
      vertex 1.17157 119.228 0
    endloop
  endfacet
  facet normal -0.896774 0.442488 0
    outer loop
      vertex 0.304489 117.931 0
      vertex 0.535904 118.4 19.8
      vertex 0.535904 118.4 0
    endloop
  endfacet
  facet normal -0.896774 0.442488 0
    outer loop
      vertex 0.535904 118.4 19.8
      vertex 0.304489 117.931 0
      vertex 0.304489 117.931 19.8
    endloop
  endfacet
  facet normal -0.751523 0.659707 0
    outer loop
      vertex 0.826584 118.835 0
      vertex 1.17157 119.228 19.8
      vertex 1.17157 119.228 0
    endloop
  endfacet
  facet normal -0.751523 0.659707 0
    outer loop
      vertex 1.17157 119.228 19.8
      vertex 0.826584 118.835 0
      vertex 0.826584 118.835 19.8
    endloop
  endfacet
  facet normal -0.194951 0.980813 0
    outer loop
      vertex 3.47789 120.366 0
      vertex 2.96472 120.264 1.2
      vertex 3.47789 120.366 1.2
    endloop
  endfacet
  facet normal -0.194951 0.980813 0
    outer loop
      vertex 2.96472 120.264 1.2
      vertex 3.47789 120.366 0
      vertex 2.96472 120.264 0
    endloop
  endfacet
  facet normal -0.194951 0.980813 0
    outer loop
      vertex 3.47789 120.366 3.22
      vertex 2.96472 120.264 19.8
      vertex 3.47789 120.366 19.8
    endloop
  endfacet
  facet normal -0.194951 0.980813 0
    outer loop
      vertex 2.96472 120.264 19.8
      vertex 3.47789 120.366 3.22
      vertex 2.96472 120.264 3.22
    endloop
  endfacet
  facet normal -0.321126 0.947036 0
    outer loop
      vertex 2.96472 120.264 3.22
      vertex 2.46927 120.096 19.8
      vertex 2.96472 120.264 19.8
    endloop
  endfacet
  facet normal -0.321126 0.947036 0
    outer loop
      vertex 2.46927 120.096 19.8
      vertex 2.96472 120.264 3.22
      vertex 2.46927 120.096 3.22
    endloop
  endfacet
  facet normal -0.321126 0.947036 0
    outer loop
      vertex 2.96472 120.264 0
      vertex 2.46927 120.096 1.2
      vertex 2.96472 120.264 1.2
    endloop
  endfacet
  facet normal -0.321126 0.947036 0
    outer loop
      vertex 2.46927 120.096 1.2
      vertex 2.96472 120.264 0
      vertex 2.46927 120.096 0
    endloop
  endfacet
  facet normal 0.89719 -0.441645 0
    outer loop
      vertex 175.264 2 19.8
      vertex 175.495 2.46927 0
      vertex 175.495 2.46927 19.8
    endloop
  endfacet
  facet normal 0.89719 -0.441645 0
    outer loop
      vertex 175.495 2.46927 0
      vertex 175.264 2 19.8
      vertex 175.264 2 0
    endloop
  endfacet
  facet normal -0.83145 0.5556 0
    outer loop
      vertex 0.535904 118.4 0
      vertex 0.826584 118.835 19.8
      vertex 0.826584 118.835 0
    endloop
  endfacet
  facet normal -0.83145 0.5556 0
    outer loop
      vertex 0.826584 118.835 19.8
      vertex 0.535904 118.4 0
      vertex 0.535904 118.4 19.8
    endloop
  endfacet
  facet normal -0.442284 -0.896875 3.72468e-08
    outer loop
      vertex 2 0.535904 19.8
      vertex 2.4 0.338648 3.22
      vertex 2.46927 0.304489 19.8
    endloop
  endfacet
  facet normal -0.442285 -0.896875 0
    outer loop
      vertex 2 0.535904 0
      vertex 2.4 0.338648 3.22
      vertex 2 0.535904 19.8
    endloop
  endfacet
  facet normal -0.442285 -0.896875 -0
    outer loop
      vertex 2.4 0.338648 3.22
      vertex 2 0.535904 0
      vertex 2.4 0.338648 1.2
    endloop
  endfacet
  facet normal -0.442284 -0.896875 -5.14626e-07
    outer loop
      vertex 2.46927 0.304489 0
      vertex 2.4 0.338648 1.2
      vertex 2 0.535904 0
    endloop
  endfacet
  facet normal -0.442276 -0.896879 0
    outer loop
      vertex 2.4 0.338648 1.2
      vertex 2.46927 0.304489 0
      vertex 2.46927 0.304489 1.2
    endloop
  endfacet
  facet normal -0.442276 -0.896879 -0
    outer loop
      vertex 2.46927 0.304489 19.8
      vertex 2.4 0.338648 3.22
      vertex 2.46927 0.304489 3.22
    endloop
  endfacet
  facet normal 0.946563 0.322518 0
    outer loop
      vertex 175.664 117.435 19.8
      vertex 175.495 117.931 0
      vertex 175.495 117.931 19.8
    endloop
  endfacet
  facet normal 0.946563 0.322518 0
    outer loop
      vertex 175.495 117.931 0
      vertex 175.664 117.435 19.8
      vertex 175.664 117.435 0
    endloop
  endfacet
  facet normal 0.5556 -0.83145 0
    outer loop
      vertex 173.8 0.535904 0
      vertex 174.235 0.826584 19.8
      vertex 173.8 0.535904 19.8
    endloop
  endfacet
  facet normal 0.5556 -0.83145 0
    outer loop
      vertex 174.235 0.826584 19.8
      vertex 173.8 0.535904 0
      vertex 174.235 0.826584 0
    endloop
  endfacet
  facet normal 0.556022 0.831167 -0
    outer loop
      vertex 174.235 119.573 0
      vertex 173.8 119.864 19.8
      vertex 174.235 119.573 19.8
    endloop
  endfacet
  facet normal 0.556022 0.831167 0
    outer loop
      vertex 173.8 119.864 19.8
      vertex 174.235 119.573 0
      vertex 173.8 119.864 0
    endloop
  endfacet
  facet normal -0.94703 0.321144 0
    outer loop
      vertex 0.136292 117.435 0
      vertex 0.304489 117.931 19.8
      vertex 0.304489 117.931 0
    endloop
  endfacet
  facet normal -0.94703 0.321144 0
    outer loop
      vertex 0.304489 117.931 19.8
      vertex 0.136292 117.435 0
      vertex 0.136292 117.435 19.8
    endloop
  endfacet
  facet normal 0.659707 -0.751523 0
    outer loop
      vertex 174.235 0.826584 0
      vertex 174.628 1.17157 19.8
      vertex 174.235 0.826584 19.8
    endloop
  endfacet
  facet normal 0.659707 -0.751523 0
    outer loop
      vertex 174.628 1.17157 19.8
      vertex 174.235 0.826584 0
      vertex 174.628 1.17157 0
    endloop
  endfacet
  facet normal 0.0643823 0.997925 0
    outer loop
      vertex 172.322 120.366 1.2
      vertex 172.322 120.366 0
      vertex 172.105 120.38 1.2
    endloop
  endfacet
  facet normal 0.0643823 0.997925 0
    outer loop
      vertex 172.105 120.38 3.22
      vertex 172.322 120.366 19.8
      vertex 172.322 120.366 3.22
    endloop
  endfacet
  facet normal 0.0649964 0.997886 -8.07093e-06
    outer loop
      vertex 172.322 120.366 19.8
      vertex 172.105 120.38 3.22
      vertex 171.8 120.4 19.8
    endloop
  endfacet
  facet normal 0.0654332 0.997857 0
    outer loop
      vertex 171.8 120.4 0
      vertex 172.105 120.38 3.22
      vertex 172.105 120.38 1.2
    endloop
  endfacet
  facet normal 0.0654332 0.997857 0
    outer loop
      vertex 172.105 120.38 3.22
      vertex 171.8 120.4 0
      vertex 171.8 120.4 19.8
    endloop
  endfacet
  facet normal 0.0649964 0.997885 0.000111513
    outer loop
      vertex 171.8 120.4 0
      vertex 172.105 120.38 1.2
      vertex 172.322 120.366 0
    endloop
  endfacet
  facet normal -0.997857 0.0654256 0
    outer loop
      vertex 0 116.4 0
      vertex 0.0342255 116.922 19.8
      vertex 0.0342255 116.922 0
    endloop
  endfacet
  facet normal -0.997857 0.0654256 0
    outer loop
      vertex 0.0342255 116.922 19.8
      vertex 0 116.4 0
      vertex 0 116.4 19.8
    endloop
  endfacet
  facet normal 0.997886 0.0649964 0
    outer loop
      vertex 175.8 116.4 19.8
      vertex 175.766 116.922 0
      vertex 175.766 116.922 19.8
    endloop
  endfacet
  facet normal 0.997886 0.0649964 0
    outer loop
      vertex 175.766 116.922 0
      vertex 175.8 116.4 19.8
      vertex 175.8 116.4 0
    endloop
  endfacet
  facet normal 0.831167 0.556022 0
    outer loop
      vertex 175.264 118.4 19.8
      vertex 174.973 118.835 0
      vertex 174.973 118.835 19.8
    endloop
  endfacet
  facet normal 0.831167 0.556022 0
    outer loop
      vertex 174.973 118.835 0
      vertex 175.264 118.4 19.8
      vertex 175.264 118.4 0
    endloop
  endfacet
  facet normal -0.751847 -0.659337 0
    outer loop
      vertex 1.17157 1.17157 0
      vertex 0.826584 1.56496 19.8
      vertex 0.826584 1.56496 0
    endloop
  endfacet
  facet normal -0.751847 -0.659337 0
    outer loop
      vertex 0.826584 1.56496 19.8
      vertex 1.17157 1.17157 0
      vertex 1.17157 1.17157 19.8
    endloop
  endfacet
  facet normal 0.320807 0.947145 -0
    outer loop
      vertex 173.331 120.096 3.22
      vertex 172.835 120.264 19.8
      vertex 173.331 120.096 19.8
    endloop
  endfacet
  facet normal 0.320807 0.947145 0
    outer loop
      vertex 172.835 120.264 19.8
      vertex 173.331 120.096 3.22
      vertex 172.835 120.264 3.22
    endloop
  endfacet
  facet normal 0.320807 0.947145 -0
    outer loop
      vertex 173.331 120.096 0
      vertex 172.835 120.264 1.2
      vertex 173.331 120.096 1.2
    endloop
  endfacet
  facet normal 0.320807 0.947145 0
    outer loop
      vertex 172.835 120.264 1.2
      vertex 173.331 120.096 0
      vertex 172.835 120.264 0
    endloop
  endfacet
  facet normal -0.831474 -0.555564 0
    outer loop
      vertex 0.826584 1.56496 0
      vertex 0.535904 2 19.8
      vertex 0.535904 2 0
    endloop
  endfacet
  facet normal -0.831474 -0.555564 0
    outer loop
      vertex 0.535904 2 19.8
      vertex 0.826584 1.56496 0
      vertex 0.826584 1.56496 19.8
    endloop
  endfacet
  facet normal 0.897089 0.44185 0
    outer loop
      vertex 175.495 117.931 19.8
      vertex 175.264 118.4 0
      vertex 175.264 118.4 19.8
    endloop
  endfacet
  facet normal 0.897089 0.44185 0
    outer loop
      vertex 175.264 118.4 0
      vertex 175.495 117.931 19.8
      vertex 175.495 117.931 0
    endloop
  endfacet
  facet normal 0.980801 0.195013 0
    outer loop
      vertex 175.766 116.922 19.8
      vertex 175.664 117.435 0
      vertex 175.664 117.435 19.8
    endloop
  endfacet
  facet normal 0.980801 0.195013 0
    outer loop
      vertex 175.664 117.435 0
      vertex 175.766 116.922 19.8
      vertex 175.766 116.922 0
    endloop
  endfacet
  facet normal -0.980789 -0.195073 0
    outer loop
      vertex 0.136292 2.96472 0
      vertex 0.0342255 3.47789 19.8
      vertex 0.0342255 3.47789 0
    endloop
  endfacet
  facet normal -0.980789 -0.195073 0
    outer loop
      vertex 0.0342255 3.47789 19.8
      vertex 0.136292 2.96472 0
      vertex 0.136292 2.96472 19.8
    endloop
  endfacet
  facet normal -0.946922 -0.321464 0
    outer loop
      vertex 0.304489 2.46927 0
      vertex 0.136292 2.96472 19.8
      vertex 0.136292 2.96472 0
    endloop
  endfacet
  facet normal -0.946922 -0.321464 0
    outer loop
      vertex 0.136292 2.96472 19.8
      vertex 0.304489 2.46927 0
      vertex 0.304489 2.46927 19.8
    endloop
  endfacet
  facet normal 0 0 -1
    outer loop
      vertex 171.8 0 0
      vertex 175.8 4 0
      vertex 175.766 3.47789 0
    endloop
  endfacet
  facet normal 0 0 -1
    outer loop
      vertex 175.8 4 0
      vertex 169.1 16.68 0
      vertex 175.8 116.4 0
    endloop
  endfacet
  facet normal 0 0 -1
    outer loop
      vertex 171.8 0 0
      vertex 175.766 3.47789 0
      vertex 175.664 2.96472 0
    endloop
  endfacet
  facet normal 0 0 -1
    outer loop
      vertex 169.1 113.8 0
      vertex 175.8 116.4 0
      vertex 169.1 16.68 0
    endloop
  endfacet
  facet normal 0 0 -1
    outer loop
      vertex 171.8 0 0
      vertex 175.664 2.96472 0
      vertex 175.495 2.46927 0
    endloop
  endfacet
  facet normal -0 0 -1
    outer loop
      vertex 175.8 116.4 0
      vertex 169.1 113.8 0
      vertex 175.766 116.922 0
    endloop
  endfacet
  facet normal 0 0 -1
    outer loop
      vertex 171.8 0 0
      vertex 175.495 2.46927 0
      vertex 175.264 2 0
    endloop
  endfacet
  facet normal -0 0 -1
    outer loop
      vertex 175.766 116.922 0
      vertex 169.1 113.8 0
      vertex 175.664 117.435 0
    endloop
  endfacet
  facet normal 0 0 -1
    outer loop
      vertex 171.8 0 0
      vertex 175.264 2 0
      vertex 174.973 1.56496 0
    endloop
  endfacet
  facet normal -0 0 -1
    outer loop
      vertex 175.664 117.435 0
      vertex 169.1 113.8 0
      vertex 175.495 117.931 0
    endloop
  endfacet
  facet normal 0 0 -1
    outer loop
      vertex 171.8 0 0
      vertex 174.973 1.56496 0
      vertex 174.628 1.17157 0
    endloop
  endfacet
  facet normal -0 0 -1
    outer loop
      vertex 175.495 117.931 0
      vertex 169.1 113.8 0
      vertex 175.264 118.4 0
    endloop
  endfacet
  facet normal 0 0 -1
    outer loop
      vertex 171.8 0 0
      vertex 174.628 1.17157 0
      vertex 174.235 0.826584 0
    endloop
  endfacet
  facet normal -0 0 -1
    outer loop
      vertex 175.264 118.4 0
      vertex 169.1 113.8 0
      vertex 174.973 118.835 0
    endloop
  endfacet
  facet normal 0 0 -1
    outer loop
      vertex 171.8 0 0
      vertex 174.235 0.826584 0
      vertex 173.8 0.535904 0
    endloop
  endfacet
  facet normal -0 0 -1
    outer loop
      vertex 174.973 118.835 0
      vertex 169.1 113.8 0
      vertex 174.628 119.228 0
    endloop
  endfacet
  facet normal 0 0 -1
    outer loop
      vertex 171.8 0 0
      vertex 173.8 0.535904 0
      vertex 173.331 0.304489 0
    endloop
  endfacet
  facet normal -0 0 -1
    outer loop
      vertex 174.628 119.228 0
      vertex 169.1 113.8 0
      vertex 174.235 119.573 0
    endloop
  endfacet
  facet normal 0 0 -1
    outer loop
      vertex 171.8 0 0
      vertex 173.331 0.304489 0
      vertex 172.835 0.136292 0
    endloop
  endfacet
  facet normal -0 0 -1
    outer loop
      vertex 174.235 119.573 0
      vertex 169.1 113.8 0
      vertex 173.8 119.864 0
    endloop
  endfacet
  facet normal 0 0 -1
    outer loop
      vertex 171.8 0 0
      vertex 172.835 0.136292 0
      vertex 172.322 0.0342255 0
    endloop
  endfacet
  facet normal -0 0 -1
    outer loop
      vertex 173.8 119.864 0
      vertex 169.1 113.8 0
      vertex 173.331 120.096 0
    endloop
  endfacet
  facet normal -0 0 -1
    outer loop
      vertex 175.8 4 0
      vertex 171.8 0 0
      vertex 169.1 16.68 0
    endloop
  endfacet
  facet normal -0 0 -1
    outer loop
      vertex 173.331 120.096 0
      vertex 169.1 113.8 0
      vertex 172.835 120.264 0
    endloop
  endfacet
  facet normal -0 0 -1
    outer loop
      vertex 172.835 120.264 0
      vertex 169.1 113.8 0
      vertex 172.322 120.366 0
    endloop
  endfacet
  facet normal 0 0 -1
    outer loop
      vertex 171.8 0 0
      vertex 6.7 16.68 0
      vertex 169.1 16.68 0
    endloop
  endfacet
  facet normal 0 0 -1
    outer loop
      vertex 0 4 0
      vertex 6.7 16.68 0
      vertex 4 0 0
    endloop
  endfacet
  facet normal 0 0 -1
    outer loop
      vertex 4 0 0
      vertex 6.7 16.68 0
      vertex 171.8 0 0
    endloop
  endfacet
  facet normal -0 0 -1
    outer loop
      vertex 172.322 120.366 0
      vertex 169.1 113.8 0
      vertex 171.8 120.4 0
    endloop
  endfacet
  facet normal 0 0 -1
    outer loop
      vertex 6.7 113.8 0
      vertex 171.8 120.4 0
      vertex 169.1 113.8 0
    endloop
  endfacet
  facet normal 0 0 -1
    outer loop
      vertex 6.7 113.8 0
      vertex 4 120.4 0
      vertex 171.8 120.4 0
    endloop
  endfacet
  facet normal 0 0 -1
    outer loop
      vertex 0 116.4 0
      vertex 6.7 16.68 0
      vertex 0 4 0
    endloop
  endfacet
  facet normal 0 0 -1
    outer loop
      vertex 0 4 0
      vertex 4 0 0
      vertex 3.47789 0.0342255 0
    endloop
  endfacet
  facet normal 0 0 -1
    outer loop
      vertex 6.7 16.68 0
      vertex 0 116.4 0
      vertex 6.7 113.8 0
    endloop
  endfacet
  facet normal 0 0 -1
    outer loop
      vertex 0 4 0
      vertex 3.47789 0.0342255 0
      vertex 2.96472 0.136292 0
    endloop
  endfacet
  facet normal 0 -0 -1
    outer loop
      vertex 0.535904 118.4 0
      vertex 6.7 113.8 0
      vertex 0 116.4 0
    endloop
  endfacet
  facet normal 0 0 -1
    outer loop
      vertex 0 4 0
      vertex 2.96472 0.136292 0
      vertex 2.46927 0.304489 0
    endloop
  endfacet
  facet normal 0 0 -1
    outer loop
      vertex 6.7 113.8 0
      vertex 3.47789 120.366 0
      vertex 4 120.4 0
    endloop
  endfacet
  facet normal 0 0 -1
    outer loop
      vertex 0 4 0
      vertex 2.46927 0.304489 0
      vertex 2 0.535904 0
    endloop
  endfacet
  facet normal 0 0 -1
    outer loop
      vertex 6.7 113.8 0
      vertex 2.96472 120.264 0
      vertex 3.47789 120.366 0
    endloop
  endfacet
  facet normal 0 0 -1
    outer loop
      vertex 0 4 0
      vertex 2 0.535904 0
      vertex 1.56496 0.826584 0
    endloop
  endfacet
  facet normal 0 0 -1
    outer loop
      vertex 6.7 113.8 0
      vertex 2.46927 120.096 0
      vertex 2.96472 120.264 0
    endloop
  endfacet
  facet normal 0 0 -1
    outer loop
      vertex 0 4 0
      vertex 1.56496 0.826584 0
      vertex 1.17157 1.17157 0
    endloop
  endfacet
  facet normal 0 0 -1
    outer loop
      vertex 6.7 113.8 0
      vertex 2 119.864 0
      vertex 2.46927 120.096 0
    endloop
  endfacet
  facet normal 0 0 -1
    outer loop
      vertex 0 4 0
      vertex 1.17157 1.17157 0
      vertex 0.826584 1.56496 0
    endloop
  endfacet
  facet normal 0 0 -1
    outer loop
      vertex 6.7 113.8 0
      vertex 1.56496 119.573 0
      vertex 2 119.864 0
    endloop
  endfacet
  facet normal 0 0 -1
    outer loop
      vertex 0 4 0
      vertex 0.826584 1.56496 0
      vertex 0.535904 2 0
    endloop
  endfacet
  facet normal 0 0 -1
    outer loop
      vertex 6.7 113.8 0
      vertex 1.17157 119.228 0
      vertex 1.56496 119.573 0
    endloop
  endfacet
  facet normal 0 0 -1
    outer loop
      vertex 0 4 0
      vertex 0.535904 2 0
      vertex 0.304489 2.46927 0
    endloop
  endfacet
  facet normal 0 0 -1
    outer loop
      vertex 6.7 113.8 0
      vertex 0.826584 118.835 0
      vertex 1.17157 119.228 0
    endloop
  endfacet
  facet normal 0 0 -1
    outer loop
      vertex 0 4 0
      vertex 0.304489 2.46927 0
      vertex 0.136292 2.96472 0
    endloop
  endfacet
  facet normal 0 0 -1
    outer loop
      vertex 6.7 113.8 0
      vertex 0.535904 118.4 0
      vertex 0.826584 118.835 0
    endloop
  endfacet
  facet normal 0 0 -1
    outer loop
      vertex 0 4 0
      vertex 0.136292 2.96472 0
      vertex 0.0342255 3.47789 0
    endloop
  endfacet
  facet normal 0 0 -1
    outer loop
      vertex 0.535904 118.4 0
      vertex 0 116.4 0
      vertex 0.304489 117.931 0
    endloop
  endfacet
  facet normal 0 0 -1
    outer loop
      vertex 0.304489 117.931 0
      vertex 0 116.4 0
      vertex 0.136292 117.435 0
    endloop
  endfacet
  facet normal 0 0 -1
    outer loop
      vertex 0.136292 117.435 0
      vertex 0 116.4 0
      vertex 0.0342255 116.922 0
    endloop
  endfacet
  facet normal 0.997886 -0.0649827 0
    outer loop
      vertex 175.766 3.47789 19.8
      vertex 175.8 4 0
      vertex 175.8 4 19.8
    endloop
  endfacet
  facet normal 0.997886 -0.0649827 0
    outer loop
      vertex 175.8 4 0
      vertex 175.766 3.47789 19.8
      vertex 175.766 3.47789 0
    endloop
  endfacet
  facet normal 0.443729 -0.896161 0
    outer loop
      vertex 173.331 0.304489 1.2
      vertex 173.331 0.304489 0
      vertex 173.4 0.338654 1.2
    endloop
  endfacet
  facet normal 0.443729 -0.896161 0
    outer loop
      vertex 173.4 0.338654 3.22
      vertex 173.331 0.304489 19.8
      vertex 173.331 0.304489 3.22
    endloop
  endfacet
  facet normal 0.442488 -0.896774 -6.4294e-06
    outer loop
      vertex 173.331 0.304489 19.8
      vertex 173.4 0.338654 3.22
      vertex 173.8 0.535904 19.8
    endloop
  endfacet
  facet normal 0.442274 -0.89688 0
    outer loop
      vertex 173.8 0.535904 0
      vertex 173.4 0.338654 3.22
      vertex 173.4 0.338654 1.2
    endloop
  endfacet
  facet normal 0.442274 -0.89688 0
    outer loop
      vertex 173.4 0.338654 3.22
      vertex 173.8 0.535904 0
      vertex 173.8 0.535904 19.8
    endloop
  endfacet
  facet normal 0.442488 -0.896774 8.88329e-05
    outer loop
      vertex 173.8 0.535904 0
      vertex 173.4 0.338654 1.2
      vertex 173.331 0.304489 0
    endloop
  endfacet
  facet normal -1 0 0
    outer loop
      vertex 173.4 120.061 1.2
      vertex 173.4 118.02 3.2
      vertex 173.4 120.061 3.22
    endloop
  endfacet
  facet normal -1 0 0
    outer loop
      vertex 173.4 120.061 1.2
      vertex 173.4 2.38 3.2
      vertex 173.4 118.02 3.2
    endloop
  endfacet
  facet normal -1 0 0
    outer loop
      vertex 173.4 0.338654 1.2
      vertex 173.4 2.38 3.2
      vertex 173.4 120.061 1.2
    endloop
  endfacet
  facet normal -1 0 0
    outer loop
      vertex 173.4 0.338654 3.22
      vertex 173.4 2.38 3.2
      vertex 173.4 0.338654 1.2
    endloop
  endfacet
  facet normal -1 0 0
    outer loop
      vertex 173.4 2.38 3.2
      vertex 173.4 0.338654 3.22
      vertex 173.4 2.38 3.22
    endloop
  endfacet
  facet normal -1 -0 0
    outer loop
      vertex 173.4 120.061 3.22
      vertex 173.4 118.02 3.2
      vertex 173.4 118.02 3.22
    endloop
  endfacet
  facet normal 0 0 1
    outer loop
      vertex 169.1 16.68 1.2
      vertex 76.9 9.38 1.2
      vertex 98.9 9.38 1.2
    endloop
  endfacet
  facet normal -0 0 1
    outer loop
      vertex 6.7 16.68 1.2
      vertex 76.9 9.38 1.2
      vertex 169.1 16.68 1.2
    endloop
  endfacet
  facet normal 0 0 1
    outer loop
      vertex 6.7 16.68 1.2
      vertex 76.9 0 1.2
      vertex 76.9 9.38 1.2
    endloop
  endfacet
  facet normal 0 0 1
    outer loop
      vertex 76.9 0 1.2
      vertex 6.7 16.68 1.2
      vertex 4 0 1.2
    endloop
  endfacet
  facet normal 0 0 1
    outer loop
      vertex 172.835 120.264 1.2
      vertex 173.4 120.061 1.2
      vertex 173.331 120.096 1.2
    endloop
  endfacet
  facet normal 0 0 1
    outer loop
      vertex 173.4 120.061 1.2
      vertex 169.1 16.68 1.2
      vertex 173.4 0.338654 1.2
    endloop
  endfacet
  facet normal 0 0 1
    outer loop
      vertex 172.105 120.38 1.2
      vertex 173.4 120.061 1.2
      vertex 172.835 120.264 1.2
    endloop
  endfacet
  facet normal 0 -0 1
    outer loop
      vertex 171.8 0 1.2
      vertex 173.4 0.338654 1.2
      vertex 169.1 16.68 1.2
    endloop
  endfacet
  facet normal 0 0 1
    outer loop
      vertex 172.105 120.38 1.2
      vertex 172.835 120.264 1.2
      vertex 172.322 120.366 1.2
    endloop
  endfacet
  facet normal 0 -0 1
    outer loop
      vertex 172.835 0.136292 1.2
      vertex 173.4 0.338654 1.2
      vertex 171.8 0 1.2
    endloop
  endfacet
  facet normal 0 0 1
    outer loop
      vertex 173.4 120.061 1.2
      vertex 172.105 120.38 1.2
      vertex 169.1 113.8 1.2
    endloop
  endfacet
  facet normal 0 0 1
    outer loop
      vertex 173.4 0.338654 1.2
      vertex 172.835 0.136292 1.2
      vertex 173.331 0.304489 1.2
    endloop
  endfacet
  facet normal 0 0 1
    outer loop
      vertex 173.4 120.061 1.2
      vertex 169.1 113.8 1.2
      vertex 169.1 16.68 1.2
    endloop
  endfacet
  facet normal 0 0 1
    outer loop
      vertex 172.105 120.38 1.2
      vertex 6.7 113.8 1.2
      vertex 169.1 113.8 1.2
    endloop
  endfacet
  facet normal 0 0 1
    outer loop
      vertex 2.4 120.061 1.2
      vertex 6.7 16.68 1.2
      vertex 6.7 113.8 1.2
    endloop
  endfacet
  facet normal -0 0 1
    outer loop
      vertex 3.69498 120.38 1.2
      vertex 6.7 113.8 1.2
      vertex 172.105 120.38 1.2
    endloop
  endfacet
  facet normal -0 0 1
    outer loop
      vertex 2.4 120.061 1.2
      vertex 6.7 113.8 1.2
      vertex 3.69498 120.38 1.2
    endloop
  endfacet
  facet normal 0 0 1
    outer loop
      vertex 2.96472 120.264 1.2
      vertex 3.69498 120.38 1.2
      vertex 3.47789 120.366 1.2
    endloop
  endfacet
  facet normal 0 0 1
    outer loop
      vertex 6.7 16.68 1.2
      vertex 2.4 120.061 1.2
      vertex 2.4 0.338648 1.2
    endloop
  endfacet
  facet normal 0 0 1
    outer loop
      vertex 3.69498 120.38 1.2
      vertex 2.96472 120.264 1.2
      vertex 2.4 120.061 1.2
    endloop
  endfacet
  facet normal 0 0 1
    outer loop
      vertex 6.7 16.68 1.2
      vertex 2.4 0.338648 1.2
      vertex 4 0 1.2
    endloop
  endfacet
  facet normal 0 0 1
    outer loop
      vertex 2.4 120.061 1.2
      vertex 2.96472 120.264 1.2
      vertex 2.46927 120.096 1.2
    endloop
  endfacet
  facet normal 0 0 1
    outer loop
      vertex 4 0 1.2
      vertex 2.4 0.338648 1.2
      vertex 3.47789 0.0342255 1.2
    endloop
  endfacet
  facet normal 0 0 1
    outer loop
      vertex 3.47789 0.0342255 1.2
      vertex 2.4 0.338648 1.2
      vertex 2.96472 0.136292 1.2
    endloop
  endfacet
  facet normal 0 0 1
    outer loop
      vertex 2.96472 0.136292 1.2
      vertex 2.4 0.338648 1.2
      vertex 2.46927 0.304489 1.2
    endloop
  endfacet
  facet normal 0 0 1
    outer loop
      vertex 172.835 0.136292 1.2
      vertex 171.8 0 1.2
      vertex 172.322 0.0342255 1.2
    endloop
  endfacet
  facet normal 0 0 1
    outer loop
      vertex 98.9 0 1.2
      vertex 169.1 16.68 1.2
      vertex 98.9 9.38 1.2
    endloop
  endfacet
  facet normal 0 0 1
    outer loop
      vertex 169.1 16.68 1.2
      vertex 98.9 0 1.2
      vertex 171.8 0 1.2
    endloop
  endfacet
  facet normal 1 0 0
    outer loop
      vertex 2.4 2.38 3.22
      vertex 2.4 0.338648 3.22
      vertex 2.4 2.38 3.2
    endloop
  endfacet
  facet normal 1 0 0
    outer loop
      vertex 2.4 118.02 3.2
      vertex 2.4 120.061 3.22
      vertex 2.4 118.02 3.22
    endloop
  endfacet
  facet normal 1 0 0
    outer loop
      vertex 2.4 120.061 3.22
      vertex 2.4 118.02 3.2
      vertex 2.4 120.061 1.2
    endloop
  endfacet
  facet normal 1 -0 0
    outer loop
      vertex 2.4 2.38 3.2
      vertex 2.4 120.061 1.2
      vertex 2.4 118.02 3.2
    endloop
  endfacet
  facet normal 1 0 0
    outer loop
      vertex 2.4 0.338648 1.2
      vertex 2.4 2.38 3.2
      vertex 2.4 0.338648 3.22
    endloop
  endfacet
  facet normal 1 0 0
    outer loop
      vertex 2.4 2.38 3.2
      vertex 2.4 0.338648 1.2
      vertex 2.4 120.061 1.2
    endloop
  endfacet
  facet normal 0 -1 0
    outer loop
      vertex 3.69498 120.38 1.2
      vertex 172.105 120.38 3.22
      vertex 3.69498 120.38 3.22
    endloop
  endfacet
  facet normal 0 -1 -0
    outer loop
      vertex 172.105 120.38 3.22
      vertex 3.69498 120.38 1.2
      vertex 172.105 120.38 1.2
    endloop
  endfacet
  facet normal -0 0 1
    outer loop
      vertex 2.35 65.2 16.8
      vertex 2.39999 55.2 16.8
      vertex 2.39999 65.2 16.8
    endloop
  endfacet
  facet normal 0 0 1
    outer loop
      vertex 2.39999 55.2 16.8
      vertex 2.35 65.2 16.8
      vertex 2.35 55.2 16.8
    endloop
  endfacet
  facet normal 1 -0 0
    outer loop
      vertex 2.35 55.2 19.8
      vertex 2.35 65.2 16.8
      vertex 2.35 65.2 19.8
    endloop
  endfacet
  facet normal 1 0 0
    outer loop
      vertex 2.35 65.2 16.8
      vertex 2.35 55.2 19.8
      vertex 2.35 55.2 16.8
    endloop
  endfacet
  facet normal 0 -1 0
    outer loop
      vertex 2.35 65.2 16.8
      vertex 2.39999 65.2 19.8
      vertex 2.35 65.2 19.8
    endloop
  endfacet
  facet normal 0 -1 -0
    outer loop
      vertex 2.39999 65.2 19.8
      vertex 2.35 65.2 16.8
      vertex 2.39999 65.2 16.8
    endloop
  endfacet
  facet normal 0 1 -0
    outer loop
      vertex 2.39999 55.2 16.8
      vertex 2.35 55.2 19.8
      vertex 2.39999 55.2 19.8
    endloop
  endfacet
  facet normal 0 1 0
    outer loop
      vertex 2.35 55.2 19.8
      vertex 2.39999 55.2 16.8
      vertex 2.35 55.2 16.8
    endloop
  endfacet
  facet normal -1 0 0
    outer loop
      vertex 173.6 55.2 16.8
      vertex 173.6 65.2 19.8
      vertex 173.6 65.2 16.8
    endloop
  endfacet
  facet normal -1 -0 0
    outer loop
      vertex 173.6 65.2 19.8
      vertex 173.6 55.2 16.8
      vertex 173.6 55.2 19.8
    endloop
  endfacet
  facet normal -0 0 1
    outer loop
      vertex 173.4 65.2 16.8
      vertex 173.6 55.2 16.8
      vertex 173.6 65.2 16.8
    endloop
  endfacet
  facet normal 0 0 1
    outer loop
      vertex 173.6 55.2 16.8
      vertex 173.4 65.2 16.8
      vertex 173.4 55.2 16.8
    endloop
  endfacet
  facet normal 0 -1 0
    outer loop
      vertex 173.4 65.2 16.8
      vertex 173.6 65.2 19.8
      vertex 173.4 65.2 19.8
    endloop
  endfacet
  facet normal 0 -1 -0
    outer loop
      vertex 173.6 65.2 19.8
      vertex 173.4 65.2 16.8
      vertex 173.6 65.2 16.8
    endloop
  endfacet
  facet normal 0 1 -0
    outer loop
      vertex 173.6 55.2 16.8
      vertex 173.4 55.2 19.8
      vertex 173.6 55.2 19.8
    endloop
  endfacet
  facet normal 0 1 0
    outer loop
      vertex 173.4 55.2 19.8
      vertex 173.6 55.2 16.8
      vertex 173.4 55.2 16.8
    endloop
  endfacet
  facet normal -1 0 0
    outer loop
      vertex 169.1 16.68 0
      vertex 169.1 113.8 1.2
      vertex 169.1 113.8 0
    endloop
  endfacet
  facet normal -1 -0 0
    outer loop
      vertex 169.1 113.8 1.2
      vertex 169.1 16.68 0
      vertex 169.1 16.68 1.2
    endloop
  endfacet
  facet normal 1 -0 0
    outer loop
      vertex 6.7 16.68 1.2
      vertex 6.7 113.8 0
      vertex 6.7 113.8 1.2
    endloop
  endfacet
  facet normal 1 0 0
    outer loop
      vertex 6.7 113.8 0
      vertex 6.7 16.68 1.2
      vertex 6.7 16.68 0
    endloop
  endfacet
  facet normal 0 -1 0
    outer loop
      vertex 6.7 113.8 0
      vertex 169.1 113.8 1.2
      vertex 6.7 113.8 1.2
    endloop
  endfacet
  facet normal 0 -1 -0
    outer loop
      vertex 169.1 113.8 1.2
      vertex 6.7 113.8 0
      vertex 169.1 113.8 0
    endloop
  endfacet
  facet normal 0 1 -0
    outer loop
      vertex 169.1 16.68 0
      vertex 6.7 16.68 1.2
      vertex 169.1 16.68 1.2
    endloop
  endfacet
  facet normal 0 1 0
    outer loop
      vertex 6.7 16.68 1.2
      vertex 169.1 16.68 0
      vertex 6.7 16.68 0
    endloop
  endfacet
  facet normal 0 0 -1
    outer loop
      vertex 4 0 3.22
      vertex 76.9 2.38 3.22
      vertex 76.9 0 3.22
    endloop
  endfacet
  facet normal 0 0 -1
    outer loop
      vertex 2.4 2.38 3.22
      vertex 4 0 3.22
      vertex 3.47789 0.0342255 3.22
    endloop
  endfacet
  facet normal 0 0 -1
    outer loop
      vertex 2.4 2.38 3.22
      vertex 3.47789 0.0342255 3.22
      vertex 2.96472 0.136292 3.22
    endloop
  endfacet
  facet normal 0 0 -1
    outer loop
      vertex 2.4 2.38 3.22
      vertex 2.96472 0.136292 3.22
      vertex 2.46927 0.304489 3.22
    endloop
  endfacet
  facet normal 0 0 -1
    outer loop
      vertex 2.4 2.38 3.22
      vertex 2.46927 0.304489 3.22
      vertex 2.4 0.338648 3.22
    endloop
  endfacet
  facet normal 0 0 -1
    outer loop
      vertex 4 0 3.22
      vertex 2.4 2.38 3.22
      vertex 76.9 2.38 3.22
    endloop
  endfacet
  facet normal 0 0 -1
    outer loop
      vertex 173.4 118.02 3.22
      vertex 173.331 120.096 3.22
      vertex 173.4 120.061 3.22
    endloop
  endfacet
  facet normal 0 0 -1
    outer loop
      vertex 173.4 118.02 3.22
      vertex 172.835 120.264 3.22
      vertex 173.331 120.096 3.22
    endloop
  endfacet
  facet normal 0 0 -1
    outer loop
      vertex 173.4 118.02 3.22
      vertex 172.322 120.366 3.22
      vertex 172.835 120.264 3.22
    endloop
  endfacet
  facet normal 0 0 -1
    outer loop
      vertex 173.4 118.02 3.22
      vertex 172.105 120.38 3.22
      vertex 172.322 120.366 3.22
    endloop
  endfacet
  facet normal 0 0 -1
    outer loop
      vertex 173.4 118.02 3.22
      vertex 3.69498 120.38 3.22
      vertex 172.105 120.38 3.22
    endloop
  endfacet
  facet normal 0 0 -1
    outer loop
      vertex 2.4 118.02 3.22
      vertex 3.69498 120.38 3.22
      vertex 173.4 118.02 3.22
    endloop
  endfacet
  facet normal 0 0 -1
    outer loop
      vertex 3.69498 120.38 3.22
      vertex 2.4 118.02 3.22
      vertex 3.47789 120.366 3.22
    endloop
  endfacet
  facet normal 0 0 -1
    outer loop
      vertex 3.47789 120.366 3.22
      vertex 2.4 118.02 3.22
      vertex 2.96472 120.264 3.22
    endloop
  endfacet
  facet normal 0 0 -1
    outer loop
      vertex 2.96472 120.264 3.22
      vertex 2.4 118.02 3.22
      vertex 2.46927 120.096 3.22
    endloop
  endfacet
  facet normal 0 0 -1
    outer loop
      vertex 2.46927 120.096 3.22
      vertex 2.4 118.02 3.22
      vertex 2.4 120.061 3.22
    endloop
  endfacet
  facet normal 0 0 -1
    outer loop
      vertex 173.331 0.304489 3.22
      vertex 173.4 2.38 3.22
      vertex 173.4 0.338654 3.22
    endloop
  endfacet
  facet normal 0 0 -1
    outer loop
      vertex 172.835 0.136292 3.22
      vertex 173.4 2.38 3.22
      vertex 173.331 0.304489 3.22
    endloop
  endfacet
  facet normal 0 0 -1
    outer loop
      vertex 172.322 0.0342255 3.22
      vertex 173.4 2.38 3.22
      vertex 172.835 0.136292 3.22
    endloop
  endfacet
  facet normal 0 0 -1
    outer loop
      vertex 171.8 0 3.22
      vertex 173.4 2.38 3.22
      vertex 172.322 0.0342255 3.22
    endloop
  endfacet
  facet normal 0 0 -1
    outer loop
      vertex 98.9 2.38 3.22
      vertex 171.8 0 3.22
      vertex 98.9 0 3.22
    endloop
  endfacet
  facet normal 0 0 -1
    outer loop
      vertex 171.8 0 3.22
      vertex 98.9 2.38 3.22
      vertex 173.4 2.38 3.22
    endloop
  endfacet
  facet normal 0.980737 -0.195334 0
    outer loop
      vertex 2.41368 116.609 19.8
      vertex 2.45451 116.814 4.6
      vertex 2.45451 116.814 19.8
    endloop
  endfacet
  facet normal 0.980737 -0.195334 0
    outer loop
      vertex 2.45451 116.814 4.6
      vertex 2.41368 116.609 19.8
      vertex 2.41368 116.609 4.6
    endloop
  endfacet
  facet normal -0.0653623 0.997862 0
    outer loop
      vertex 172.009 2.41368 4.6
      vertex 171.8 2.39999 19.8
      vertex 172.009 2.41368 19.8
    endloop
  endfacet
  facet normal -0.0653623 0.997862 0
    outer loop
      vertex 171.8 2.39999 19.8
      vertex 172.009 2.41368 4.6
      vertex 171.8 2.39999 4.6
    endloop
  endfacet
  facet normal 0.997859 0.0654091 0
    outer loop
      vertex 2.41368 3.79115 19.8
      vertex 2.39999 4 4.6
      vertex 2.39999 4 19.8
    endloop
  endfacet
  facet normal 0.997859 0.0654091 0
    outer loop
      vertex 2.39999 4 4.6
      vertex 2.41368 3.79115 19.8
      vertex 2.41368 3.79115 4.6
    endloop
  endfacet
  facet normal 0.555604 0.831447 -0
    outer loop
      vertex 3.2 2.61436 4.6
      vertex 3.02599 2.73064 19.8
      vertex 3.2 2.61436 19.8
    endloop
  endfacet
  facet normal 0.555604 0.831447 0
    outer loop
      vertex 3.02599 2.73064 19.8
      vertex 3.2 2.61436 4.6
      vertex 3.02599 2.73064 4.6
    endloop
  endfacet
  facet normal 0.997862 -0.0653623 0
    outer loop
      vertex 2.39999 116.4 19.8
      vertex 2.41368 116.609 4.6
      vertex 2.41368 116.609 19.8
    endloop
  endfacet
  facet normal 0.997862 -0.0653623 0
    outer loop
      vertex 2.41368 116.609 4.6
      vertex 2.39999 116.4 19.8
      vertex 2.39999 116.4 4.6
    endloop
  endfacet
  facet normal 1 0 0
    outer loop
      vertex 2.39999 55.2 19.8
      vertex 2.39999 44.43 12.5
      vertex 2.39999 55.2 16.8
    endloop
  endfacet
  facet normal 1 0 0
    outer loop
      vertex 2.39999 55.2 19.8
      vertex 2.39999 33.83 12.5
      vertex 2.39999 44.43 12.5
    endloop
  endfacet
  facet normal 1 0 0
    outer loop
      vertex 2.39999 4 4.6
      vertex 2.39999 33.83 12.5
      vertex 2.39999 4 19.8
    endloop
  endfacet
  facet normal 1 -0 0
    outer loop
      vertex 2.39999 4 19.8
      vertex 2.39999 33.83 12.5
      vertex 2.39999 55.2 19.8
    endloop
  endfacet
  facet normal 1 0 0
    outer loop
      vertex 2.39999 65.2 16.8
      vertex 2.39999 116.4 19.8
      vertex 2.39999 65.2 19.8
    endloop
  endfacet
  facet normal 1 0 0
    outer loop
      vertex 2.39999 116.4 19.8
      vertex 2.39999 65.2 16.8
      vertex 2.39999 116.4 4.6
    endloop
  endfacet
  facet normal 1 0 0
    outer loop
      vertex 2.39999 44.43 7.5
      vertex 2.39999 65.2 16.8
      vertex 2.39999 55.2 16.8
    endloop
  endfacet
  facet normal 1 0 0
    outer loop
      vertex 2.39999 44.43 7.5
      vertex 2.39999 55.2 16.8
      vertex 2.39999 44.43 12.5
    endloop
  endfacet
  facet normal 1 0 0
    outer loop
      vertex 2.39999 65.2 16.8
      vertex 2.39999 44.43 7.5
      vertex 2.39999 116.4 4.6
    endloop
  endfacet
  facet normal 1 0 0
    outer loop
      vertex 2.39999 4 4.6
      vertex 2.39999 44.43 7.5
      vertex 2.39999 33.83 7.5
    endloop
  endfacet
  facet normal 1 0 0
    outer loop
      vertex 2.39999 44.43 7.5
      vertex 2.39999 4 4.6
      vertex 2.39999 116.4 4.6
    endloop
  endfacet
  facet normal 1 0 0
    outer loop
      vertex 2.39999 33.83 12.5
      vertex 2.39999 4 4.6
      vertex 2.39999 33.83 7.5
    endloop
  endfacet
  facet normal 0.321469 0.94692 -0
    outer loop
      vertex 3.58589 2.45451 4.6
      vertex 3.38771 2.52179 19.8
      vertex 3.58589 2.45451 19.8
    endloop
  endfacet
  facet normal 0.321469 0.94692 0
    outer loop
      vertex 3.38771 2.52179 19.8
      vertex 3.58589 2.45451 4.6
      vertex 3.38771 2.52179 4.6
    endloop
  endfacet
  facet normal -0.0668359 -0.997764 0
    outer loop
      vertex 171.8 118 4.6
      vertex 172.009 117.986 19.8
      vertex 171.8 118 19.8
    endloop
  endfacet
  facet normal -0.0668359 -0.997764 -0
    outer loop
      vertex 172.009 117.986 19.8
      vertex 171.8 118 4.6
      vertex 172.009 117.986 4.6
    endloop
  endfacet
  facet normal 0.0654091 0.997859 -0
    outer loop
      vertex 4 2.39999 4.6
      vertex 3.79115 2.41368 19.8
      vertex 4 2.39999 19.8
    endloop
  endfacet
  facet normal 0.0654091 0.997859 0
    outer loop
      vertex 3.79115 2.41368 19.8
      vertex 4 2.39999 4.6
      vertex 3.79115 2.41368 4.6
    endloop
  endfacet
  facet normal -0.660142 0.75114 0
    outer loop
      vertex 172.931 2.86862 4.6
      vertex 172.774 2.73064 19.8
      vertex 172.931 2.86862 19.8
    endloop
  endfacet
  facet normal -0.660142 0.75114 0
    outer loop
      vertex 172.774 2.73064 19.8
      vertex 172.931 2.86862 4.6
      vertex 172.774 2.73064 4.6
    endloop
  endfacet
  facet normal 0.442295 0.89687 -0
    outer loop
      vertex 3.38771 2.52179 4.6
      vertex 3.2 2.61436 19.8
      vertex 3.38771 2.52179 19.8
    endloop
  endfacet
  facet normal 0.442295 0.89687 0
    outer loop
      vertex 3.2 2.61436 19.8
      vertex 3.38771 2.52179 4.6
      vertex 3.2 2.61436 4.6
    endloop
  endfacet
  facet normal 0.195877 -0.980628 0
    outer loop
      vertex 3.58589 117.945 4.6
      vertex 3.79115 117.986 19.8
      vertex 3.58589 117.945 19.8
    endloop
  endfacet
  facet normal 0.195877 -0.980628 0
    outer loop
      vertex 3.79115 117.986 19.8
      vertex 3.58589 117.945 4.6
      vertex 3.79115 117.986 4.6
    endloop
  endfacet
  facet normal 0 1 -0
    outer loop
      vertex 76.9 2.39999 4.6
      vertex 4 2.39999 19.8
      vertex 76.9 2.39999 19.8
    endloop
  endfacet
  facet normal 0 1 0
    outer loop
      vertex 4 2.39999 19.8
      vertex 76.9 2.39999 4.6
      vertex 4 2.39999 4.6
    endloop
  endfacet
  facet normal 0 1 -0
    outer loop
      vertex 171.8 2.39999 4.6
      vertex 98.9 2.39999 19.8
      vertex 171.8 2.39999 19.8
    endloop
  endfacet
  facet normal 0 1 0
    outer loop
      vertex 98.9 2.39999 19.8
      vertex 171.8 2.39999 4.6
      vertex 98.9 2.39999 4.6
    endloop
  endfacet
  facet normal 0.4401 -0.897949 0
    outer loop
      vertex 3.2 117.786 4.6
      vertex 3.38771 117.878 19.8
      vertex 3.2 117.786 19.8
    endloop
  endfacet
  facet normal 0.4401 -0.897949 0
    outer loop
      vertex 3.38771 117.878 19.8
      vertex 3.2 117.786 4.6
      vertex 3.38771 117.878 4.6
    endloop
  endfacet
  facet normal 0.89714 -0.441746 0
    outer loop
      vertex 2.52179 117.012 19.8
      vertex 2.61436 117.2 4.6
      vertex 2.61436 117.2 19.8
    endloop
  endfacet
  facet normal 0.89714 -0.441746 0
    outer loop
      vertex 2.61436 117.2 4.6
      vertex 2.52179 117.012 19.8
      vertex 2.52179 117.012 4.6
    endloop
  endfacet
  facet normal 0.659265 0.75191 -0
    outer loop
      vertex 3.02599 2.73064 4.6
      vertex 2.86862 2.86862 19.8
      vertex 3.02599 2.73064 19.8
    endloop
  endfacet
  facet normal 0.659265 0.75191 0
    outer loop
      vertex 2.86862 2.86862 19.8
      vertex 3.02599 2.73064 4.6
      vertex 2.86862 2.86862 4.6
    endloop
  endfacet
  facet normal 0 -1 0
    outer loop
      vertex 4 118 4.6
      vertex 171.8 118 19.8
      vertex 4 118 19.8
    endloop
  endfacet
  facet normal 0 -1 -0
    outer loop
      vertex 171.8 118 19.8
      vertex 4 118 4.6
      vertex 171.8 118 4.6
    endloop
  endfacet
  facet normal 0.195096 0.980784 -0
    outer loop
      vertex 3.79115 2.41368 4.6
      vertex 3.58589 2.45451 19.8
      vertex 3.79115 2.41368 19.8
    endloop
  endfacet
  facet normal 0.195096 0.980784 0
    outer loop
      vertex 3.58589 2.45451 19.8
      vertex 3.79115 2.41368 4.6
      vertex 3.58589 2.45451 4.6
    endloop
  endfacet
  facet normal 0.831432 -0.555626 0
    outer loop
      vertex 2.61436 117.2 19.8
      vertex 2.73064 117.374 4.6
      vertex 2.73064 117.374 19.8
    endloop
  endfacet
  facet normal 0.831432 -0.555626 0
    outer loop
      vertex 2.73064 117.374 4.6
      vertex 2.61436 117.2 19.8
      vertex 2.61436 117.2 4.6
    endloop
  endfacet
  facet normal -0.439553 -0.898217 0
    outer loop
      vertex 172.412 117.878 4.6
      vertex 172.6 117.786 19.8
      vertex 172.412 117.878 19.8
    endloop
  endfacet
  facet normal -0.439553 -0.898217 -0
    outer loop
      vertex 172.6 117.786 19.8
      vertex 172.412 117.878 4.6
      vertex 172.6 117.786 4.6
    endloop
  endfacet
  facet normal 0.89687 0.442295 0
    outer loop
      vertex 2.61436 3.2 19.8
      vertex 2.52179 3.38771 4.6
      vertex 2.52179 3.38771 19.8
    endloop
  endfacet
  facet normal 0.89687 0.442295 0
    outer loop
      vertex 2.52179 3.38771 4.6
      vertex 2.61436 3.2 19.8
      vertex 2.61436 3.2 4.6
    endloop
  endfacet
  facet normal 0.659319 -0.751863 0
    outer loop
      vertex 2.86862 117.531 4.6
      vertex 3.02599 117.669 19.8
      vertex 2.86862 117.531 19.8
    endloop
  endfacet
  facet normal 0.659319 -0.751863 0
    outer loop
      vertex 3.02599 117.669 19.8
      vertex 2.86862 117.531 4.6
      vertex 3.02599 117.669 4.6
    endloop
  endfacet
  facet normal 0.0668837 -0.997761 0
    outer loop
      vertex 3.79115 117.986 4.6
      vertex 4 118 19.8
      vertex 3.79115 117.986 19.8
    endloop
  endfacet
  facet normal 0.0668837 -0.997761 0
    outer loop
      vertex 4 118 19.8
      vertex 3.79115 117.986 4.6
      vertex 4 118 4.6
    endloop
  endfacet
  facet normal -0.196116 -0.980581 0
    outer loop
      vertex 172.009 117.986 4.6
      vertex 172.214 117.945 19.8
      vertex 172.009 117.986 19.8
    endloop
  endfacet
  facet normal -0.196116 -0.980581 -0
    outer loop
      vertex 172.214 117.945 19.8
      vertex 172.009 117.986 4.6
      vertex 172.214 117.945 4.6
    endloop
  endfacet
  facet normal 0.831447 0.555604 0
    outer loop
      vertex 2.73064 3.02599 19.8
      vertex 2.61436 3.2 4.6
      vertex 2.61436 3.2 19.8
    endloop
  endfacet
  facet normal 0.831447 0.555604 0
    outer loop
      vertex 2.61436 3.2 4.6
      vertex 2.73064 3.02599 19.8
      vertex 2.73064 3.02599 4.6
    endloop
  endfacet
  facet normal -0.32053 -0.947238 0
    outer loop
      vertex 172.214 117.945 4.6
      vertex 172.412 117.878 19.8
      vertex 172.214 117.945 19.8
    endloop
  endfacet
  facet normal -0.32053 -0.947238 -0
    outer loop
      vertex 172.412 117.878 19.8
      vertex 172.214 117.945 4.6
      vertex 172.412 117.878 4.6
    endloop
  endfacet
  facet normal 0.320269 -0.947327 0
    outer loop
      vertex 3.38771 117.878 4.6
      vertex 3.58589 117.945 19.8
      vertex 3.38771 117.878 19.8
    endloop
  endfacet
  facet normal 0.320269 -0.947327 0
    outer loop
      vertex 3.58589 117.945 19.8
      vertex 3.38771 117.878 4.6
      vertex 3.58589 117.945 4.6
    endloop
  endfacet
  facet normal -0.980581 -0.196116 0
    outer loop
      vertex 173.386 116.609 4.6
      vertex 173.345 116.814 19.8
      vertex 173.345 116.814 4.6
    endloop
  endfacet
  facet normal -0.980581 -0.196116 0
    outer loop
      vertex 173.345 116.814 19.8
      vertex 173.386 116.609 4.6
      vertex 173.386 116.609 19.8
    endloop
  endfacet
  facet normal -0.898217 -0.439553 0
    outer loop
      vertex 173.278 117.012 4.6
      vertex 173.186 117.2 19.8
      vertex 173.186 117.2 4.6
    endloop
  endfacet
  facet normal -0.898217 -0.439553 0
    outer loop
      vertex 173.186 117.2 19.8
      vertex 173.278 117.012 4.6
      vertex 173.278 117.012 19.8
    endloop
  endfacet
  facet normal 0.946831 -0.321731 0
    outer loop
      vertex 2.45451 116.814 19.8
      vertex 2.52179 117.012 4.6
      vertex 2.52179 117.012 19.8
    endloop
  endfacet
  facet normal 0.946831 -0.321731 0
    outer loop
      vertex 2.52179 117.012 4.6
      vertex 2.45451 116.814 19.8
      vertex 2.45451 116.814 4.6
    endloop
  endfacet
  facet normal -0.751093 -0.660196 0
    outer loop
      vertex 173.069 117.374 4.6
      vertex 172.931 117.531 19.8
      vertex 172.931 117.531 4.6
    endloop
  endfacet
  facet normal -0.751093 -0.660196 0
    outer loop
      vertex 172.931 117.531 19.8
      vertex 173.069 117.374 4.6
      vertex 173.069 117.374 19.8
    endloop
  endfacet
  facet normal 0.557976 -0.829857 0
    outer loop
      vertex 3.02599 117.669 4.6
      vertex 3.2 117.786 19.8
      vertex 3.02599 117.669 19.8
    endloop
  endfacet
  facet normal 0.557976 -0.829857 0
    outer loop
      vertex 3.2 117.786 19.8
      vertex 3.02599 117.669 4.6
      vertex 3.2 117.786 4.6
    endloop
  endfacet
  facet normal -1 0 0
    outer loop
      vertex 173.4 116.4 4.6
      vertex 173.4 65.2 16.8
      vertex 173.4 116.4 19.8
    endloop
  endfacet
  facet normal -1 0 0
    outer loop
      vertex 173.4 116.4 4.6
      vertex 173.4 55.2 16.8
      vertex 173.4 65.2 16.8
    endloop
  endfacet
  facet normal -1 0 0
    outer loop
      vertex 173.4 4 4.6
      vertex 173.4 55.2 16.8
      vertex 173.4 116.4 4.6
    endloop
  endfacet
  facet normal -1 0 0
    outer loop
      vertex 173.4 4 19.8
      vertex 173.4 55.2 16.8
      vertex 173.4 4 4.6
    endloop
  endfacet
  facet normal -1 0 0
    outer loop
      vertex 173.4 55.2 16.8
      vertex 173.4 4 19.8
      vertex 173.4 55.2 19.8
    endloop
  endfacet
  facet normal -1 -0 0
    outer loop
      vertex 173.4 116.4 19.8
      vertex 173.4 65.2 16.8
      vertex 173.4 65.2 19.8
    endloop
  endfacet
  facet normal -0.557998 -0.829843 0
    outer loop
      vertex 172.6 117.786 4.6
      vertex 172.774 117.669 19.8
      vertex 172.6 117.786 19.8
    endloop
  endfacet
  facet normal -0.557998 -0.829843 -0
    outer loop
      vertex 172.774 117.669 19.8
      vertex 172.6 117.786 4.6
      vertex 172.774 117.669 4.6
    endloop
  endfacet
  facet normal -0.195334 0.980737 0
    outer loop
      vertex 172.214 2.45451 4.6
      vertex 172.009 2.41368 19.8
      vertex 172.214 2.45451 19.8
    endloop
  endfacet
  facet normal -0.195334 0.980737 0
    outer loop
      vertex 172.009 2.41368 19.8
      vertex 172.214 2.45451 4.6
      vertex 172.009 2.41368 4.6
    endloop
  endfacet
  facet normal 0.94692 0.321469 0
    outer loop
      vertex 2.52179 3.38771 19.8
      vertex 2.45451 3.58589 4.6
      vertex 2.45451 3.58589 19.8
    endloop
  endfacet
  facet normal 0.94692 0.321469 0
    outer loop
      vertex 2.45451 3.58589 4.6
      vertex 2.52179 3.38771 19.8
      vertex 2.52179 3.38771 4.6
    endloop
  endfacet
  facet normal -0.897949 0.4401 0
    outer loop
      vertex 173.186 3.2 4.6
      vertex 173.278 3.38771 19.8
      vertex 173.278 3.38771 4.6
    endloop
  endfacet
  facet normal -0.897949 0.4401 0
    outer loop
      vertex 173.278 3.38771 19.8
      vertex 173.186 3.2 4.6
      vertex 173.186 3.2 19.8
    endloop
  endfacet
  facet normal -0.947238 -0.32053 0
    outer loop
      vertex 173.345 116.814 4.6
      vertex 173.278 117.012 19.8
      vertex 173.278 117.012 4.6
    endloop
  endfacet
  facet normal -0.947238 -0.32053 0
    outer loop
      vertex 173.278 117.012 19.8
      vertex 173.345 116.814 4.6
      vertex 173.345 116.814 19.8
    endloop
  endfacet
  facet normal 0 0 -1
    outer loop
      vertex 10.1336 8.23939 3.2
      vertex 76.9 2.38 3.2
      vertex 10.2807 7.80587 3.2
    endloop
  endfacet
  facet normal 0 0 -1
    outer loop
      vertex 76.9 57.36 3.2
      vertex 10.3701 113.043 3.2
      vertex 10.4 113.5 3.2
    endloop
  endfacet
  facet normal 0 0 -1
    outer loop
      vertex 9.93109 8.65 3.2
      vertex 76.9 2.38 3.2
      vertex 10.1336 8.23939 3.2
    endloop
  endfacet
  facet normal 0 0 -1
    outer loop
      vertex 76.9 57.36 3.2
      vertex 10.2807 112.594 3.2
      vertex 10.3701 113.043 3.2
    endloop
  endfacet
  facet normal 0 0 -1
    outer loop
      vertex 76.9 2.38 3.2
      vertex 9.93109 8.65 3.2
      vertex 76.9 57.36 3.2
    endloop
  endfacet
  facet normal 0 0 -1
    outer loop
      vertex 76.9 57.36 3.2
      vertex 10.1336 112.161 3.2
      vertex 10.2807 112.594 3.2
    endloop
  endfacet
  facet normal 0 0 -1
    outer loop
      vertex 9.67674 9.03066 3.2
      vertex 76.9 57.36 3.2
      vertex 9.93109 8.65 3.2
    endloop
  endfacet
  facet normal 0 0 -1
    outer loop
      vertex 76.9 57.36 3.2
      vertex 9.93109 111.75 3.2
      vertex 10.1336 112.161 3.2
    endloop
  endfacet
  facet normal 0 0 -1
    outer loop
      vertex 9.37487 9.37487 3.2
      vertex 76.9 57.36 3.2
      vertex 9.67674 9.03066 3.2
    endloop
  endfacet
  facet normal 0 0 -1
    outer loop
      vertex 76.9 57.36 3.2
      vertex 9.67674 111.369 3.2
      vertex 9.93109 111.75 3.2
    endloop
  endfacet
  facet normal 0 0 -1
    outer loop
      vertex 9.03066 9.67674 3.2
      vertex 76.9 57.36 3.2
      vertex 9.37487 9.37487 3.2
    endloop
  endfacet
  facet normal 0 0 -1
    outer loop
      vertex 76.9 57.36 3.2
      vertex 9.37487 111.025 3.2
      vertex 9.67674 111.369 3.2
    endloop
  endfacet
  facet normal 0 0 -1
    outer loop
      vertex 8.65 9.93109 3.2
      vertex 76.9 57.36 3.2
      vertex 9.03066 9.67674 3.2
    endloop
  endfacet
  facet normal 0 0 -1
    outer loop
      vertex 76.9 57.36 3.2
      vertex 9.03066 110.723 3.2
      vertex 9.37487 111.025 3.2
    endloop
  endfacet
  facet normal 0 0 -1
    outer loop
      vertex 8.23939 10.1336 3.2
      vertex 76.9 57.36 3.2
      vertex 8.65 9.93109 3.2
    endloop
  endfacet
  facet normal 0 0 -1
    outer loop
      vertex 76.9 57.36 3.2
      vertex 8.65 110.469 3.2
      vertex 9.03066 110.723 3.2
    endloop
  endfacet
  facet normal 0 0 -1
    outer loop
      vertex 7.80587 10.2807 3.2
      vertex 76.9 57.36 3.2
      vertex 8.23939 10.1336 3.2
    endloop
  endfacet
  facet normal 0 0 -1
    outer loop
      vertex 76.9 57.36 3.2
      vertex 8.23939 110.266 3.2
      vertex 8.65 110.469 3.2
    endloop
  endfacet
  facet normal 0 0 -1
    outer loop
      vertex 7.80587 110.119 3.2
      vertex 76.9 57.36 3.2
      vertex 7.80587 10.2807 3.2
    endloop
  endfacet
  facet normal 0 0 -1
    outer loop
      vertex 76.9 57.36 3.2
      vertex 7.80587 110.119 3.2
      vertex 8.23939 110.266 3.2
    endloop
  endfacet
  facet normal 0 0 -1
    outer loop
      vertex 7.35684 10.3701 3.2
      vertex 7.80587 110.119 3.2
      vertex 7.80587 10.2807 3.2
    endloop
  endfacet
  facet normal 0 0 -1
    outer loop
      vertex 7.35684 10.3701 3.2
      vertex 7.35684 110.03 3.2
      vertex 7.80587 110.119 3.2
    endloop
  endfacet
  facet normal 0 0 -1
    outer loop
      vertex 6.9 10.4 3.2
      vertex 7.35684 110.03 3.2
      vertex 7.35684 10.3701 3.2
    endloop
  endfacet
  facet normal 0 0 -1
    outer loop
      vertex 6.9 10.4 3.2
      vertex 6.9 110 3.2
      vertex 7.35684 110.03 3.2
    endloop
  endfacet
  facet normal 0 0 -1
    outer loop
      vertex 6.44316 10.3701 3.2
      vertex 6.9 110 3.2
      vertex 6.9 10.4 3.2
    endloop
  endfacet
  facet normal 0 0 -1
    outer loop
      vertex 6.44316 10.3701 3.2
      vertex 6.44316 110.03 3.2
      vertex 6.9 110 3.2
    endloop
  endfacet
  facet normal 0 0 -1
    outer loop
      vertex 5.99413 10.2807 3.2
      vertex 6.44316 110.03 3.2
      vertex 6.44316 10.3701 3.2
    endloop
  endfacet
  facet normal 0 0 -1
    outer loop
      vertex 5.99413 10.2807 3.2
      vertex 5.99413 110.119 3.2
      vertex 6.44316 110.03 3.2
    endloop
  endfacet
  facet normal 0 0 -1
    outer loop
      vertex 5.56061 10.1336 3.2
      vertex 5.99413 110.119 3.2
      vertex 5.99413 10.2807 3.2
    endloop
  endfacet
  facet normal 0 0 -1
    outer loop
      vertex 5.56061 10.1336 3.2
      vertex 5.56061 110.266 3.2
      vertex 5.99413 110.119 3.2
    endloop
  endfacet
  facet normal 0 0 -1
    outer loop
      vertex 5.15 9.93109 3.2
      vertex 5.56061 110.266 3.2
      vertex 5.56061 10.1336 3.2
    endloop
  endfacet
  facet normal 0 0 -1
    outer loop
      vertex 5.15 9.93109 3.2
      vertex 5.15 110.469 3.2
      vertex 5.56061 110.266 3.2
    endloop
  endfacet
  facet normal 0 0 -1
    outer loop
      vertex 4.76934 9.67674 3.2
      vertex 5.15 110.469 3.2
      vertex 5.15 9.93109 3.2
    endloop
  endfacet
  facet normal 0 0 -1
    outer loop
      vertex 4.76934 9.67674 3.2
      vertex 4.76934 110.723 3.2
      vertex 5.15 110.469 3.2
    endloop
  endfacet
  facet normal 0 0 -1
    outer loop
      vertex 4.42513 9.37487 3.2
      vertex 4.76934 110.723 3.2
      vertex 4.76934 9.67674 3.2
    endloop
  endfacet
  facet normal 0 0 -1
    outer loop
      vertex 4.42513 9.37487 3.2
      vertex 4.42513 111.025 3.2
      vertex 4.76934 110.723 3.2
    endloop
  endfacet
  facet normal 0 0 -1
    outer loop
      vertex 4.12326 9.03066 3.2
      vertex 4.42513 111.025 3.2
      vertex 4.42513 9.37487 3.2
    endloop
  endfacet
  facet normal 0 0 -1
    outer loop
      vertex 4.12326 9.03066 3.2
      vertex 4.12326 111.369 3.2
      vertex 4.42513 111.025 3.2
    endloop
  endfacet
  facet normal 0 0 -1
    outer loop
      vertex 3.86891 8.65 3.2
      vertex 4.12326 111.369 3.2
      vertex 4.12326 9.03066 3.2
    endloop
  endfacet
  facet normal 0 0 -1
    outer loop
      vertex 3.86891 8.65 3.2
      vertex 3.86891 111.75 3.2
      vertex 4.12326 111.369 3.2
    endloop
  endfacet
  facet normal 0 0 -1
    outer loop
      vertex 3.66642 8.23939 3.2
      vertex 3.86891 111.75 3.2
      vertex 3.86891 8.65 3.2
    endloop
  endfacet
  facet normal 0 0 -1
    outer loop
      vertex 3.66642 8.23939 3.2
      vertex 3.66642 112.161 3.2
      vertex 3.86891 111.75 3.2
    endloop
  endfacet
  facet normal 0 0 -1
    outer loop
      vertex 3.51926 7.80587 3.2
      vertex 3.66642 112.161 3.2
      vertex 3.66642 8.23939 3.2
    endloop
  endfacet
  facet normal 0 0 -1
    outer loop
      vertex 3.51926 7.80587 3.2
      vertex 3.51926 112.594 3.2
      vertex 3.66642 112.161 3.2
    endloop
  endfacet
  facet normal 0 0 -1
    outer loop
      vertex 3.42994 7.35684 3.2
      vertex 3.51926 112.594 3.2
      vertex 3.51926 7.80587 3.2
    endloop
  endfacet
  facet normal 0 0 -1
    outer loop
      vertex 3.42994 7.35684 3.2
      vertex 3.42994 113.043 3.2
      vertex 3.51926 112.594 3.2
    endloop
  endfacet
  facet normal 0 0 -1
    outer loop
      vertex 2.4 2.38 3.2
      vertex 3.42994 7.35684 3.2
      vertex 3.4 6.9 3.2
    endloop
  endfacet
  facet normal -0 0 -1
    outer loop
      vertex 3.42994 7.35684 3.2
      vertex 2.4 2.38 3.2
      vertex 3.42994 113.043 3.2
    endloop
  endfacet
  facet normal 0 0 -1
    outer loop
      vertex 10.3701 7.35684 3.2
      vertex 76.9 2.38 3.2
      vertex 10.4 6.9 3.2
    endloop
  endfacet
  facet normal 0 0 -1
    outer loop
      vertex 76.9 2.38 3.2
      vertex 10.3701 6.44316 3.2
      vertex 10.4 6.9 3.2
    endloop
  endfacet
  facet normal 0 0 -1
    outer loop
      vertex 76.9 2.38 3.2
      vertex 10.2807 5.99413 3.2
      vertex 10.3701 6.44316 3.2
    endloop
  endfacet
  facet normal 0 0 -1
    outer loop
      vertex 76.9 2.38 3.2
      vertex 10.1336 5.56061 3.2
      vertex 10.2807 5.99413 3.2
    endloop
  endfacet
  facet normal 0 0 -1
    outer loop
      vertex 76.9 2.38 3.2
      vertex 9.93109 5.15 3.2
      vertex 10.1336 5.56061 3.2
    endloop
  endfacet
  facet normal 0 0 -1
    outer loop
      vertex 76.9 2.38 3.2
      vertex 9.67674 4.76934 3.2
      vertex 9.93109 5.15 3.2
    endloop
  endfacet
  facet normal 0 0 -1
    outer loop
      vertex 76.9 2.38 3.2
      vertex 9.37487 4.42513 3.2
      vertex 9.67674 4.76934 3.2
    endloop
  endfacet
  facet normal 0 0 -1
    outer loop
      vertex 76.9 2.38 3.2
      vertex 9.03066 4.12326 3.2
      vertex 9.37487 4.42513 3.2
    endloop
  endfacet
  facet normal 0 0 -1
    outer loop
      vertex 76.9 2.38 3.2
      vertex 8.65 3.86891 3.2
      vertex 9.03066 4.12326 3.2
    endloop
  endfacet
  facet normal 0 0 -1
    outer loop
      vertex 76.9 2.38 3.2
      vertex 8.23939 3.66642 3.2
      vertex 8.65 3.86891 3.2
    endloop
  endfacet
  facet normal 0 0 -1
    outer loop
      vertex 76.9 2.38 3.2
      vertex 7.80587 3.51926 3.2
      vertex 8.23939 3.66642 3.2
    endloop
  endfacet
  facet normal 0 0 -1
    outer loop
      vertex 76.9 2.38 3.2
      vertex 7.35684 3.42994 3.2
      vertex 7.80587 3.51926 3.2
    endloop
  endfacet
  facet normal 0 0 -1
    outer loop
      vertex 2.4 2.38 3.2
      vertex 7.35684 3.42994 3.2
      vertex 76.9 2.38 3.2
    endloop
  endfacet
  facet normal 0 0 -1
    outer loop
      vertex 2.4 118.02 3.2
      vertex 3.42994 113.043 3.2
      vertex 2.4 2.38 3.2
    endloop
  endfacet
  facet normal -0 0 -1
    outer loop
      vertex 3.42994 6.44316 3.2
      vertex 2.4 2.38 3.2
      vertex 3.4 6.9 3.2
    endloop
  endfacet
  facet normal -0 0 -1
    outer loop
      vertex 3.51926 5.99413 3.2
      vertex 2.4 2.38 3.2
      vertex 3.42994 6.44316 3.2
    endloop
  endfacet
  facet normal -0 0 -1
    outer loop
      vertex 3.66642 5.56061 3.2
      vertex 2.4 2.38 3.2
      vertex 3.51926 5.99413 3.2
    endloop
  endfacet
  facet normal -0 0 -1
    outer loop
      vertex 3.86891 5.15 3.2
      vertex 2.4 2.38 3.2
      vertex 3.66642 5.56061 3.2
    endloop
  endfacet
  facet normal -0 0 -1
    outer loop
      vertex 4.12326 4.76934 3.2
      vertex 2.4 2.38 3.2
      vertex 3.86891 5.15 3.2
    endloop
  endfacet
  facet normal -0 0 -1
    outer loop
      vertex 4.42513 4.42513 3.2
      vertex 2.4 2.38 3.2
      vertex 4.12326 4.76934 3.2
    endloop
  endfacet
  facet normal -0 0 -1
    outer loop
      vertex 4.76934 4.12326 3.2
      vertex 2.4 2.38 3.2
      vertex 4.42513 4.42513 3.2
    endloop
  endfacet
  facet normal -0 0 -1
    outer loop
      vertex 5.15 3.86891 3.2
      vertex 2.4 2.38 3.2
      vertex 4.76934 4.12326 3.2
    endloop
  endfacet
  facet normal -0 0 -1
    outer loop
      vertex 5.56061 3.66642 3.2
      vertex 2.4 2.38 3.2
      vertex 5.15 3.86891 3.2
    endloop
  endfacet
  facet normal -0 0 -1
    outer loop
      vertex 5.99413 3.51926 3.2
      vertex 2.4 2.38 3.2
      vertex 5.56061 3.66642 3.2
    endloop
  endfacet
  facet normal -0 0 -1
    outer loop
      vertex 6.44316 3.42994 3.2
      vertex 2.4 2.38 3.2
      vertex 5.99413 3.51926 3.2
    endloop
  endfacet
  facet normal -0 0 -1
    outer loop
      vertex 6.9 3.4 3.2
      vertex 2.4 2.38 3.2
      vertex 6.44316 3.42994 3.2
    endloop
  endfacet
  facet normal 0 0 -1
    outer loop
      vertex 7.35684 3.42994 3.2
      vertex 2.4 2.38 3.2
      vertex 6.9 3.4 3.2
    endloop
  endfacet
  facet normal 0 0 -1
    outer loop
      vertex 172.37 113.043 3.2
      vertex 173.4 118.02 3.2
      vertex 172.37 7.35684 3.2
    endloop
  endfacet
  facet normal 0 0 -1
    outer loop
      vertex 173.4 118.02 3.2
      vertex 172.37 113.043 3.2
      vertex 172.4 113.5 3.2
    endloop
  endfacet
  facet normal 0 0 -1
    outer loop
      vertex 172.281 7.80587 3.2
      vertex 172.37 113.043 3.2
      vertex 172.37 7.35684 3.2
    endloop
  endfacet
  facet normal 0 0 -1
    outer loop
      vertex 172.281 7.80587 3.2
      vertex 172.281 112.594 3.2
      vertex 172.37 113.043 3.2
    endloop
  endfacet
  facet normal 0 0 -1
    outer loop
      vertex 172.134 8.23939 3.2
      vertex 172.281 112.594 3.2
      vertex 172.281 7.80587 3.2
    endloop
  endfacet
  facet normal 0 0 -1
    outer loop
      vertex 172.134 8.23939 3.2
      vertex 172.134 112.161 3.2
      vertex 172.281 112.594 3.2
    endloop
  endfacet
  facet normal 0 0 -1
    outer loop
      vertex 171.931 8.65 3.2
      vertex 172.134 112.161 3.2
      vertex 172.134 8.23939 3.2
    endloop
  endfacet
  facet normal 0 0 -1
    outer loop
      vertex 171.931 8.65 3.2
      vertex 171.931 111.75 3.2
      vertex 172.134 112.161 3.2
    endloop
  endfacet
  facet normal 0 0 -1
    outer loop
      vertex 171.677 9.03066 3.2
      vertex 171.931 111.75 3.2
      vertex 171.931 8.65 3.2
    endloop
  endfacet
  facet normal 0 0 -1
    outer loop
      vertex 171.677 9.03066 3.2
      vertex 171.677 111.369 3.2
      vertex 171.931 111.75 3.2
    endloop
  endfacet
  facet normal 0 0 -1
    outer loop
      vertex 171.375 9.37487 3.2
      vertex 171.677 111.369 3.2
      vertex 171.677 9.03066 3.2
    endloop
  endfacet
  facet normal 0 0 -1
    outer loop
      vertex 171.375 9.37487 3.2
      vertex 171.375 111.025 3.2
      vertex 171.677 111.369 3.2
    endloop
  endfacet
  facet normal 0 0 -1
    outer loop
      vertex 171.031 9.67674 3.2
      vertex 171.375 111.025 3.2
      vertex 171.375 9.37487 3.2
    endloop
  endfacet
  facet normal 0 0 -1
    outer loop
      vertex 171.031 9.67674 3.2
      vertex 171.031 110.723 3.2
      vertex 171.375 111.025 3.2
    endloop
  endfacet
  facet normal 0 0 -1
    outer loop
      vertex 170.65 9.93109 3.2
      vertex 171.031 110.723 3.2
      vertex 171.031 9.67674 3.2
    endloop
  endfacet
  facet normal 0 0 -1
    outer loop
      vertex 170.65 9.93109 3.2
      vertex 170.65 110.469 3.2
      vertex 171.031 110.723 3.2
    endloop
  endfacet
  facet normal 0 0 -1
    outer loop
      vertex 170.239 10.1336 3.2
      vertex 170.65 110.469 3.2
      vertex 170.65 9.93109 3.2
    endloop
  endfacet
  facet normal 0 0 -1
    outer loop
      vertex 170.239 10.1336 3.2
      vertex 170.239 110.266 3.2
      vertex 170.65 110.469 3.2
    endloop
  endfacet
  facet normal 0 0 -1
    outer loop
      vertex 169.806 10.2807 3.2
      vertex 170.239 110.266 3.2
      vertex 170.239 10.1336 3.2
    endloop
  endfacet
  facet normal 0 0 -1
    outer loop
      vertex 169.806 10.2807 3.2
      vertex 169.806 110.119 3.2
      vertex 170.239 110.266 3.2
    endloop
  endfacet
  facet normal 0 0 -1
    outer loop
      vertex 169.357 10.3701 3.2
      vertex 169.806 110.119 3.2
      vertex 169.806 10.2807 3.2
    endloop
  endfacet
  facet normal 0 0 -1
    outer loop
      vertex 169.357 10.3701 3.2
      vertex 169.357 110.03 3.2
      vertex 169.806 110.119 3.2
    endloop
  endfacet
  facet normal 0 0 -1
    outer loop
      vertex 168.9 10.4 3.2
      vertex 169.357 110.03 3.2
      vertex 169.357 10.3701 3.2
    endloop
  endfacet
  facet normal 0 0 -1
    outer loop
      vertex 168.9 10.4 3.2
      vertex 168.9 110 3.2
      vertex 169.357 110.03 3.2
    endloop
  endfacet
  facet normal 0 0 -1
    outer loop
      vertex 168.443 10.3701 3.2
      vertex 168.9 110 3.2
      vertex 168.9 10.4 3.2
    endloop
  endfacet
  facet normal 0 0 -1
    outer loop
      vertex 168.443 10.3701 3.2
      vertex 168.443 110.03 3.2
      vertex 168.9 110 3.2
    endloop
  endfacet
  facet normal 0 0 -1
    outer loop
      vertex 167.994 10.2807 3.2
      vertex 168.443 110.03 3.2
      vertex 168.443 10.3701 3.2
    endloop
  endfacet
  facet normal 0 0 -1
    outer loop
      vertex 167.994 10.2807 3.2
      vertex 167.994 110.119 3.2
      vertex 168.443 110.03 3.2
    endloop
  endfacet
  facet normal 0 0 -1
    outer loop
      vertex 98.9 57.36 3.2
      vertex 167.994 10.2807 3.2
      vertex 167.561 10.1336 3.2
    endloop
  endfacet
  facet normal 0 0 -1
    outer loop
      vertex 167.994 10.2807 3.2
      vertex 98.9 57.36 3.2
      vertex 167.994 110.119 3.2
    endloop
  endfacet
  facet normal 0 0 -1
    outer loop
      vertex 98.9 57.36 3.2
      vertex 167.561 10.1336 3.2
      vertex 167.15 9.93109 3.2
    endloop
  endfacet
  facet normal -0 0 -1
    outer loop
      vertex 167.994 110.119 3.2
      vertex 98.9 57.36 3.2
      vertex 167.561 110.266 3.2
    endloop
  endfacet
  facet normal 0 0 -1
    outer loop
      vertex 98.9 57.36 3.2
      vertex 167.15 9.93109 3.2
      vertex 166.769 9.67674 3.2
    endloop
  endfacet
  facet normal -0 0 -1
    outer loop
      vertex 167.561 110.266 3.2
      vertex 98.9 57.36 3.2
      vertex 167.15 110.469 3.2
    endloop
  endfacet
  facet normal 0 0 -1
    outer loop
      vertex 98.9 57.36 3.2
      vertex 166.769 9.67674 3.2
      vertex 166.425 9.37487 3.2
    endloop
  endfacet
  facet normal -0 0 -1
    outer loop
      vertex 167.15 110.469 3.2
      vertex 98.9 57.36 3.2
      vertex 166.769 110.723 3.2
    endloop
  endfacet
  facet normal 0 0 -1
    outer loop
      vertex 98.9 57.36 3.2
      vertex 166.425 9.37487 3.2
      vertex 166.123 9.03066 3.2
    endloop
  endfacet
  facet normal -0 0 -1
    outer loop
      vertex 166.769 110.723 3.2
      vertex 98.9 57.36 3.2
      vertex 166.425 111.025 3.2
    endloop
  endfacet
  facet normal 0 0 -1
    outer loop
      vertex 98.9 57.36 3.2
      vertex 166.123 9.03066 3.2
      vertex 165.869 8.65 3.2
    endloop
  endfacet
  facet normal -0 0 -1
    outer loop
      vertex 166.425 111.025 3.2
      vertex 98.9 57.36 3.2
      vertex 166.123 111.369 3.2
    endloop
  endfacet
  facet normal 0 0 -1
    outer loop
      vertex 98.9 2.38 3.2
      vertex 165.869 8.65 3.2
      vertex 165.666 8.23939 3.2
    endloop
  endfacet
  facet normal -0 0 -1
    outer loop
      vertex 166.123 111.369 3.2
      vertex 98.9 57.36 3.2
      vertex 165.869 111.75 3.2
    endloop
  endfacet
  facet normal 0 0 -1
    outer loop
      vertex 98.9 2.38 3.2
      vertex 165.666 8.23939 3.2
      vertex 165.519 7.80587 3.2
    endloop
  endfacet
  facet normal -0 0 -1
    outer loop
      vertex 165.869 111.75 3.2
      vertex 98.9 57.36 3.2
      vertex 165.666 112.161 3.2
    endloop
  endfacet
  facet normal 0 0 -1
    outer loop
      vertex 98.9 2.38 3.2
      vertex 165.519 7.80587 3.2
      vertex 165.43 7.35684 3.2
    endloop
  endfacet
  facet normal -0 0 -1
    outer loop
      vertex 165.666 112.161 3.2
      vertex 98.9 57.36 3.2
      vertex 165.519 112.594 3.2
    endloop
  endfacet
  facet normal 0 0 -1
    outer loop
      vertex 98.9 2.38 3.2
      vertex 165.43 7.35684 3.2
      vertex 165.4 6.9 3.2
    endloop
  endfacet
  facet normal -0 0 -1
    outer loop
      vertex 165.519 112.594 3.2
      vertex 98.9 57.36 3.2
      vertex 165.43 113.043 3.2
    endloop
  endfacet
  facet normal 0 0 -1
    outer loop
      vertex 172.37 7.35684 3.2
      vertex 173.4 2.38 3.2
      vertex 172.4 6.9 3.2
    endloop
  endfacet
  facet normal 0 0 -1
    outer loop
      vertex 173.4 2.38 3.2
      vertex 172.37 6.44316 3.2
      vertex 172.4 6.9 3.2
    endloop
  endfacet
  facet normal 0 0 -1
    outer loop
      vertex 173.4 2.38 3.2
      vertex 172.281 5.99413 3.2
      vertex 172.37 6.44316 3.2
    endloop
  endfacet
  facet normal 0 0 -1
    outer loop
      vertex 173.4 2.38 3.2
      vertex 172.134 5.56061 3.2
      vertex 172.281 5.99413 3.2
    endloop
  endfacet
  facet normal 0 0 -1
    outer loop
      vertex 173.4 2.38 3.2
      vertex 171.931 5.15 3.2
      vertex 172.134 5.56061 3.2
    endloop
  endfacet
  facet normal 0 0 -1
    outer loop
      vertex 173.4 2.38 3.2
      vertex 171.677 4.76934 3.2
      vertex 171.931 5.15 3.2
    endloop
  endfacet
  facet normal 0 0 -1
    outer loop
      vertex 173.4 2.38 3.2
      vertex 171.375 4.42513 3.2
      vertex 171.677 4.76934 3.2
    endloop
  endfacet
  facet normal 0 0 -1
    outer loop
      vertex 173.4 2.38 3.2
      vertex 171.031 4.12326 3.2
      vertex 171.375 4.42513 3.2
    endloop
  endfacet
  facet normal 0 0 -1
    outer loop
      vertex 173.4 2.38 3.2
      vertex 170.65 3.86891 3.2
      vertex 171.031 4.12326 3.2
    endloop
  endfacet
  facet normal 0 0 -1
    outer loop
      vertex 173.4 2.38 3.2
      vertex 170.239 3.66642 3.2
      vertex 170.65 3.86891 3.2
    endloop
  endfacet
  facet normal 0 0 -1
    outer loop
      vertex 173.4 2.38 3.2
      vertex 169.806 3.51926 3.2
      vertex 170.239 3.66642 3.2
    endloop
  endfacet
  facet normal 0 0 -1
    outer loop
      vertex 173.4 2.38 3.2
      vertex 169.357 3.42994 3.2
      vertex 169.806 3.51926 3.2
    endloop
  endfacet
  facet normal 0 0 -1
    outer loop
      vertex 173.4 2.38 3.2
      vertex 168.9 3.4 3.2
      vertex 169.357 3.42994 3.2
    endloop
  endfacet
  facet normal 0 0 -1
    outer loop
      vertex 173.4 2.38 3.2
      vertex 168.443 3.42994 3.2
      vertex 168.9 3.4 3.2
    endloop
  endfacet
  facet normal 0 0 -1
    outer loop
      vertex 173.4 2.38 3.2
      vertex 167.994 3.51926 3.2
      vertex 168.443 3.42994 3.2
    endloop
  endfacet
  facet normal -0 0 -1
    outer loop
      vertex 165.869 8.65 3.2
      vertex 98.9 2.38 3.2
      vertex 98.9 57.36 3.2
    endloop
  endfacet
  facet normal -0 0 -1
    outer loop
      vertex 165.43 6.44316 3.2
      vertex 98.9 2.38 3.2
      vertex 165.4 6.9 3.2
    endloop
  endfacet
  facet normal -0 0 -1
    outer loop
      vertex 165.519 5.99413 3.2
      vertex 98.9 2.38 3.2
      vertex 165.43 6.44316 3.2
    endloop
  endfacet
  facet normal -0 0 -1
    outer loop
      vertex 165.666 5.56061 3.2
      vertex 98.9 2.38 3.2
      vertex 165.519 5.99413 3.2
    endloop
  endfacet
  facet normal -0 0 -1
    outer loop
      vertex 165.869 5.15 3.2
      vertex 98.9 2.38 3.2
      vertex 165.666 5.56061 3.2
    endloop
  endfacet
  facet normal -0 0 -1
    outer loop
      vertex 166.123 4.76934 3.2
      vertex 98.9 2.38 3.2
      vertex 165.869 5.15 3.2
    endloop
  endfacet
  facet normal -0 0 -1
    outer loop
      vertex 166.425 4.42513 3.2
      vertex 98.9 2.38 3.2
      vertex 166.123 4.76934 3.2
    endloop
  endfacet
  facet normal -0 0 -1
    outer loop
      vertex 166.769 4.12326 3.2
      vertex 98.9 2.38 3.2
      vertex 166.425 4.42513 3.2
    endloop
  endfacet
  facet normal -0 0 -1
    outer loop
      vertex 167.15 3.86891 3.2
      vertex 98.9 2.38 3.2
      vertex 166.769 4.12326 3.2
    endloop
  endfacet
  facet normal -0 0 -1
    outer loop
      vertex 167.561 3.66642 3.2
      vertex 98.9 2.38 3.2
      vertex 167.15 3.86891 3.2
    endloop
  endfacet
  facet normal -0 0 -1
    outer loop
      vertex 167.994 3.51926 3.2
      vertex 98.9 2.38 3.2
      vertex 167.561 3.66642 3.2
    endloop
  endfacet
  facet normal 0 0 -1
    outer loop
      vertex 98.9 2.38 3.2
      vertex 167.994 3.51926 3.2
      vertex 173.4 2.38 3.2
    endloop
  endfacet
  facet normal 0 0 -1
    outer loop
      vertex 173.4 2.38 3.2
      vertex 172.37 7.35684 3.2
      vertex 173.4 118.02 3.2
    endloop
  endfacet
  facet normal 0 0 -1
    outer loop
      vertex 172.37 113.957 3.2
      vertex 173.4 118.02 3.2
      vertex 172.4 113.5 3.2
    endloop
  endfacet
  facet normal 0 0 -1
    outer loop
      vertex 172.281 114.406 3.2
      vertex 173.4 118.02 3.2
      vertex 172.37 113.957 3.2
    endloop
  endfacet
  facet normal 0 0 -1
    outer loop
      vertex 172.134 114.839 3.2
      vertex 173.4 118.02 3.2
      vertex 172.281 114.406 3.2
    endloop
  endfacet
  facet normal 0 0 -1
    outer loop
      vertex 171.931 115.25 3.2
      vertex 173.4 118.02 3.2
      vertex 172.134 114.839 3.2
    endloop
  endfacet
  facet normal 0 0 -1
    outer loop
      vertex 171.677 115.631 3.2
      vertex 173.4 118.02 3.2
      vertex 171.931 115.25 3.2
    endloop
  endfacet
  facet normal 0 0 -1
    outer loop
      vertex 171.375 115.975 3.2
      vertex 173.4 118.02 3.2
      vertex 171.677 115.631 3.2
    endloop
  endfacet
  facet normal 0 0 -1
    outer loop
      vertex 171.031 116.277 3.2
      vertex 173.4 118.02 3.2
      vertex 171.375 115.975 3.2
    endloop
  endfacet
  facet normal 0 0 -1
    outer loop
      vertex 170.65 116.531 3.2
      vertex 173.4 118.02 3.2
      vertex 171.031 116.277 3.2
    endloop
  endfacet
  facet normal 0 0 -1
    outer loop
      vertex 170.239 116.734 3.2
      vertex 173.4 118.02 3.2
      vertex 170.65 116.531 3.2
    endloop
  endfacet
  facet normal 0 0 -1
    outer loop
      vertex 169.806 116.881 3.2
      vertex 173.4 118.02 3.2
      vertex 170.239 116.734 3.2
    endloop
  endfacet
  facet normal 0 0 -1
    outer loop
      vertex 169.357 116.97 3.2
      vertex 173.4 118.02 3.2
      vertex 169.806 116.881 3.2
    endloop
  endfacet
  facet normal 0 0 -1
    outer loop
      vertex 168.9 117 3.2
      vertex 173.4 118.02 3.2
      vertex 169.357 116.97 3.2
    endloop
  endfacet
  facet normal 0 0 -1
    outer loop
      vertex 168.443 116.97 3.2
      vertex 173.4 118.02 3.2
      vertex 168.9 117 3.2
    endloop
  endfacet
  facet normal 0 0 -1
    outer loop
      vertex 167.994 116.881 3.2
      vertex 173.4 118.02 3.2
      vertex 168.443 116.97 3.2
    endloop
  endfacet
  facet normal -0 0 -1
    outer loop
      vertex 165.43 113.043 3.2
      vertex 98.9 57.36 3.2
      vertex 165.4 113.5 3.2
    endloop
  endfacet
  facet normal -0 0 -1
    outer loop
      vertex 165.4 113.5 3.2
      vertex 98.9 57.36 3.2
      vertex 165.43 113.957 3.2
    endloop
  endfacet
  facet normal -0 0 -1
    outer loop
      vertex 165.43 113.957 3.2
      vertex 98.9 57.36 3.2
      vertex 165.519 114.406 3.2
    endloop
  endfacet
  facet normal 0 0 -1
    outer loop
      vertex 76.9 57.36 3.2
      vertex 165.519 114.406 3.2
      vertex 98.9 57.36 3.2
    endloop
  endfacet
  facet normal 0 0 -1
    outer loop
      vertex 10.2807 114.406 3.2
      vertex 165.519 114.406 3.2
      vertex 76.9 57.36 3.2
    endloop
  endfacet
  facet normal 0 0 -1
    outer loop
      vertex 165.519 114.406 3.2
      vertex 10.2807 114.406 3.2
      vertex 165.666 114.839 3.2
    endloop
  endfacet
  facet normal 0 0 -1
    outer loop
      vertex 10.1336 114.839 3.2
      vertex 165.666 114.839 3.2
      vertex 10.2807 114.406 3.2
    endloop
  endfacet
  facet normal 0 0 -1
    outer loop
      vertex 165.666 114.839 3.2
      vertex 10.1336 114.839 3.2
      vertex 165.869 115.25 3.2
    endloop
  endfacet
  facet normal 0 0 -1
    outer loop
      vertex 9.93109 115.25 3.2
      vertex 165.869 115.25 3.2
      vertex 10.1336 114.839 3.2
    endloop
  endfacet
  facet normal 0 0 -1
    outer loop
      vertex 165.869 115.25 3.2
      vertex 9.93109 115.25 3.2
      vertex 166.123 115.631 3.2
    endloop
  endfacet
  facet normal 0 0 -1
    outer loop
      vertex 10.2807 7.80587 3.2
      vertex 76.9 2.38 3.2
      vertex 10.3701 7.35684 3.2
    endloop
  endfacet
  facet normal 0 0 -1
    outer loop
      vertex 10.3701 113.957 3.2
      vertex 76.9 57.36 3.2
      vertex 10.4 113.5 3.2
    endloop
  endfacet
  facet normal 0 0 -1
    outer loop
      vertex 10.2807 114.406 3.2
      vertex 76.9 57.36 3.2
      vertex 10.3701 113.957 3.2
    endloop
  endfacet
  facet normal 0 0 -1
    outer loop
      vertex 9.67674 115.631 3.2
      vertex 166.123 115.631 3.2
      vertex 9.93109 115.25 3.2
    endloop
  endfacet
  facet normal 0 0 -1
    outer loop
      vertex 166.123 115.631 3.2
      vertex 9.67674 115.631 3.2
      vertex 166.425 115.975 3.2
    endloop
  endfacet
  facet normal 0 0 -1
    outer loop
      vertex 9.37487 115.975 3.2
      vertex 166.425 115.975 3.2
      vertex 9.67674 115.631 3.2
    endloop
  endfacet
  facet normal 0 0 -1
    outer loop
      vertex 166.425 115.975 3.2
      vertex 9.37487 115.975 3.2
      vertex 166.769 116.277 3.2
    endloop
  endfacet
  facet normal 0 0 -1
    outer loop
      vertex 9.03066 116.277 3.2
      vertex 166.769 116.277 3.2
      vertex 9.37487 115.975 3.2
    endloop
  endfacet
  facet normal 0 0 -1
    outer loop
      vertex 166.769 116.277 3.2
      vertex 9.03066 116.277 3.2
      vertex 167.15 116.531 3.2
    endloop
  endfacet
  facet normal 0 0 -1
    outer loop
      vertex 8.65 116.531 3.2
      vertex 167.15 116.531 3.2
      vertex 9.03066 116.277 3.2
    endloop
  endfacet
  facet normal 0 0 -1
    outer loop
      vertex 167.15 116.531 3.2
      vertex 8.65 116.531 3.2
      vertex 167.561 116.734 3.2
    endloop
  endfacet
  facet normal 0 0 -1
    outer loop
      vertex 8.23939 116.734 3.2
      vertex 167.561 116.734 3.2
      vertex 8.65 116.531 3.2
    endloop
  endfacet
  facet normal 0 0 -1
    outer loop
      vertex 167.561 116.734 3.2
      vertex 8.23939 116.734 3.2
      vertex 167.994 116.881 3.2
    endloop
  endfacet
  facet normal 0 0 -1
    outer loop
      vertex 7.80587 116.881 3.2
      vertex 167.994 116.881 3.2
      vertex 8.23939 116.734 3.2
    endloop
  endfacet
  facet normal 0 0 -1
    outer loop
      vertex 167.994 116.881 3.2
      vertex 7.80587 116.881 3.2
      vertex 173.4 118.02 3.2
    endloop
  endfacet
  facet normal 0 0 -1
    outer loop
      vertex 7.35684 116.97 3.2
      vertex 173.4 118.02 3.2
      vertex 7.80587 116.881 3.2
    endloop
  endfacet
  facet normal 0 0 -1
    outer loop
      vertex 2.4 118.02 3.2
      vertex 7.35684 116.97 3.2
      vertex 6.9 117 3.2
    endloop
  endfacet
  facet normal 0 0 -1
    outer loop
      vertex 7.35684 116.97 3.2
      vertex 2.4 118.02 3.2
      vertex 173.4 118.02 3.2
    endloop
  endfacet
  facet normal 0 0 -1
    outer loop
      vertex 6.44316 116.97 3.2
      vertex 2.4 118.02 3.2
      vertex 6.9 117 3.2
    endloop
  endfacet
  facet normal 0 0 -1
    outer loop
      vertex 5.99413 116.881 3.2
      vertex 2.4 118.02 3.2
      vertex 6.44316 116.97 3.2
    endloop
  endfacet
  facet normal 0 0 -1
    outer loop
      vertex 5.56061 116.734 3.2
      vertex 2.4 118.02 3.2
      vertex 5.99413 116.881 3.2
    endloop
  endfacet
  facet normal 0 0 -1
    outer loop
      vertex 5.15 116.531 3.2
      vertex 2.4 118.02 3.2
      vertex 5.56061 116.734 3.2
    endloop
  endfacet
  facet normal 0 0 -1
    outer loop
      vertex 4.76934 116.277 3.2
      vertex 2.4 118.02 3.2
      vertex 5.15 116.531 3.2
    endloop
  endfacet
  facet normal 0 0 -1
    outer loop
      vertex 4.42513 115.975 3.2
      vertex 2.4 118.02 3.2
      vertex 4.76934 116.277 3.2
    endloop
  endfacet
  facet normal 0 0 -1
    outer loop
      vertex 4.12326 115.631 3.2
      vertex 2.4 118.02 3.2
      vertex 4.42513 115.975 3.2
    endloop
  endfacet
  facet normal 0 0 -1
    outer loop
      vertex 3.86891 115.25 3.2
      vertex 2.4 118.02 3.2
      vertex 4.12326 115.631 3.2
    endloop
  endfacet
  facet normal 0 0 -1
    outer loop
      vertex 3.66642 114.839 3.2
      vertex 2.4 118.02 3.2
      vertex 3.86891 115.25 3.2
    endloop
  endfacet
  facet normal 0 0 -1
    outer loop
      vertex 3.51926 114.406 3.2
      vertex 2.4 118.02 3.2
      vertex 3.66642 114.839 3.2
    endloop
  endfacet
  facet normal 0 0 -1
    outer loop
      vertex 3.42994 113.957 3.2
      vertex 2.4 118.02 3.2
      vertex 3.51926 114.406 3.2
    endloop
  endfacet
  facet normal 0 0 -1
    outer loop
      vertex 3.4 113.5 3.2
      vertex 2.4 118.02 3.2
      vertex 3.42994 113.957 3.2
    endloop
  endfacet
  facet normal 0 0 -1
    outer loop
      vertex 3.42994 113.043 3.2
      vertex 2.4 118.02 3.2
      vertex 3.4 113.5 3.2
    endloop
  endfacet
  facet normal 0 0 -1
    outer loop
      vertex 7.74273 6.78905 3.2
      vertex 7.74273 7.01095 3.2
      vertex 7.75 6.9 3.2
    endloop
  endfacet
  facet normal 0 0 -1
    outer loop
      vertex 7.72104 6.68 3.2
      vertex 7.74273 7.01095 3.2
      vertex 7.74273 6.78905 3.2
    endloop
  endfacet
  facet normal 0 0 -1
    outer loop
      vertex 7.72104 6.68 3.2
      vertex 7.72104 7.12 3.2
      vertex 7.74273 7.01095 3.2
    endloop
  endfacet
  facet normal 0 0 -1
    outer loop
      vertex 7.6853 6.57472 3.2
      vertex 7.72104 7.12 3.2
      vertex 7.72104 6.68 3.2
    endloop
  endfacet
  facet normal 0 0 -1
    outer loop
      vertex 7.6853 6.57472 3.2
      vertex 7.6853 7.22528 3.2
      vertex 7.72104 7.12 3.2
    endloop
  endfacet
  facet normal 0 0 -1
    outer loop
      vertex 7.63612 6.475 3.2
      vertex 7.6853 7.22528 3.2
      vertex 7.6853 6.57472 3.2
    endloop
  endfacet
  facet normal 0 0 -1
    outer loop
      vertex 7.63612 6.475 3.2
      vertex 7.63612 7.325 3.2
      vertex 7.6853 7.22528 3.2
    endloop
  endfacet
  facet normal 0 0 -1
    outer loop
      vertex 7.57435 6.38255 3.2
      vertex 7.63612 7.325 3.2
      vertex 7.63612 6.475 3.2
    endloop
  endfacet
  facet normal 0 0 -1
    outer loop
      vertex 7.57435 6.38255 3.2
      vertex 7.57435 7.41745 3.2
      vertex 7.63612 7.325 3.2
    endloop
  endfacet
  facet normal 0 0 -1
    outer loop
      vertex 7.50104 6.29896 3.2
      vertex 7.57435 7.41745 3.2
      vertex 7.57435 6.38255 3.2
    endloop
  endfacet
  facet normal 0 0 -1
    outer loop
      vertex 7.50104 6.29896 3.2
      vertex 7.50104 7.50104 3.2
      vertex 7.57435 7.41745 3.2
    endloop
  endfacet
  facet normal 0 0 -1
    outer loop
      vertex 7.41745 6.22565 3.2
      vertex 7.50104 7.50104 3.2
      vertex 7.50104 6.29896 3.2
    endloop
  endfacet
  facet normal 0 0 -1
    outer loop
      vertex 7.41745 6.22565 3.2
      vertex 7.41745 7.57435 3.2
      vertex 7.50104 7.50104 3.2
    endloop
  endfacet
  facet normal 0 0 -1
    outer loop
      vertex 7.325 6.16388 3.2
      vertex 7.41745 7.57435 3.2
      vertex 7.41745 6.22565 3.2
    endloop
  endfacet
  facet normal 0 0 -1
    outer loop
      vertex 7.325 6.16388 3.2
      vertex 7.325 7.63612 3.2
      vertex 7.41745 7.57435 3.2
    endloop
  endfacet
  facet normal 0 0 -1
    outer loop
      vertex 7.22528 6.1147 3.2
      vertex 7.325 7.63612 3.2
      vertex 7.325 6.16388 3.2
    endloop
  endfacet
  facet normal 0 0 -1
    outer loop
      vertex 7.22528 6.1147 3.2
      vertex 7.22528 7.6853 3.2
      vertex 7.325 7.63612 3.2
    endloop
  endfacet
  facet normal 0 0 -1
    outer loop
      vertex 7.12 6.07896 3.2
      vertex 7.22528 7.6853 3.2
      vertex 7.22528 6.1147 3.2
    endloop
  endfacet
  facet normal 0 0 -1
    outer loop
      vertex 7.12 6.07896 3.2
      vertex 7.12 7.72104 3.2
      vertex 7.22528 7.6853 3.2
    endloop
  endfacet
  facet normal 0 0 -1
    outer loop
      vertex 7.01095 6.05727 3.2
      vertex 7.12 7.72104 3.2
      vertex 7.12 6.07896 3.2
    endloop
  endfacet
  facet normal 0 0 -1
    outer loop
      vertex 7.01095 6.05727 3.2
      vertex 7.01095 7.74273 3.2
      vertex 7.12 7.72104 3.2
    endloop
  endfacet
  facet normal 0 0 -1
    outer loop
      vertex 6.9 6.05 3.2
      vertex 7.01095 7.74273 3.2
      vertex 7.01095 6.05727 3.2
    endloop
  endfacet
  facet normal 0 0 -1
    outer loop
      vertex 6.9 6.05 3.2
      vertex 6.9 7.75 3.2
      vertex 7.01095 7.74273 3.2
    endloop
  endfacet
  facet normal 0 0 -1
    outer loop
      vertex 6.78905 6.05727 3.2
      vertex 6.9 7.75 3.2
      vertex 6.9 6.05 3.2
    endloop
  endfacet
  facet normal 0 0 -1
    outer loop
      vertex 6.78905 6.05727 3.2
      vertex 6.78905 7.74273 3.2
      vertex 6.9 7.75 3.2
    endloop
  endfacet
  facet normal 0 0 -1
    outer loop
      vertex 6.68 6.07896 3.2
      vertex 6.78905 7.74273 3.2
      vertex 6.78905 6.05727 3.2
    endloop
  endfacet
  facet normal 0 0 -1
    outer loop
      vertex 6.68 6.07896 3.2
      vertex 6.68 7.72104 3.2
      vertex 6.78905 7.74273 3.2
    endloop
  endfacet
  facet normal 0 0 -1
    outer loop
      vertex 6.57472 6.1147 3.2
      vertex 6.68 7.72104 3.2
      vertex 6.68 6.07896 3.2
    endloop
  endfacet
  facet normal 0 0 -1
    outer loop
      vertex 6.57472 6.1147 3.2
      vertex 6.57472 7.6853 3.2
      vertex 6.68 7.72104 3.2
    endloop
  endfacet
  facet normal 0 0 -1
    outer loop
      vertex 6.475 6.16388 3.2
      vertex 6.57472 7.6853 3.2
      vertex 6.57472 6.1147 3.2
    endloop
  endfacet
  facet normal 0 0 -1
    outer loop
      vertex 6.475 6.16388 3.2
      vertex 6.475 7.63612 3.2
      vertex 6.57472 7.6853 3.2
    endloop
  endfacet
  facet normal 0 0 -1
    outer loop
      vertex 6.38255 6.22565 3.2
      vertex 6.475 7.63612 3.2
      vertex 6.475 6.16388 3.2
    endloop
  endfacet
  facet normal 0 0 -1
    outer loop
      vertex 6.38255 6.22565 3.2
      vertex 6.38255 7.57435 3.2
      vertex 6.475 7.63612 3.2
    endloop
  endfacet
  facet normal 0 0 -1
    outer loop
      vertex 6.29896 6.29896 3.2
      vertex 6.38255 7.57435 3.2
      vertex 6.38255 6.22565 3.2
    endloop
  endfacet
  facet normal 0 0 -1
    outer loop
      vertex 6.29896 6.29896 3.2
      vertex 6.29896 7.50104 3.2
      vertex 6.38255 7.57435 3.2
    endloop
  endfacet
  facet normal 0 0 -1
    outer loop
      vertex 6.22565 6.38255 3.2
      vertex 6.29896 7.50104 3.2
      vertex 6.29896 6.29896 3.2
    endloop
  endfacet
  facet normal 0 0 -1
    outer loop
      vertex 6.22565 6.38255 3.2
      vertex 6.22565 7.41745 3.2
      vertex 6.29896 7.50104 3.2
    endloop
  endfacet
  facet normal 0 0 -1
    outer loop
      vertex 6.16388 6.475 3.2
      vertex 6.22565 7.41745 3.2
      vertex 6.22565 6.38255 3.2
    endloop
  endfacet
  facet normal 0 0 -1
    outer loop
      vertex 6.16388 6.475 3.2
      vertex 6.16388 7.325 3.2
      vertex 6.22565 7.41745 3.2
    endloop
  endfacet
  facet normal 0 0 -1
    outer loop
      vertex 6.1147 6.57472 3.2
      vertex 6.16388 7.325 3.2
      vertex 6.16388 6.475 3.2
    endloop
  endfacet
  facet normal 0 0 -1
    outer loop
      vertex 6.1147 6.57472 3.2
      vertex 6.1147 7.22528 3.2
      vertex 6.16388 7.325 3.2
    endloop
  endfacet
  facet normal 0 0 -1
    outer loop
      vertex 6.07896 6.68 3.2
      vertex 6.1147 7.22528 3.2
      vertex 6.1147 6.57472 3.2
    endloop
  endfacet
  facet normal 0 0 -1
    outer loop
      vertex 6.07896 6.68 3.2
      vertex 6.07896 7.12 3.2
      vertex 6.1147 7.22528 3.2
    endloop
  endfacet
  facet normal 0 0 -1
    outer loop
      vertex 6.05727 6.78905 3.2
      vertex 6.07896 7.12 3.2
      vertex 6.07896 6.68 3.2
    endloop
  endfacet
  facet normal 0 0 -1
    outer loop
      vertex 6.05727 6.78905 3.2
      vertex 6.05727 7.01095 3.2
      vertex 6.07896 7.12 3.2
    endloop
  endfacet
  facet normal 0 -0 -1
    outer loop
      vertex 6.05727 7.01095 3.2
      vertex 6.05727 6.78905 3.2
      vertex 6.05 6.9 3.2
    endloop
  endfacet
  facet normal 0 0 -1
    outer loop
      vertex 7.74273 113.389 3.2
      vertex 7.74273 113.611 3.2
      vertex 7.75 113.5 3.2
    endloop
  endfacet
  facet normal 0 0 -1
    outer loop
      vertex 7.72104 113.28 3.2
      vertex 7.74273 113.611 3.2
      vertex 7.74273 113.389 3.2
    endloop
  endfacet
  facet normal 0 0 -1
    outer loop
      vertex 7.72104 113.28 3.2
      vertex 7.72104 113.72 3.2
      vertex 7.74273 113.611 3.2
    endloop
  endfacet
  facet normal 0 0 -1
    outer loop
      vertex 7.6853 113.175 3.2
      vertex 7.72104 113.72 3.2
      vertex 7.72104 113.28 3.2
    endloop
  endfacet
  facet normal 0 0 -1
    outer loop
      vertex 7.6853 113.175 3.2
      vertex 7.6853 113.825 3.2
      vertex 7.72104 113.72 3.2
    endloop
  endfacet
  facet normal 0 0 -1
    outer loop
      vertex 7.63612 113.075 3.2
      vertex 7.6853 113.825 3.2
      vertex 7.6853 113.175 3.2
    endloop
  endfacet
  facet normal 0 0 -1
    outer loop
      vertex 7.63612 113.075 3.2
      vertex 7.63612 113.925 3.2
      vertex 7.6853 113.825 3.2
    endloop
  endfacet
  facet normal 0 0 -1
    outer loop
      vertex 7.57435 112.983 3.2
      vertex 7.63612 113.925 3.2
      vertex 7.63612 113.075 3.2
    endloop
  endfacet
  facet normal 0 0 -1
    outer loop
      vertex 7.57435 112.983 3.2
      vertex 7.57435 114.017 3.2
      vertex 7.63612 113.925 3.2
    endloop
  endfacet
  facet normal 0 0 -1
    outer loop
      vertex 7.50104 112.899 3.2
      vertex 7.57435 114.017 3.2
      vertex 7.57435 112.983 3.2
    endloop
  endfacet
  facet normal 0 0 -1
    outer loop
      vertex 7.50104 112.899 3.2
      vertex 7.50104 114.101 3.2
      vertex 7.57435 114.017 3.2
    endloop
  endfacet
  facet normal 0 0 -1
    outer loop
      vertex 7.41745 112.826 3.2
      vertex 7.50104 114.101 3.2
      vertex 7.50104 112.899 3.2
    endloop
  endfacet
  facet normal 0 0 -1
    outer loop
      vertex 7.41745 112.826 3.2
      vertex 7.41745 114.174 3.2
      vertex 7.50104 114.101 3.2
    endloop
  endfacet
  facet normal 0 0 -1
    outer loop
      vertex 7.325 112.764 3.2
      vertex 7.41745 114.174 3.2
      vertex 7.41745 112.826 3.2
    endloop
  endfacet
  facet normal 0 0 -1
    outer loop
      vertex 7.325 112.764 3.2
      vertex 7.325 114.236 3.2
      vertex 7.41745 114.174 3.2
    endloop
  endfacet
  facet normal 0 0 -1
    outer loop
      vertex 7.22528 112.715 3.2
      vertex 7.325 114.236 3.2
      vertex 7.325 112.764 3.2
    endloop
  endfacet
  facet normal 0 0 -1
    outer loop
      vertex 7.22528 112.715 3.2
      vertex 7.22528 114.285 3.2
      vertex 7.325 114.236 3.2
    endloop
  endfacet
  facet normal 0 0 -1
    outer loop
      vertex 7.12 112.679 3.2
      vertex 7.22528 114.285 3.2
      vertex 7.22528 112.715 3.2
    endloop
  endfacet
  facet normal 0 0 -1
    outer loop
      vertex 7.12 112.679 3.2
      vertex 7.12 114.321 3.2
      vertex 7.22528 114.285 3.2
    endloop
  endfacet
  facet normal 0 0 -1
    outer loop
      vertex 7.01095 112.657 3.2
      vertex 7.12 114.321 3.2
      vertex 7.12 112.679 3.2
    endloop
  endfacet
  facet normal 0 0 -1
    outer loop
      vertex 7.01095 112.657 3.2
      vertex 7.01095 114.343 3.2
      vertex 7.12 114.321 3.2
    endloop
  endfacet
  facet normal 0 0 -1
    outer loop
      vertex 6.9 112.65 3.2
      vertex 7.01095 114.343 3.2
      vertex 7.01095 112.657 3.2
    endloop
  endfacet
  facet normal 0 0 -1
    outer loop
      vertex 6.9 112.65 3.2
      vertex 6.9 114.35 3.2
      vertex 7.01095 114.343 3.2
    endloop
  endfacet
  facet normal 0 0 -1
    outer loop
      vertex 6.78905 112.657 3.2
      vertex 6.9 114.35 3.2
      vertex 6.9 112.65 3.2
    endloop
  endfacet
  facet normal 0 0 -1
    outer loop
      vertex 6.78905 112.657 3.2
      vertex 6.78905 114.343 3.2
      vertex 6.9 114.35 3.2
    endloop
  endfacet
  facet normal 0 0 -1
    outer loop
      vertex 6.68 112.679 3.2
      vertex 6.78905 114.343 3.2
      vertex 6.78905 112.657 3.2
    endloop
  endfacet
  facet normal 0 0 -1
    outer loop
      vertex 6.68 112.679 3.2
      vertex 6.68 114.321 3.2
      vertex 6.78905 114.343 3.2
    endloop
  endfacet
  facet normal 0 0 -1
    outer loop
      vertex 6.57472 112.715 3.2
      vertex 6.68 114.321 3.2
      vertex 6.68 112.679 3.2
    endloop
  endfacet
  facet normal 0 0 -1
    outer loop
      vertex 6.57472 112.715 3.2
      vertex 6.57472 114.285 3.2
      vertex 6.68 114.321 3.2
    endloop
  endfacet
  facet normal 0 0 -1
    outer loop
      vertex 6.475 112.764 3.2
      vertex 6.57472 114.285 3.2
      vertex 6.57472 112.715 3.2
    endloop
  endfacet
  facet normal 0 0 -1
    outer loop
      vertex 6.475 112.764 3.2
      vertex 6.475 114.236 3.2
      vertex 6.57472 114.285 3.2
    endloop
  endfacet
  facet normal 0 0 -1
    outer loop
      vertex 6.38255 112.826 3.2
      vertex 6.475 114.236 3.2
      vertex 6.475 112.764 3.2
    endloop
  endfacet
  facet normal 0 0 -1
    outer loop
      vertex 6.38255 112.826 3.2
      vertex 6.38255 114.174 3.2
      vertex 6.475 114.236 3.2
    endloop
  endfacet
  facet normal 0 0 -1
    outer loop
      vertex 6.29896 112.899 3.2
      vertex 6.38255 114.174 3.2
      vertex 6.38255 112.826 3.2
    endloop
  endfacet
  facet normal 0 0 -1
    outer loop
      vertex 6.29896 112.899 3.2
      vertex 6.29896 114.101 3.2
      vertex 6.38255 114.174 3.2
    endloop
  endfacet
  facet normal 0 0 -1
    outer loop
      vertex 6.22565 112.983 3.2
      vertex 6.29896 114.101 3.2
      vertex 6.29896 112.899 3.2
    endloop
  endfacet
  facet normal 0 0 -1
    outer loop
      vertex 6.22565 112.983 3.2
      vertex 6.22565 114.017 3.2
      vertex 6.29896 114.101 3.2
    endloop
  endfacet
  facet normal 0 0 -1
    outer loop
      vertex 6.16388 113.075 3.2
      vertex 6.22565 114.017 3.2
      vertex 6.22565 112.983 3.2
    endloop
  endfacet
  facet normal 0 0 -1
    outer loop
      vertex 6.16388 113.075 3.2
      vertex 6.16388 113.925 3.2
      vertex 6.22565 114.017 3.2
    endloop
  endfacet
  facet normal 0 0 -1
    outer loop
      vertex 6.1147 113.175 3.2
      vertex 6.16388 113.925 3.2
      vertex 6.16388 113.075 3.2
    endloop
  endfacet
  facet normal 0 0 -1
    outer loop
      vertex 6.1147 113.175 3.2
      vertex 6.1147 113.825 3.2
      vertex 6.16388 113.925 3.2
    endloop
  endfacet
  facet normal 0 0 -1
    outer loop
      vertex 6.07896 113.28 3.2
      vertex 6.1147 113.825 3.2
      vertex 6.1147 113.175 3.2
    endloop
  endfacet
  facet normal 0 0 -1
    outer loop
      vertex 6.07896 113.28 3.2
      vertex 6.07896 113.72 3.2
      vertex 6.1147 113.825 3.2
    endloop
  endfacet
  facet normal 0 0 -1
    outer loop
      vertex 6.05727 113.389 3.2
      vertex 6.07896 113.72 3.2
      vertex 6.07896 113.28 3.2
    endloop
  endfacet
  facet normal 0 0 -1
    outer loop
      vertex 6.05727 113.389 3.2
      vertex 6.05727 113.611 3.2
      vertex 6.07896 113.72 3.2
    endloop
  endfacet
  facet normal 0 -0 -1
    outer loop
      vertex 6.05727 113.611 3.2
      vertex 6.05727 113.389 3.2
      vertex 6.05 113.5 3.2
    endloop
  endfacet
  facet normal 0 0 -1
    outer loop
      vertex 169.743 6.78905 3.2
      vertex 169.743 7.01095 3.2
      vertex 169.75 6.9 3.2
    endloop
  endfacet
  facet normal 0 0 -1
    outer loop
      vertex 169.721 6.68 3.2
      vertex 169.743 7.01095 3.2
      vertex 169.743 6.78905 3.2
    endloop
  endfacet
  facet normal 0 0 -1
    outer loop
      vertex 169.721 6.68 3.2
      vertex 169.721 7.12 3.2
      vertex 169.743 7.01095 3.2
    endloop
  endfacet
  facet normal 0 0 -1
    outer loop
      vertex 169.685 6.57472 3.2
      vertex 169.721 7.12 3.2
      vertex 169.721 6.68 3.2
    endloop
  endfacet
  facet normal 0 0 -1
    outer loop
      vertex 169.685 6.57472 3.2
      vertex 169.685 7.22528 3.2
      vertex 169.721 7.12 3.2
    endloop
  endfacet
  facet normal 0 0 -1
    outer loop
      vertex 169.636 6.475 3.2
      vertex 169.685 7.22528 3.2
      vertex 169.685 6.57472 3.2
    endloop
  endfacet
  facet normal 0 0 -1
    outer loop
      vertex 169.636 6.475 3.2
      vertex 169.636 7.325 3.2
      vertex 169.685 7.22528 3.2
    endloop
  endfacet
  facet normal 0 0 -1
    outer loop
      vertex 169.574 6.38255 3.2
      vertex 169.636 7.325 3.2
      vertex 169.636 6.475 3.2
    endloop
  endfacet
  facet normal 0 0 -1
    outer loop
      vertex 169.574 6.38255 3.2
      vertex 169.574 7.41745 3.2
      vertex 169.636 7.325 3.2
    endloop
  endfacet
  facet normal 0 0 -1
    outer loop
      vertex 169.501 6.29896 3.2
      vertex 169.574 7.41745 3.2
      vertex 169.574 6.38255 3.2
    endloop
  endfacet
  facet normal 0 0 -1
    outer loop
      vertex 169.501 6.29896 3.2
      vertex 169.501 7.50104 3.2
      vertex 169.574 7.41745 3.2
    endloop
  endfacet
  facet normal 0 0 -1
    outer loop
      vertex 169.417 6.22565 3.2
      vertex 169.501 7.50104 3.2
      vertex 169.501 6.29896 3.2
    endloop
  endfacet
  facet normal 0 0 -1
    outer loop
      vertex 169.417 6.22565 3.2
      vertex 169.417 7.57435 3.2
      vertex 169.501 7.50104 3.2
    endloop
  endfacet
  facet normal 0 0 -1
    outer loop
      vertex 169.325 6.16388 3.2
      vertex 169.417 7.57435 3.2
      vertex 169.417 6.22565 3.2
    endloop
  endfacet
  facet normal 0 0 -1
    outer loop
      vertex 169.325 6.16388 3.2
      vertex 169.325 7.63612 3.2
      vertex 169.417 7.57435 3.2
    endloop
  endfacet
  facet normal 0 0 -1
    outer loop
      vertex 169.225 6.1147 3.2
      vertex 169.325 7.63612 3.2
      vertex 169.325 6.16388 3.2
    endloop
  endfacet
  facet normal 0 0 -1
    outer loop
      vertex 169.225 6.1147 3.2
      vertex 169.225 7.6853 3.2
      vertex 169.325 7.63612 3.2
    endloop
  endfacet
  facet normal 0 0 -1
    outer loop
      vertex 169.12 6.07896 3.2
      vertex 169.225 7.6853 3.2
      vertex 169.225 6.1147 3.2
    endloop
  endfacet
  facet normal 0 0 -1
    outer loop
      vertex 169.12 6.07896 3.2
      vertex 169.12 7.72104 3.2
      vertex 169.225 7.6853 3.2
    endloop
  endfacet
  facet normal 0 0 -1
    outer loop
      vertex 169.011 6.05727 3.2
      vertex 169.12 7.72104 3.2
      vertex 169.12 6.07896 3.2
    endloop
  endfacet
  facet normal 0 0 -1
    outer loop
      vertex 169.011 6.05727 3.2
      vertex 169.011 7.74273 3.2
      vertex 169.12 7.72104 3.2
    endloop
  endfacet
  facet normal 0 0 -1
    outer loop
      vertex 168.9 6.05 3.2
      vertex 169.011 7.74273 3.2
      vertex 169.011 6.05727 3.2
    endloop
  endfacet
  facet normal 0 0 -1
    outer loop
      vertex 168.9 6.05 3.2
      vertex 168.9 7.75 3.2
      vertex 169.011 7.74273 3.2
    endloop
  endfacet
  facet normal 0 0 -1
    outer loop
      vertex 168.789 6.05727 3.2
      vertex 168.9 7.75 3.2
      vertex 168.9 6.05 3.2
    endloop
  endfacet
  facet normal 0 0 -1
    outer loop
      vertex 168.789 6.05727 3.2
      vertex 168.789 7.74273 3.2
      vertex 168.9 7.75 3.2
    endloop
  endfacet
  facet normal 0 0 -1
    outer loop
      vertex 168.68 6.07896 3.2
      vertex 168.789 7.74273 3.2
      vertex 168.789 6.05727 3.2
    endloop
  endfacet
  facet normal 0 0 -1
    outer loop
      vertex 168.68 6.07896 3.2
      vertex 168.68 7.72104 3.2
      vertex 168.789 7.74273 3.2
    endloop
  endfacet
  facet normal 0 0 -1
    outer loop
      vertex 168.575 6.1147 3.2
      vertex 168.68 7.72104 3.2
      vertex 168.68 6.07896 3.2
    endloop
  endfacet
  facet normal 0 0 -1
    outer loop
      vertex 168.575 6.1147 3.2
      vertex 168.575 7.6853 3.2
      vertex 168.68 7.72104 3.2
    endloop
  endfacet
  facet normal 0 0 -1
    outer loop
      vertex 168.475 6.16388 3.2
      vertex 168.575 7.6853 3.2
      vertex 168.575 6.1147 3.2
    endloop
  endfacet
  facet normal 0 0 -1
    outer loop
      vertex 168.475 6.16388 3.2
      vertex 168.475 7.63612 3.2
      vertex 168.575 7.6853 3.2
    endloop
  endfacet
  facet normal 0 0 -1
    outer loop
      vertex 168.383 6.22565 3.2
      vertex 168.475 7.63612 3.2
      vertex 168.475 6.16388 3.2
    endloop
  endfacet
  facet normal 0 0 -1
    outer loop
      vertex 168.383 6.22565 3.2
      vertex 168.383 7.57435 3.2
      vertex 168.475 7.63612 3.2
    endloop
  endfacet
  facet normal 0 0 -1
    outer loop
      vertex 168.299 6.29896 3.2
      vertex 168.383 7.57435 3.2
      vertex 168.383 6.22565 3.2
    endloop
  endfacet
  facet normal 0 0 -1
    outer loop
      vertex 168.299 6.29896 3.2
      vertex 168.299 7.50104 3.2
      vertex 168.383 7.57435 3.2
    endloop
  endfacet
  facet normal 0 0 -1
    outer loop
      vertex 168.226 6.38255 3.2
      vertex 168.299 7.50104 3.2
      vertex 168.299 6.29896 3.2
    endloop
  endfacet
  facet normal 0 0 -1
    outer loop
      vertex 168.226 6.38255 3.2
      vertex 168.226 7.41745 3.2
      vertex 168.299 7.50104 3.2
    endloop
  endfacet
  facet normal 0 0 -1
    outer loop
      vertex 168.164 6.475 3.2
      vertex 168.226 7.41745 3.2
      vertex 168.226 6.38255 3.2
    endloop
  endfacet
  facet normal 0 0 -1
    outer loop
      vertex 168.164 6.475 3.2
      vertex 168.164 7.325 3.2
      vertex 168.226 7.41745 3.2
    endloop
  endfacet
  facet normal 0 0 -1
    outer loop
      vertex 168.115 6.57472 3.2
      vertex 168.164 7.325 3.2
      vertex 168.164 6.475 3.2
    endloop
  endfacet
  facet normal 0 0 -1
    outer loop
      vertex 168.115 6.57472 3.2
      vertex 168.115 7.22528 3.2
      vertex 168.164 7.325 3.2
    endloop
  endfacet
  facet normal 0 0 -1
    outer loop
      vertex 168.079 6.68 3.2
      vertex 168.115 7.22528 3.2
      vertex 168.115 6.57472 3.2
    endloop
  endfacet
  facet normal 0 0 -1
    outer loop
      vertex 168.079 6.68 3.2
      vertex 168.079 7.12 3.2
      vertex 168.115 7.22528 3.2
    endloop
  endfacet
  facet normal 0 0 -1
    outer loop
      vertex 168.057 6.78905 3.2
      vertex 168.079 7.12 3.2
      vertex 168.079 6.68 3.2
    endloop
  endfacet
  facet normal 0 0 -1
    outer loop
      vertex 168.057 6.78905 3.2
      vertex 168.057 7.01095 3.2
      vertex 168.079 7.12 3.2
    endloop
  endfacet
  facet normal 0 -0 -1
    outer loop
      vertex 168.057 7.01095 3.2
      vertex 168.057 6.78905 3.2
      vertex 168.05 6.9 3.2
    endloop
  endfacet
  facet normal 0 0 -1
    outer loop
      vertex 169.743 113.389 3.2
      vertex 169.743 113.611 3.2
      vertex 169.75 113.5 3.2
    endloop
  endfacet
  facet normal 0 0 -1
    outer loop
      vertex 169.721 113.28 3.2
      vertex 169.743 113.611 3.2
      vertex 169.743 113.389 3.2
    endloop
  endfacet
  facet normal 0 0 -1
    outer loop
      vertex 169.721 113.28 3.2
      vertex 169.721 113.72 3.2
      vertex 169.743 113.611 3.2
    endloop
  endfacet
  facet normal 0 0 -1
    outer loop
      vertex 169.685 113.175 3.2
      vertex 169.721 113.72 3.2
      vertex 169.721 113.28 3.2
    endloop
  endfacet
  facet normal 0 0 -1
    outer loop
      vertex 169.685 113.175 3.2
      vertex 169.685 113.825 3.2
      vertex 169.721 113.72 3.2
    endloop
  endfacet
  facet normal 0 0 -1
    outer loop
      vertex 169.636 113.075 3.2
      vertex 169.685 113.825 3.2
      vertex 169.685 113.175 3.2
    endloop
  endfacet
  facet normal 0 0 -1
    outer loop
      vertex 169.636 113.075 3.2
      vertex 169.636 113.925 3.2
      vertex 169.685 113.825 3.2
    endloop
  endfacet
  facet normal 0 0 -1
    outer loop
      vertex 169.574 112.983 3.2
      vertex 169.636 113.925 3.2
      vertex 169.636 113.075 3.2
    endloop
  endfacet
  facet normal 0 0 -1
    outer loop
      vertex 169.574 112.983 3.2
      vertex 169.574 114.017 3.2
      vertex 169.636 113.925 3.2
    endloop
  endfacet
  facet normal 0 0 -1
    outer loop
      vertex 169.501 112.899 3.2
      vertex 169.574 114.017 3.2
      vertex 169.574 112.983 3.2
    endloop
  endfacet
  facet normal 0 0 -1
    outer loop
      vertex 169.501 112.899 3.2
      vertex 169.501 114.101 3.2
      vertex 169.574 114.017 3.2
    endloop
  endfacet
  facet normal 0 0 -1
    outer loop
      vertex 169.417 112.826 3.2
      vertex 169.501 114.101 3.2
      vertex 169.501 112.899 3.2
    endloop
  endfacet
  facet normal 0 0 -1
    outer loop
      vertex 169.417 112.826 3.2
      vertex 169.417 114.174 3.2
      vertex 169.501 114.101 3.2
    endloop
  endfacet
  facet normal 0 0 -1
    outer loop
      vertex 169.325 112.764 3.2
      vertex 169.417 114.174 3.2
      vertex 169.417 112.826 3.2
    endloop
  endfacet
  facet normal 0 0 -1
    outer loop
      vertex 169.325 112.764 3.2
      vertex 169.325 114.236 3.2
      vertex 169.417 114.174 3.2
    endloop
  endfacet
  facet normal 0 0 -1
    outer loop
      vertex 169.225 112.715 3.2
      vertex 169.325 114.236 3.2
      vertex 169.325 112.764 3.2
    endloop
  endfacet
  facet normal 0 0 -1
    outer loop
      vertex 169.225 112.715 3.2
      vertex 169.225 114.285 3.2
      vertex 169.325 114.236 3.2
    endloop
  endfacet
  facet normal 0 0 -1
    outer loop
      vertex 169.12 112.679 3.2
      vertex 169.225 114.285 3.2
      vertex 169.225 112.715 3.2
    endloop
  endfacet
  facet normal 0 0 -1
    outer loop
      vertex 169.12 112.679 3.2
      vertex 169.12 114.321 3.2
      vertex 169.225 114.285 3.2
    endloop
  endfacet
  facet normal 0 0 -1
    outer loop
      vertex 169.011 112.657 3.2
      vertex 169.12 114.321 3.2
      vertex 169.12 112.679 3.2
    endloop
  endfacet
  facet normal 0 0 -1
    outer loop
      vertex 169.011 112.657 3.2
      vertex 169.011 114.343 3.2
      vertex 169.12 114.321 3.2
    endloop
  endfacet
  facet normal 0 0 -1
    outer loop
      vertex 168.9 112.65 3.2
      vertex 169.011 114.343 3.2
      vertex 169.011 112.657 3.2
    endloop
  endfacet
  facet normal 0 0 -1
    outer loop
      vertex 168.9 112.65 3.2
      vertex 168.9 114.35 3.2
      vertex 169.011 114.343 3.2
    endloop
  endfacet
  facet normal 0 0 -1
    outer loop
      vertex 168.789 112.657 3.2
      vertex 168.9 114.35 3.2
      vertex 168.9 112.65 3.2
    endloop
  endfacet
  facet normal 0 0 -1
    outer loop
      vertex 168.789 112.657 3.2
      vertex 168.789 114.343 3.2
      vertex 168.9 114.35 3.2
    endloop
  endfacet
  facet normal 0 0 -1
    outer loop
      vertex 168.68 112.679 3.2
      vertex 168.789 114.343 3.2
      vertex 168.789 112.657 3.2
    endloop
  endfacet
  facet normal 0 0 -1
    outer loop
      vertex 168.68 112.679 3.2
      vertex 168.68 114.321 3.2
      vertex 168.789 114.343 3.2
    endloop
  endfacet
  facet normal 0 0 -1
    outer loop
      vertex 168.575 112.715 3.2
      vertex 168.68 114.321 3.2
      vertex 168.68 112.679 3.2
    endloop
  endfacet
  facet normal 0 0 -1
    outer loop
      vertex 168.575 112.715 3.2
      vertex 168.575 114.285 3.2
      vertex 168.68 114.321 3.2
    endloop
  endfacet
  facet normal 0 0 -1
    outer loop
      vertex 168.475 112.764 3.2
      vertex 168.575 114.285 3.2
      vertex 168.575 112.715 3.2
    endloop
  endfacet
  facet normal 0 0 -1
    outer loop
      vertex 168.475 112.764 3.2
      vertex 168.475 114.236 3.2
      vertex 168.575 114.285 3.2
    endloop
  endfacet
  facet normal 0 0 -1
    outer loop
      vertex 168.383 112.826 3.2
      vertex 168.475 114.236 3.2
      vertex 168.475 112.764 3.2
    endloop
  endfacet
  facet normal 0 0 -1
    outer loop
      vertex 168.383 112.826 3.2
      vertex 168.383 114.174 3.2
      vertex 168.475 114.236 3.2
    endloop
  endfacet
  facet normal 0 0 -1
    outer loop
      vertex 168.299 112.899 3.2
      vertex 168.383 114.174 3.2
      vertex 168.383 112.826 3.2
    endloop
  endfacet
  facet normal 0 0 -1
    outer loop
      vertex 168.299 112.899 3.2
      vertex 168.299 114.101 3.2
      vertex 168.383 114.174 3.2
    endloop
  endfacet
  facet normal 0 0 -1
    outer loop
      vertex 168.226 112.983 3.2
      vertex 168.299 114.101 3.2
      vertex 168.299 112.899 3.2
    endloop
  endfacet
  facet normal 0 0 -1
    outer loop
      vertex 168.226 112.983 3.2
      vertex 168.226 114.017 3.2
      vertex 168.299 114.101 3.2
    endloop
  endfacet
  facet normal 0 0 -1
    outer loop
      vertex 168.164 113.075 3.2
      vertex 168.226 114.017 3.2
      vertex 168.226 112.983 3.2
    endloop
  endfacet
  facet normal 0 0 -1
    outer loop
      vertex 168.164 113.075 3.2
      vertex 168.164 113.925 3.2
      vertex 168.226 114.017 3.2
    endloop
  endfacet
  facet normal 0 0 -1
    outer loop
      vertex 168.115 113.175 3.2
      vertex 168.164 113.925 3.2
      vertex 168.164 113.075 3.2
    endloop
  endfacet
  facet normal 0 0 -1
    outer loop
      vertex 168.115 113.175 3.2
      vertex 168.115 113.825 3.2
      vertex 168.164 113.925 3.2
    endloop
  endfacet
  facet normal 0 0 -1
    outer loop
      vertex 168.079 113.28 3.2
      vertex 168.115 113.825 3.2
      vertex 168.115 113.175 3.2
    endloop
  endfacet
  facet normal 0 0 -1
    outer loop
      vertex 168.079 113.28 3.2
      vertex 168.079 113.72 3.2
      vertex 168.115 113.825 3.2
    endloop
  endfacet
  facet normal 0 0 -1
    outer loop
      vertex 168.057 113.389 3.2
      vertex 168.079 113.72 3.2
      vertex 168.079 113.28 3.2
    endloop
  endfacet
  facet normal 0 0 -1
    outer loop
      vertex 168.057 113.389 3.2
      vertex 168.057 113.611 3.2
      vertex 168.079 113.72 3.2
    endloop
  endfacet
  facet normal 0 -0 -1
    outer loop
      vertex 168.057 113.611 3.2
      vertex 168.057 113.389 3.2
      vertex 168.05 113.5 3.2
    endloop
  endfacet
  facet normal -0.555626 0.831432 0
    outer loop
      vertex 172.774 2.73064 4.6
      vertex 172.6 2.61436 19.8
      vertex 172.774 2.73064 19.8
    endloop
  endfacet
  facet normal -0.555626 0.831432 0
    outer loop
      vertex 172.6 2.61436 19.8
      vertex 172.774 2.73064 4.6
      vertex 172.6 2.61436 4.6
    endloop
  endfacet
  facet normal 0.75191 0.659265 0
    outer loop
      vertex 2.86862 2.86862 19.8
      vertex 2.73064 3.02599 4.6
      vertex 2.73064 3.02599 19.8
    endloop
  endfacet
  facet normal 0.75191 0.659265 0
    outer loop
      vertex 2.73064 3.02599 4.6
      vertex 2.86862 2.86862 19.8
      vertex 2.86862 2.86862 4.6
    endloop
  endfacet
  facet normal -0.997764 -0.0668359 0
    outer loop
      vertex 173.4 116.4 4.6
      vertex 173.386 116.609 19.8
      vertex 173.386 116.609 4.6
    endloop
  endfacet
  facet normal -0.997764 -0.0668359 0
    outer loop
      vertex 173.386 116.609 19.8
      vertex 173.4 116.4 4.6
      vertex 173.4 116.4 19.8
    endloop
  endfacet
  facet normal -0.660196 -0.751093 0
    outer loop
      vertex 172.774 117.669 4.6
      vertex 172.931 117.531 19.8
      vertex 172.774 117.669 19.8
    endloop
  endfacet
  facet normal -0.660196 -0.751093 -0
    outer loop
      vertex 172.931 117.531 19.8
      vertex 172.774 117.669 4.6
      vertex 172.931 117.531 4.6
    endloop
  endfacet
  facet normal -0.321731 0.946831 0
    outer loop
      vertex 172.412 2.52179 4.6
      vertex 172.214 2.45451 19.8
      vertex 172.412 2.52179 19.8
    endloop
  endfacet
  facet normal -0.321731 0.946831 0
    outer loop
      vertex 172.214 2.45451 19.8
      vertex 172.412 2.52179 4.6
      vertex 172.214 2.45451 4.6
    endloop
  endfacet
  facet normal 0.980784 0.195096 0
    outer loop
      vertex 2.45451 3.58589 19.8
      vertex 2.41368 3.79115 4.6
      vertex 2.41368 3.79115 19.8
    endloop
  endfacet
  facet normal 0.980784 0.195096 0
    outer loop
      vertex 2.41368 3.79115 4.6
      vertex 2.45451 3.58589 19.8
      vertex 2.45451 3.58589 4.6
    endloop
  endfacet
  facet normal -0.829857 0.557976 0
    outer loop
      vertex 173.069 3.02599 4.6
      vertex 173.186 3.2 19.8
      vertex 173.186 3.2 4.6
    endloop
  endfacet
  facet normal -0.829857 0.557976 0
    outer loop
      vertex 173.186 3.2 19.8
      vertex 173.069 3.02599 4.6
      vertex 173.069 3.02599 19.8
    endloop
  endfacet
  facet normal -0.947327 0.320269 0
    outer loop
      vertex 173.278 3.38771 4.6
      vertex 173.345 3.58589 19.8
      vertex 173.345 3.58589 4.6
    endloop
  endfacet
  facet normal -0.947327 0.320269 0
    outer loop
      vertex 173.345 3.58589 19.8
      vertex 173.278 3.38771 4.6
      vertex 173.278 3.38771 19.8
    endloop
  endfacet
  facet normal -0.751863 0.659319 0
    outer loop
      vertex 172.931 2.86862 4.6
      vertex 173.069 3.02599 19.8
      vertex 173.069 3.02599 4.6
    endloop
  endfacet
  facet normal -0.751863 0.659319 0
    outer loop
      vertex 173.069 3.02599 19.8
      vertex 172.931 2.86862 4.6
      vertex 172.931 2.86862 19.8
    endloop
  endfacet
  facet normal -0.441746 0.89714 0
    outer loop
      vertex 172.6 2.61436 4.6
      vertex 172.412 2.52179 19.8
      vertex 172.6 2.61436 19.8
    endloop
  endfacet
  facet normal -0.441746 0.89714 0
    outer loop
      vertex 172.412 2.52179 19.8
      vertex 172.6 2.61436 4.6
      vertex 172.412 2.52179 4.6
    endloop
  endfacet
  facet normal -0.829843 -0.557998 0
    outer loop
      vertex 173.186 117.2 4.6
      vertex 173.069 117.374 19.8
      vertex 173.069 117.374 4.6
    endloop
  endfacet
  facet normal -0.829843 -0.557998 0
    outer loop
      vertex 173.069 117.374 19.8
      vertex 173.186 117.2 4.6
      vertex 173.186 117.2 19.8
    endloop
  endfacet
  facet normal 0.75114 -0.660142 0
    outer loop
      vertex 2.73064 117.374 19.8
      vertex 2.86862 117.531 4.6
      vertex 2.86862 117.531 19.8
    endloop
  endfacet
  facet normal 0.75114 -0.660142 0
    outer loop
      vertex 2.86862 117.531 4.6
      vertex 2.73064 117.374 19.8
      vertex 2.73064 117.374 4.6
    endloop
  endfacet
  facet normal -0.997761 0.0668837 0
    outer loop
      vertex 173.386 3.79115 4.6
      vertex 173.4 4 19.8
      vertex 173.4 4 4.6
    endloop
  endfacet
  facet normal -0.997761 0.0668837 0
    outer loop
      vertex 173.4 4 19.8
      vertex 173.386 3.79115 4.6
      vertex 173.386 3.79115 19.8
    endloop
  endfacet
  facet normal -0.980628 0.195877 0
    outer loop
      vertex 173.345 3.58589 4.6
      vertex 173.386 3.79115 19.8
      vertex 173.386 3.79115 4.6
    endloop
  endfacet
  facet normal -0.980628 0.195877 0
    outer loop
      vertex 173.386 3.79115 19.8
      vertex 173.345 3.58589 4.6
      vertex 173.345 3.58589 19.8
    endloop
  endfacet
  facet normal -1 0 0
    outer loop
      vertex 98.9 57.36 3.2
      vertex 98.9 2.39999 4.6
      vertex 98.9 57.36 4.6
    endloop
  endfacet
  facet normal -1 0 0
    outer loop
      vertex 98.9 2.38 3.22
      vertex 98.9 57.36 3.2
      vertex 98.9 2.38 3.2
    endloop
  endfacet
  facet normal -1 0 0
    outer loop
      vertex 98.9 57.36 3.2
      vertex 98.9 2.38 3.22
      vertex 98.9 2.39999 4.6
    endloop
  endfacet
  facet normal -1 0 0
    outer loop
      vertex 98.9 0 3.22
      vertex 98.9 2.39999 4.6
      vertex 98.9 2.38 3.22
    endloop
  endfacet
  facet normal -1 0 0
    outer loop
      vertex 98.9 0 19.8
      vertex 98.9 2.39999 4.6
      vertex 98.9 0 3.22
    endloop
  endfacet
  facet normal -1 0 0
    outer loop
      vertex 98.9 2.39999 4.6
      vertex 98.9 0 19.8
      vertex 98.9 2.39999 19.8
    endloop
  endfacet
  facet normal -1 0 0
    outer loop
      vertex 98.9 0 1.18
      vertex 98.9 9.38 1.2
      vertex 98.9 9.38 1.18
    endloop
  endfacet
  facet normal -1 -0 0
    outer loop
      vertex 98.9 9.38 1.2
      vertex 98.9 0 1.18
      vertex 98.9 0 1.2
    endloop
  endfacet
  facet normal -0 0 1
    outer loop
      vertex 76.9 9.38 1.18
      vertex 98.9 0 1.18
      vertex 98.9 9.38 1.18
    endloop
  endfacet
  facet normal 0 0 1
    outer loop
      vertex 98.9 0 1.18
      vertex 76.9 9.38 1.18
      vertex 76.9 0 1.18
    endloop
  endfacet
  facet normal 1 -0 0
    outer loop
      vertex 76.9 0 19.8
      vertex 76.9 2.39999 4.6
      vertex 76.9 2.39999 19.8
    endloop
  endfacet
  facet normal 1 0 0
    outer loop
      vertex 76.9 0 3.22
      vertex 76.9 2.39999 4.6
      vertex 76.9 0 19.8
    endloop
  endfacet
  facet normal 1 0 0
    outer loop
      vertex 76.9 2.39999 4.6
      vertex 76.9 0 3.22
      vertex 76.9 2.38 3.22
    endloop
  endfacet
  facet normal 1 -0 0
    outer loop
      vertex 76.9 2.39999 4.6
      vertex 76.9 57.36 3.2
      vertex 76.9 57.36 4.6
    endloop
  endfacet
  facet normal 1 -0 0
    outer loop
      vertex 76.9 2.38 3.22
      vertex 76.9 57.36 3.2
      vertex 76.9 2.39999 4.6
    endloop
  endfacet
  facet normal 1 0 0
    outer loop
      vertex 76.9 57.36 3.2
      vertex 76.9 2.38 3.22
      vertex 76.9 2.38 3.2
    endloop
  endfacet
  facet normal 1 -0 0
    outer loop
      vertex 76.9 0 1.2
      vertex 76.9 9.38 1.18
      vertex 76.9 9.38 1.2
    endloop
  endfacet
  facet normal 1 0 0
    outer loop
      vertex 76.9 9.38 1.18
      vertex 76.9 0 1.2
      vertex 76.9 0 1.18
    endloop
  endfacet
  facet normal 0 -1 0
    outer loop
      vertex 76.9 9.38 1.18
      vertex 98.9 9.38 1.2
      vertex 76.9 9.38 1.2
    endloop
  endfacet
  facet normal 0 -1 -0
    outer loop
      vertex 98.9 9.38 1.2
      vertex 76.9 9.38 1.18
      vertex 98.9 9.38 1.18
    endloop
  endfacet
  facet normal 0 0 -1
    outer loop
      vertex 0 33.83 12.5
      vertex 2.39999 44.43 12.5
      vertex 2.39999 33.83 12.5
    endloop
  endfacet
  facet normal -0 0 -1
    outer loop
      vertex 2.39999 44.43 12.5
      vertex 0 33.83 12.5
      vertex 0 44.43 12.5
    endloop
  endfacet
  facet normal -0 0 1
    outer loop
      vertex 0 44.43 7.5
      vertex 2.39999 33.83 7.5
      vertex 2.39999 44.43 7.5
    endloop
  endfacet
  facet normal 0 0 1
    outer loop
      vertex 2.39999 33.83 7.5
      vertex 0 44.43 7.5
      vertex 0 33.83 7.5
    endloop
  endfacet
  facet normal 0 -1 0
    outer loop
      vertex 0 44.43 7.5
      vertex 2.39999 44.43 12.5
      vertex 0 44.43 12.5
    endloop
  endfacet
  facet normal 0 -1 -0
    outer loop
      vertex 2.39999 44.43 12.5
      vertex 0 44.43 7.5
      vertex 2.39999 44.43 7.5
    endloop
  endfacet
  facet normal 0 1 -0
    outer loop
      vertex 2.39999 33.83 7.5
      vertex 0 33.83 12.5
      vertex 2.39999 33.83 12.5
    endloop
  endfacet
  facet normal 0 1 0
    outer loop
      vertex 0 33.83 12.5
      vertex 2.39999 33.83 7.5
      vertex 0 33.83 7.5
    endloop
  endfacet
  facet normal 0 0 1
    outer loop
      vertex 54.65 22.3 4.6
      vertex 10.3701 7.35684 4.6
      vertex 10.4 6.9 4.6
    endloop
  endfacet
  facet normal 0 0 1
    outer loop
      vertex 54.65 22.3 4.6
      vertex 10.2807 7.80587 4.6
      vertex 10.3701 7.35684 4.6
    endloop
  endfacet
  facet normal 0 0 1
    outer loop
      vertex 54.65 22.3 4.6
      vertex 10.1336 8.23939 4.6
      vertex 10.2807 7.80587 4.6
    endloop
  endfacet
  facet normal 0 0 1
    outer loop
      vertex 54.65 22.3 4.6
      vertex 9.93109 8.65 4.6
      vertex 10.1336 8.23939 4.6
    endloop
  endfacet
  facet normal 0 0 1
    outer loop
      vertex 54.65 22.3 4.6
      vertex 9.67674 9.03066 4.6
      vertex 9.93109 8.65 4.6
    endloop
  endfacet
  facet normal -0 0 1
    outer loop
      vertex 5.3 22.3 4.6
      vertex 9.67674 9.03066 4.6
      vertex 54.65 22.3 4.6
    endloop
  endfacet
  facet normal 0 0 1
    outer loop
      vertex 9.67674 9.03066 4.6
      vertex 5.3 22.3 4.6
      vertex 9.37487 9.37487 4.6
    endloop
  endfacet
  facet normal 0 0 1
    outer loop
      vertex 9.37487 9.37487 4.6
      vertex 5.3 22.3 4.6
      vertex 9.03066 9.67674 4.6
    endloop
  endfacet
  facet normal 0 0 1
    outer loop
      vertex 9.03066 9.67674 4.6
      vertex 5.3 22.3 4.6
      vertex 8.65 9.93109 4.6
    endloop
  endfacet
  facet normal 0 0 1
    outer loop
      vertex 8.65 9.93109 4.6
      vertex 5.3 22.3 4.6
      vertex 8.23939 10.1336 4.6
    endloop
  endfacet
  facet normal 0 0 1
    outer loop
      vertex 8.23939 10.1336 4.6
      vertex 5.3 22.3 4.6
      vertex 7.80587 10.2807 4.6
    endloop
  endfacet
  facet normal 0 0 1
    outer loop
      vertex 7.80587 10.2807 4.6
      vertex 5.3 22.3 4.6
      vertex 7.35684 10.3701 4.6
    endloop
  endfacet
  facet normal 0 0 1
    outer loop
      vertex 7.35684 10.3701 4.6
      vertex 5.3 22.3 4.6
      vertex 6.9 10.4 4.6
    endloop
  endfacet
  facet normal 0 0 1
    outer loop
      vertex 6.9 10.4 4.6
      vertex 5.3 22.3 4.6
      vertex 6.44316 10.3701 4.6
    endloop
  endfacet
  facet normal 0 0 1
    outer loop
      vertex 6.44316 10.3701 4.6
      vertex 5.3 22.3 4.6
      vertex 5.99413 10.2807 4.6
    endloop
  endfacet
  facet normal 0 0 1
    outer loop
      vertex 5.3 22.3 4.6
      vertex 5.56061 10.1336 4.6
      vertex 5.99413 10.2807 4.6
    endloop
  endfacet
  facet normal 0 0 1
    outer loop
      vertex 5.3 22.3 4.6
      vertex 5.15 9.93109 4.6
      vertex 5.56061 10.1336 4.6
    endloop
  endfacet
  facet normal 0 0 1
    outer loop
      vertex 4.42513 111.025 4.6
      vertex 5.3 55.96 4.6
      vertex 4.76934 110.723 4.6
    endloop
  endfacet
  facet normal 0 0 1
    outer loop
      vertex 4.12326 111.369 4.6
      vertex 5.3 55.96 4.6
      vertex 4.42513 111.025 4.6
    endloop
  endfacet
  facet normal 0 0 1
    outer loop
      vertex 5.3 22.3 4.6
      vertex 4.76934 9.67674 4.6
      vertex 5.15 9.93109 4.6
    endloop
  endfacet
  facet normal 0 0 1
    outer loop
      vertex 3.86891 111.75 4.6
      vertex 5.3 55.96 4.6
      vertex 4.12326 111.369 4.6
    endloop
  endfacet
  facet normal 0 0 1
    outer loop
      vertex 5.3 22.3 4.6
      vertex 4.42513 9.37487 4.6
      vertex 4.76934 9.67674 4.6
    endloop
  endfacet
  facet normal 0 0 1
    outer loop
      vertex 3.66642 112.161 4.6
      vertex 5.3 55.96 4.6
      vertex 3.86891 111.75 4.6
    endloop
  endfacet
  facet normal 0 0 1
    outer loop
      vertex 5.3 22.3 4.6
      vertex 4.12326 9.03066 4.6
      vertex 4.42513 9.37487 4.6
    endloop
  endfacet
  facet normal 0 0 1
    outer loop
      vertex 3.51926 112.594 4.6
      vertex 5.3 55.96 4.6
      vertex 3.66642 112.161 4.6
    endloop
  endfacet
  facet normal 0 0 1
    outer loop
      vertex 5.3 22.3 4.6
      vertex 3.86891 8.65 4.6
      vertex 4.12326 9.03066 4.6
    endloop
  endfacet
  facet normal 0 0 1
    outer loop
      vertex 2.39999 116.4 4.6
      vertex 5.3 55.96 4.6
      vertex 3.51926 112.594 4.6
    endloop
  endfacet
  facet normal 0 0 1
    outer loop
      vertex 5.3 22.3 4.6
      vertex 3.66642 8.23939 4.6
      vertex 3.86891 8.65 4.6
    endloop
  endfacet
  facet normal 0 0 1
    outer loop
      vertex 2.39999 4 4.6
      vertex 5.3 55.96 4.6
      vertex 2.39999 116.4 4.6
    endloop
  endfacet
  facet normal 0 0 1
    outer loop
      vertex 5.3 22.3 4.6
      vertex 3.51926 7.80587 4.6
      vertex 3.66642 8.23939 4.6
    endloop
  endfacet
  facet normal 0 0 1
    outer loop
      vertex 2.39999 116.4 4.6
      vertex 3.51926 112.594 4.6
      vertex 3.42994 113.043 4.6
    endloop
  endfacet
  facet normal 0 0 1
    outer loop
      vertex 5.3 55.96 4.6
      vertex 2.39999 4 4.6
      vertex 5.3 22.3 4.6
    endloop
  endfacet
  facet normal 0 0 1
    outer loop
      vertex 2.39999 116.4 4.6
      vertex 3.42994 113.043 4.6
      vertex 3.4 113.5 4.6
    endloop
  endfacet
  facet normal 0 0 1
    outer loop
      vertex 5.3 22.3 4.6
      vertex 2.39999 4 4.6
      vertex 3.51926 7.80587 4.6
    endloop
  endfacet
  facet normal 0 0 1
    outer loop
      vertex 173.4 116.4 4.6
      vertex 172.281 112.594 4.6
      vertex 173.4 4 4.6
    endloop
  endfacet
  facet normal 0 0 1
    outer loop
      vertex 173.4 4 4.6
      vertex 172.37 7.35684 4.6
      vertex 172.4 6.9 4.6
    endloop
  endfacet
  facet normal -0 0 1
    outer loop
      vertex 172.281 7.80587 4.6
      vertex 173.4 4 4.6
      vertex 172.281 112.594 4.6
    endloop
  endfacet
  facet normal 0 0 1
    outer loop
      vertex 173.4 4 4.6
      vertex 172.281 7.80587 4.6
      vertex 172.37 7.35684 4.6
    endloop
  endfacet
  facet normal -0 0 1
    outer loop
      vertex 172.134 112.161 4.6
      vertex 172.281 7.80587 4.6
      vertex 172.281 112.594 4.6
    endloop
  endfacet
  facet normal 0 0 1
    outer loop
      vertex 172.134 112.161 4.6
      vertex 172.134 8.23939 4.6
      vertex 172.281 7.80587 4.6
    endloop
  endfacet
  facet normal -0 0 1
    outer loop
      vertex 171.931 111.75 4.6
      vertex 172.134 8.23939 4.6
      vertex 172.134 112.161 4.6
    endloop
  endfacet
  facet normal 0 0 1
    outer loop
      vertex 171.931 111.75 4.6
      vertex 171.931 8.65 4.6
      vertex 172.134 8.23939 4.6
    endloop
  endfacet
  facet normal -0 0 1
    outer loop
      vertex 171.677 111.369 4.6
      vertex 171.931 8.65 4.6
      vertex 171.931 111.75 4.6
    endloop
  endfacet
  facet normal 0 0 1
    outer loop
      vertex 171.677 111.369 4.6
      vertex 171.677 9.03066 4.6
      vertex 171.931 8.65 4.6
    endloop
  endfacet
  facet normal -0 0 1
    outer loop
      vertex 171.375 111.025 4.6
      vertex 171.677 9.03066 4.6
      vertex 171.677 111.369 4.6
    endloop
  endfacet
  facet normal 0 0 1
    outer loop
      vertex 171.375 111.025 4.6
      vertex 171.375 9.37487 4.6
      vertex 171.677 9.03066 4.6
    endloop
  endfacet
  facet normal -0 0 1
    outer loop
      vertex 171.031 110.723 4.6
      vertex 171.375 9.37487 4.6
      vertex 171.375 111.025 4.6
    endloop
  endfacet
  facet normal 0 0 1
    outer loop
      vertex 171.031 110.723 4.6
      vertex 171.031 9.67674 4.6
      vertex 171.375 9.37487 4.6
    endloop
  endfacet
  facet normal -0 0 1
    outer loop
      vertex 170.65 110.469 4.6
      vertex 171.031 9.67674 4.6
      vertex 171.031 110.723 4.6
    endloop
  endfacet
  facet normal 0 0 1
    outer loop
      vertex 170.65 110.469 4.6
      vertex 170.65 9.93109 4.6
      vertex 171.031 9.67674 4.6
    endloop
  endfacet
  facet normal -0 0 1
    outer loop
      vertex 170.239 110.266 4.6
      vertex 170.65 9.93109 4.6
      vertex 170.65 110.469 4.6
    endloop
  endfacet
  facet normal 0 0 1
    outer loop
      vertex 170.239 110.266 4.6
      vertex 170.239 10.1336 4.6
      vertex 170.65 9.93109 4.6
    endloop
  endfacet
  facet normal -0 0 1
    outer loop
      vertex 169.806 110.119 4.6
      vertex 170.239 10.1336 4.6
      vertex 170.239 110.266 4.6
    endloop
  endfacet
  facet normal 0 0 1
    outer loop
      vertex 169.806 110.119 4.6
      vertex 169.806 10.2807 4.6
      vertex 170.239 10.1336 4.6
    endloop
  endfacet
  facet normal -0 0 1
    outer loop
      vertex 169.357 110.03 4.6
      vertex 169.806 10.2807 4.6
      vertex 169.806 110.119 4.6
    endloop
  endfacet
  facet normal 0 0 1
    outer loop
      vertex 169.357 110.03 4.6
      vertex 169.357 10.3701 4.6
      vertex 169.806 10.2807 4.6
    endloop
  endfacet
  facet normal -0 0 1
    outer loop
      vertex 168.9 110 4.6
      vertex 169.357 10.3701 4.6
      vertex 169.357 110.03 4.6
    endloop
  endfacet
  facet normal 0 0 1
    outer loop
      vertex 168.9 110 4.6
      vertex 168.9 10.4 4.6
      vertex 169.357 10.3701 4.6
    endloop
  endfacet
  facet normal 0 0 1
    outer loop
      vertex 168.443 110.03 4.6
      vertex 168.9 10.4 4.6
      vertex 168.9 110 4.6
    endloop
  endfacet
  facet normal 0 0 1
    outer loop
      vertex 168.443 110.03 4.6
      vertex 168.443 10.3701 4.6
      vertex 168.9 10.4 4.6
    endloop
  endfacet
  facet normal 0 0 1
    outer loop
      vertex 167.994 110.119 4.6
      vertex 168.443 10.3701 4.6
      vertex 168.443 110.03 4.6
    endloop
  endfacet
  facet normal 0 0 1
    outer loop
      vertex 167.994 110.119 4.6
      vertex 167.994 10.2807 4.6
      vertex 168.443 10.3701 4.6
    endloop
  endfacet
  facet normal 0 0 1
    outer loop
      vertex 98.9 57.36 4.6
      vertex 167.994 110.119 4.6
      vertex 167.561 110.266 4.6
    endloop
  endfacet
  facet normal 0 0 1
    outer loop
      vertex 167.994 110.119 4.6
      vertex 98.9 57.36 4.6
      vertex 167.994 10.2807 4.6
    endloop
  endfacet
  facet normal 0 0 1
    outer loop
      vertex 98.9 57.36 4.6
      vertex 167.561 110.266 4.6
      vertex 167.15 110.469 4.6
    endloop
  endfacet
  facet normal 0 0 1
    outer loop
      vertex 167.994 10.2807 4.6
      vertex 98.9 57.36 4.6
      vertex 167.561 10.1336 4.6
    endloop
  endfacet
  facet normal 0 0 1
    outer loop
      vertex 98.9 57.36 4.6
      vertex 167.15 110.469 4.6
      vertex 166.769 110.723 4.6
    endloop
  endfacet
  facet normal 0 0 1
    outer loop
      vertex 167.561 10.1336 4.6
      vertex 98.9 57.36 4.6
      vertex 167.15 9.93109 4.6
    endloop
  endfacet
  facet normal 0 0 1
    outer loop
      vertex 98.9 57.36 4.6
      vertex 166.769 110.723 4.6
      vertex 166.425 111.025 4.6
    endloop
  endfacet
  facet normal 0 0 1
    outer loop
      vertex 167.15 9.93109 4.6
      vertex 98.9 57.36 4.6
      vertex 166.769 9.67674 4.6
    endloop
  endfacet
  facet normal 0 0 1
    outer loop
      vertex 98.9 57.36 4.6
      vertex 166.425 111.025 4.6
      vertex 166.123 111.369 4.6
    endloop
  endfacet
  facet normal 0 0 1
    outer loop
      vertex 166.769 9.67674 4.6
      vertex 98.9 57.36 4.6
      vertex 166.425 9.37487 4.6
    endloop
  endfacet
  facet normal 0 0 1
    outer loop
      vertex 98.9 57.36 4.6
      vertex 166.123 111.369 4.6
      vertex 165.869 111.75 4.6
    endloop
  endfacet
  facet normal 0 0 1
    outer loop
      vertex 166.425 9.37487 4.6
      vertex 98.9 57.36 4.6
      vertex 166.123 9.03066 4.6
    endloop
  endfacet
  facet normal 0 0 1
    outer loop
      vertex 98.9 57.36 4.6
      vertex 165.869 111.75 4.6
      vertex 165.666 112.161 4.6
    endloop
  endfacet
  facet normal 0 0 1
    outer loop
      vertex 166.123 9.03066 4.6
      vertex 98.9 57.36 4.6
      vertex 165.869 8.65 4.6
    endloop
  endfacet
  facet normal 0 0 1
    outer loop
      vertex 98.9 57.36 4.6
      vertex 165.666 112.161 4.6
      vertex 165.519 112.594 4.6
    endloop
  endfacet
  facet normal 0 0 1
    outer loop
      vertex 98.9 2.39999 4.6
      vertex 165.869 8.65 4.6
      vertex 98.9 57.36 4.6
    endloop
  endfacet
  facet normal 0 0 1
    outer loop
      vertex 98.9 57.36 4.6
      vertex 165.519 112.594 4.6
      vertex 165.43 113.043 4.6
    endloop
  endfacet
  facet normal 0 0 1
    outer loop
      vertex 165.869 8.65 4.6
      vertex 98.9 2.39999 4.6
      vertex 165.666 8.23939 4.6
    endloop
  endfacet
  facet normal 0 0 1
    outer loop
      vertex 98.9 57.36 4.6
      vertex 165.43 113.043 4.6
      vertex 165.4 113.5 4.6
    endloop
  endfacet
  facet normal 0 0 1
    outer loop
      vertex 165.666 8.23939 4.6
      vertex 98.9 2.39999 4.6
      vertex 165.519 7.80587 4.6
    endloop
  endfacet
  facet normal 0 0 1
    outer loop
      vertex 171.677 115.631 4.6
      vertex 173.4 116.4 4.6
      vertex 173.386 116.609 4.6
    endloop
  endfacet
  facet normal 0 0 1
    outer loop
      vertex 172.37 113.043 4.6
      vertex 173.4 116.4 4.6
      vertex 172.4 113.5 4.6
    endloop
  endfacet
  facet normal 0 0 1
    outer loop
      vertex 171.677 115.631 4.6
      vertex 173.386 116.609 4.6
      vertex 173.345 116.814 4.6
    endloop
  endfacet
  facet normal 0 0 1
    outer loop
      vertex 172.281 112.594 4.6
      vertex 173.4 116.4 4.6
      vertex 172.37 113.043 4.6
    endloop
  endfacet
  facet normal 0 0 1
    outer loop
      vertex 171.375 115.975 4.6
      vertex 173.345 116.814 4.6
      vertex 173.278 117.012 4.6
    endloop
  endfacet
  facet normal -0 0 1
    outer loop
      vertex 172.37 6.44316 4.6
      vertex 173.4 4 4.6
      vertex 172.4 6.9 4.6
    endloop
  endfacet
  facet normal 0 0 1
    outer loop
      vertex 171.375 115.975 4.6
      vertex 173.278 117.012 4.6
      vertex 173.186 117.2 4.6
    endloop
  endfacet
  facet normal -0 0 1
    outer loop
      vertex 172.281 5.99413 4.6
      vertex 173.4 4 4.6
      vertex 172.37 6.44316 4.6
    endloop
  endfacet
  facet normal 0 0 1
    outer loop
      vertex 171.375 115.975 4.6
      vertex 173.186 117.2 4.6
      vertex 173.069 117.374 4.6
    endloop
  endfacet
  facet normal -0 0 1
    outer loop
      vertex 172.134 5.56061 4.6
      vertex 173.4 4 4.6
      vertex 172.281 5.99413 4.6
    endloop
  endfacet
  facet normal 0 0 1
    outer loop
      vertex 171.375 115.975 4.6
      vertex 173.069 117.374 4.6
      vertex 172.931 117.531 4.6
    endloop
  endfacet
  facet normal -0 0 1
    outer loop
      vertex 171.931 5.15 4.6
      vertex 173.4 4 4.6
      vertex 172.134 5.56061 4.6
    endloop
  endfacet
  facet normal 0 0 1
    outer loop
      vertex 171.375 115.975 4.6
      vertex 172.931 117.531 4.6
      vertex 172.774 117.669 4.6
    endloop
  endfacet
  facet normal -0 0 1
    outer loop
      vertex 171.677 4.76934 4.6
      vertex 173.4 4 4.6
      vertex 171.931 5.15 4.6
    endloop
  endfacet
  facet normal 0 0 1
    outer loop
      vertex 171.375 115.975 4.6
      vertex 172.774 117.669 4.6
      vertex 172.6 117.786 4.6
    endloop
  endfacet
  facet normal 0 0 1
    outer loop
      vertex 173.4 4 4.6
      vertex 171.677 4.76934 4.6
      vertex 173.386 3.79115 4.6
    endloop
  endfacet
  facet normal 0 0 1
    outer loop
      vertex 171.375 115.975 4.6
      vertex 172.6 117.786 4.6
      vertex 172.412 117.878 4.6
    endloop
  endfacet
  facet normal 0 0 1
    outer loop
      vertex 173.386 3.79115 4.6
      vertex 171.677 4.76934 4.6
      vertex 173.345 3.58589 4.6
    endloop
  endfacet
  facet normal -0 0 1
    outer loop
      vertex 171.375 4.42513 4.6
      vertex 173.345 3.58589 4.6
      vertex 171.677 4.76934 4.6
    endloop
  endfacet
  facet normal 0 0 1
    outer loop
      vertex 173.4 116.4 4.6
      vertex 172.37 113.957 4.6
      vertex 172.4 113.5 4.6
    endloop
  endfacet
  facet normal 0 0 1
    outer loop
      vertex 173.4 116.4 4.6
      vertex 172.281 114.406 4.6
      vertex 172.37 113.957 4.6
    endloop
  endfacet
  facet normal 0 0 1
    outer loop
      vertex 171.375 115.975 4.6
      vertex 172.412 117.878 4.6
      vertex 172.214 117.945 4.6
    endloop
  endfacet
  facet normal 0 0 1
    outer loop
      vertex 173.4 116.4 4.6
      vertex 172.134 114.839 4.6
      vertex 172.281 114.406 4.6
    endloop
  endfacet
  facet normal 0 0 1
    outer loop
      vertex 171.375 115.975 4.6
      vertex 172.214 117.945 4.6
      vertex 172.009 117.986 4.6
    endloop
  endfacet
  facet normal 0 0 1
    outer loop
      vertex 173.4 116.4 4.6
      vertex 171.931 115.25 4.6
      vertex 172.134 114.839 4.6
    endloop
  endfacet
  facet normal 0 0 1
    outer loop
      vertex 171.031 116.277 4.6
      vertex 172.009 117.986 4.6
      vertex 171.8 118 4.6
    endloop
  endfacet
  facet normal 0 0 1
    outer loop
      vertex 173.4 116.4 4.6
      vertex 171.677 115.631 4.6
      vertex 171.931 115.25 4.6
    endloop
  endfacet
  facet normal 0 0 1
    outer loop
      vertex 173.345 116.814 4.6
      vertex 171.375 115.975 4.6
      vertex 171.677 115.631 4.6
    endloop
  endfacet
  facet normal 0 0 1
    outer loop
      vertex 172.009 117.986 4.6
      vertex 171.031 116.277 4.6
      vertex 171.375 115.975 4.6
    endloop
  endfacet
  facet normal 0 0 1
    outer loop
      vertex 171.8 118 4.6
      vertex 170.65 116.531 4.6
      vertex 171.031 116.277 4.6
    endloop
  endfacet
  facet normal 0 0 1
    outer loop
      vertex 171.8 118 4.6
      vertex 170.239 116.734 4.6
      vertex 170.65 116.531 4.6
    endloop
  endfacet
  facet normal 0 0 1
    outer loop
      vertex 171.8 118 4.6
      vertex 169.806 116.881 4.6
      vertex 170.239 116.734 4.6
    endloop
  endfacet
  facet normal 0 0 1
    outer loop
      vertex 171.8 118 4.6
      vertex 169.357 116.97 4.6
      vertex 169.806 116.881 4.6
    endloop
  endfacet
  facet normal 0 0 1
    outer loop
      vertex 171.8 118 4.6
      vertex 168.9 117 4.6
      vertex 169.357 116.97 4.6
    endloop
  endfacet
  facet normal 0 0 1
    outer loop
      vertex 171.8 118 4.6
      vertex 168.443 116.97 4.6
      vertex 168.9 117 4.6
    endloop
  endfacet
  facet normal 0 0 1
    outer loop
      vertex 171.8 118 4.6
      vertex 167.994 116.881 4.6
      vertex 168.443 116.97 4.6
    endloop
  endfacet
  facet normal 0 0 1
    outer loop
      vertex 165.519 7.80587 4.6
      vertex 98.9 2.39999 4.6
      vertex 165.43 7.35684 4.6
    endloop
  endfacet
  facet normal 0 0 1
    outer loop
      vertex 165.43 113.957 4.6
      vertex 98.9 57.36 4.6
      vertex 165.4 113.5 4.6
    endloop
  endfacet
  facet normal 0 0 1
    outer loop
      vertex 165.519 114.406 4.6
      vertex 98.9 57.36 4.6
      vertex 165.43 113.957 4.6
    endloop
  endfacet
  facet normal 0 0 1
    outer loop
      vertex 10.2807 114.406 4.6
      vertex 165.519 114.406 4.6
      vertex 165.666 114.839 4.6
    endloop
  endfacet
  facet normal 0 0 1
    outer loop
      vertex 10.1336 114.839 4.6
      vertex 165.666 114.839 4.6
      vertex 165.869 115.25 4.6
    endloop
  endfacet
  facet normal 0 0 1
    outer loop
      vertex 9.93109 115.25 4.6
      vertex 165.869 115.25 4.6
      vertex 166.123 115.631 4.6
    endloop
  endfacet
  facet normal 0 0 1
    outer loop
      vertex 9.67674 115.631 4.6
      vertex 166.123 115.631 4.6
      vertex 166.425 115.975 4.6
    endloop
  endfacet
  facet normal 0 0 1
    outer loop
      vertex 9.37487 115.975 4.6
      vertex 166.425 115.975 4.6
      vertex 166.769 116.277 4.6
    endloop
  endfacet
  facet normal 0 0 1
    outer loop
      vertex 165.519 114.406 4.6
      vertex 76.9 57.36 4.6
      vertex 98.9 57.36 4.6
    endloop
  endfacet
  facet normal 0 0 1
    outer loop
      vertex 9.03066 116.277 4.6
      vertex 166.769 116.277 4.6
      vertex 167.15 116.531 4.6
    endloop
  endfacet
  facet normal 0 0 1
    outer loop
      vertex 56.15 23.9 4.6
      vertex 76.9 57.36 4.6
      vertex 56.15 54.36 4.6
    endloop
  endfacet
  facet normal 0 0 1
    outer loop
      vertex 165.519 114.406 4.6
      vertex 10.2807 114.406 4.6
      vertex 76.9 57.36 4.6
    endloop
  endfacet
  facet normal 0 0 1
    outer loop
      vertex 76.9 57.36 4.6
      vertex 54.65 55.96 4.6
      vertex 56.15 54.36 4.6
    endloop
  endfacet
  facet normal -0 -0 1
    outer loop
      vertex 10.4 113.5 4.6
      vertex 76.9 57.36 4.6
      vertex 10.3701 113.957 4.6
    endloop
  endfacet
  facet normal 0 0 1
    outer loop
      vertex 8.65 116.531 4.6
      vertex 167.15 116.531 4.6
      vertex 167.561 116.734 4.6
    endloop
  endfacet
  facet normal 0 0 1
    outer loop
      vertex 8.23939 116.734 4.6
      vertex 167.561 116.734 4.6
      vertex 167.994 116.881 4.6
    endloop
  endfacet
  facet normal 0 0 1
    outer loop
      vertex 7.80587 116.881 4.6
      vertex 167.994 116.881 4.6
      vertex 171.8 118 4.6
    endloop
  endfacet
  facet normal -0 0 1
    outer loop
      vertex 10.3701 113.043 4.6
      vertex 76.9 57.36 4.6
      vertex 10.4 113.5 4.6
    endloop
  endfacet
  facet normal 0 0 1
    outer loop
      vertex 76.9 57.36 4.6
      vertex 10.2807 114.406 4.6
      vertex 10.3701 113.957 4.6
    endloop
  endfacet
  facet normal 0 0 1
    outer loop
      vertex 165.666 114.839 4.6
      vertex 10.1336 114.839 4.6
      vertex 10.2807 114.406 4.6
    endloop
  endfacet
  facet normal 0 0 1
    outer loop
      vertex 165.869 115.25 4.6
      vertex 9.93109 115.25 4.6
      vertex 10.1336 114.839 4.6
    endloop
  endfacet
  facet normal 0 0 1
    outer loop
      vertex 166.123 115.631 4.6
      vertex 9.67674 115.631 4.6
      vertex 9.93109 115.25 4.6
    endloop
  endfacet
  facet normal 0 0 1
    outer loop
      vertex 166.425 115.975 4.6
      vertex 9.37487 115.975 4.6
      vertex 9.67674 115.631 4.6
    endloop
  endfacet
  facet normal 0 0 1
    outer loop
      vertex 166.769 116.277 4.6
      vertex 9.03066 116.277 4.6
      vertex 9.37487 115.975 4.6
    endloop
  endfacet
  facet normal 0 0 1
    outer loop
      vertex 167.15 116.531 4.6
      vertex 8.65 116.531 4.6
      vertex 9.03066 116.277 4.6
    endloop
  endfacet
  facet normal 0 0 1
    outer loop
      vertex 167.561 116.734 4.6
      vertex 8.23939 116.734 4.6
      vertex 8.65 116.531 4.6
    endloop
  endfacet
  facet normal 0 0 1
    outer loop
      vertex 167.994 116.881 4.6
      vertex 7.80587 116.881 4.6
      vertex 8.23939 116.734 4.6
    endloop
  endfacet
  facet normal -0 0 1
    outer loop
      vertex 4 118 4.6
      vertex 7.80587 116.881 4.6
      vertex 171.8 118 4.6
    endloop
  endfacet
  facet normal 0 0 1
    outer loop
      vertex 7.80587 116.881 4.6
      vertex 4 118 4.6
      vertex 7.35684 116.97 4.6
    endloop
  endfacet
  facet normal 0 0 1
    outer loop
      vertex 7.35684 116.97 4.6
      vertex 4 118 4.6
      vertex 6.9 117 4.6
    endloop
  endfacet
  facet normal 0 0 1
    outer loop
      vertex 4 118 4.6
      vertex 6.44316 116.97 4.6
      vertex 6.9 117 4.6
    endloop
  endfacet
  facet normal 0 0 1
    outer loop
      vertex 4 118 4.6
      vertex 5.99413 116.881 4.6
      vertex 6.44316 116.97 4.6
    endloop
  endfacet
  facet normal 0 0 1
    outer loop
      vertex 4 118 4.6
      vertex 5.56061 116.734 4.6
      vertex 5.99413 116.881 4.6
    endloop
  endfacet
  facet normal 0 0 1
    outer loop
      vertex 4 118 4.6
      vertex 5.15 116.531 4.6
      vertex 5.56061 116.734 4.6
    endloop
  endfacet
  facet normal 0 0 1
    outer loop
      vertex 4 118 4.6
      vertex 4.76934 116.277 4.6
      vertex 5.15 116.531 4.6
    endloop
  endfacet
  facet normal -0 0 1
    outer loop
      vertex 3.79115 117.986 4.6
      vertex 4.76934 116.277 4.6
      vertex 4 118 4.6
    endloop
  endfacet
  facet normal 0 0 1
    outer loop
      vertex 4.76934 116.277 4.6
      vertex 3.79115 117.986 4.6
      vertex 4.42513 115.975 4.6
    endloop
  endfacet
  facet normal -0 0 1
    outer loop
      vertex 3.58589 117.945 4.6
      vertex 4.42513 115.975 4.6
      vertex 3.79115 117.986 4.6
    endloop
  endfacet
  facet normal -0 0 1
    outer loop
      vertex 3.38771 117.878 4.6
      vertex 4.42513 115.975 4.6
      vertex 3.58589 117.945 4.6
    endloop
  endfacet
  facet normal -0 0 1
    outer loop
      vertex 3.2 117.786 4.6
      vertex 4.42513 115.975 4.6
      vertex 3.38771 117.878 4.6
    endloop
  endfacet
  facet normal -0 0 1
    outer loop
      vertex 3.02599 117.669 4.6
      vertex 4.42513 115.975 4.6
      vertex 3.2 117.786 4.6
    endloop
  endfacet
  facet normal 0 0 1
    outer loop
      vertex 3.86891 115.25 4.6
      vertex 2.39999 116.4 4.6
      vertex 3.66642 114.839 4.6
    endloop
  endfacet
  facet normal 0 0 1
    outer loop
      vertex 3.66642 114.839 4.6
      vertex 2.39999 116.4 4.6
      vertex 3.51926 114.406 4.6
    endloop
  endfacet
  facet normal 0 0 1
    outer loop
      vertex 3.51926 114.406 4.6
      vertex 2.39999 116.4 4.6
      vertex 3.42994 113.957 4.6
    endloop
  endfacet
  facet normal 0 0 1
    outer loop
      vertex 3.42994 113.957 4.6
      vertex 2.39999 116.4 4.6
      vertex 3.4 113.5 4.6
    endloop
  endfacet
  facet normal -0 0 1
    outer loop
      vertex 2.86862 117.531 4.6
      vertex 4.42513 115.975 4.6
      vertex 3.02599 117.669 4.6
    endloop
  endfacet
  facet normal 0 0 1
    outer loop
      vertex 173.345 3.58589 4.6
      vertex 171.375 4.42513 4.6
      vertex 173.278 3.38771 4.6
    endloop
  endfacet
  facet normal 0 0 1
    outer loop
      vertex 173.278 3.38771 4.6
      vertex 171.375 4.42513 4.6
      vertex 173.186 3.2 4.6
    endloop
  endfacet
  facet normal 0 0 1
    outer loop
      vertex 173.186 3.2 4.6
      vertex 171.375 4.42513 4.6
      vertex 173.069 3.02599 4.6
    endloop
  endfacet
  facet normal 0 0 1
    outer loop
      vertex 173.069 3.02599 4.6
      vertex 171.375 4.42513 4.6
      vertex 172.931 2.86862 4.6
    endloop
  endfacet
  facet normal 0 0 1
    outer loop
      vertex 172.931 2.86862 4.6
      vertex 171.375 4.42513 4.6
      vertex 172.774 2.73064 4.6
    endloop
  endfacet
  facet normal 0 0 1
    outer loop
      vertex 172.774 2.73064 4.6
      vertex 171.375 4.42513 4.6
      vertex 172.6 2.61436 4.6
    endloop
  endfacet
  facet normal 0 0 1
    outer loop
      vertex 172.6 2.61436 4.6
      vertex 171.375 4.42513 4.6
      vertex 172.412 2.52179 4.6
    endloop
  endfacet
  facet normal 0 0 1
    outer loop
      vertex 172.412 2.52179 4.6
      vertex 171.375 4.42513 4.6
      vertex 172.214 2.45451 4.6
    endloop
  endfacet
  facet normal 0 0 1
    outer loop
      vertex 172.214 2.45451 4.6
      vertex 171.375 4.42513 4.6
      vertex 172.009 2.41368 4.6
    endloop
  endfacet
  facet normal -0 0 1
    outer loop
      vertex 171.031 4.12326 4.6
      vertex 172.009 2.41368 4.6
      vertex 171.375 4.42513 4.6
    endloop
  endfacet
  facet normal 0 0 1
    outer loop
      vertex 172.009 2.41368 4.6
      vertex 171.031 4.12326 4.6
      vertex 171.8 2.39999 4.6
    endloop
  endfacet
  facet normal -0 0 1
    outer loop
      vertex 170.65 3.86891 4.6
      vertex 171.8 2.39999 4.6
      vertex 171.031 4.12326 4.6
    endloop
  endfacet
  facet normal -0 0 1
    outer loop
      vertex 170.239 3.66642 4.6
      vertex 171.8 2.39999 4.6
      vertex 170.65 3.86891 4.6
    endloop
  endfacet
  facet normal -0 0 1
    outer loop
      vertex 169.806 3.51926 4.6
      vertex 171.8 2.39999 4.6
      vertex 170.239 3.66642 4.6
    endloop
  endfacet
  facet normal -0 0 1
    outer loop
      vertex 169.357 3.42994 4.6
      vertex 171.8 2.39999 4.6
      vertex 169.806 3.51926 4.6
    endloop
  endfacet
  facet normal -0 0 1
    outer loop
      vertex 168.9 3.4 4.6
      vertex 171.8 2.39999 4.6
      vertex 169.357 3.42994 4.6
    endloop
  endfacet
  facet normal 0 0 1
    outer loop
      vertex 168.443 3.42994 4.6
      vertex 171.8 2.39999 4.6
      vertex 168.9 3.4 4.6
    endloop
  endfacet
  facet normal 0 0 1
    outer loop
      vertex 167.994 3.51926 4.6
      vertex 171.8 2.39999 4.6
      vertex 168.443 3.42994 4.6
    endloop
  endfacet
  facet normal 0 0 1
    outer loop
      vertex 165.43 7.35684 4.6
      vertex 98.9 2.39999 4.6
      vertex 165.4 6.9 4.6
    endloop
  endfacet
  facet normal 0 0 1
    outer loop
      vertex 165.4 6.9 4.6
      vertex 98.9 2.39999 4.6
      vertex 165.43 6.44316 4.6
    endloop
  endfacet
  facet normal 0 0 1
    outer loop
      vertex 165.43 6.44316 4.6
      vertex 98.9 2.39999 4.6
      vertex 165.519 5.99413 4.6
    endloop
  endfacet
  facet normal 0 0 1
    outer loop
      vertex 165.519 5.99413 4.6
      vertex 98.9 2.39999 4.6
      vertex 165.666 5.56061 4.6
    endloop
  endfacet
  facet normal 0 0 1
    outer loop
      vertex 165.666 5.56061 4.6
      vertex 98.9 2.39999 4.6
      vertex 165.869 5.15 4.6
    endloop
  endfacet
  facet normal 0 0 1
    outer loop
      vertex 165.869 5.15 4.6
      vertex 98.9 2.39999 4.6
      vertex 166.123 4.76934 4.6
    endloop
  endfacet
  facet normal 0 0 1
    outer loop
      vertex 166.123 4.76934 4.6
      vertex 98.9 2.39999 4.6
      vertex 166.425 4.42513 4.6
    endloop
  endfacet
  facet normal 0 0 1
    outer loop
      vertex 167.994 3.51926 4.6
      vertex 98.9 2.39999 4.6
      vertex 171.8 2.39999 4.6
    endloop
  endfacet
  facet normal 0 0 1
    outer loop
      vertex 167.561 3.66642 4.6
      vertex 98.9 2.39999 4.6
      vertex 167.994 3.51926 4.6
    endloop
  endfacet
  facet normal 0 0 1
    outer loop
      vertex 167.15 3.86891 4.6
      vertex 98.9 2.39999 4.6
      vertex 167.561 3.66642 4.6
    endloop
  endfacet
  facet normal 0 0 1
    outer loop
      vertex 166.769 4.12326 4.6
      vertex 98.9 2.39999 4.6
      vertex 167.15 3.86891 4.6
    endloop
  endfacet
  facet normal 0 0 1
    outer loop
      vertex 166.425 4.42513 4.6
      vertex 98.9 2.39999 4.6
      vertex 166.769 4.12326 4.6
    endloop
  endfacet
  facet normal 0 0 1
    outer loop
      vertex 76.9 57.36 4.6
      vertex 56.15 23.9 4.6
      vertex 76.9 2.39999 4.6
    endloop
  endfacet
  facet normal 0 0 1
    outer loop
      vertex 54.65 22.3 4.6
      vertex 56.15 23.9 4.6
      vertex 54.65 23.9 4.6
    endloop
  endfacet
  facet normal 0 0 1
    outer loop
      vertex 56.15 23.9 4.6
      vertex 54.65 22.3 4.6
      vertex 76.9 2.39999 4.6
    endloop
  endfacet
  facet normal 0 0 1
    outer loop
      vertex 10.3701 6.44316 4.6
      vertex 54.65 22.3 4.6
      vertex 10.4 6.9 4.6
    endloop
  endfacet
  facet normal 0 0 1
    outer loop
      vertex 10.2807 5.99413 4.6
      vertex 54.65 22.3 4.6
      vertex 10.3701 6.44316 4.6
    endloop
  endfacet
  facet normal 0 0 1
    outer loop
      vertex 10.1336 5.56061 4.6
      vertex 54.65 22.3 4.6
      vertex 10.2807 5.99413 4.6
    endloop
  endfacet
  facet normal 0 0 1
    outer loop
      vertex 9.93109 5.15 4.6
      vertex 54.65 22.3 4.6
      vertex 10.1336 5.56061 4.6
    endloop
  endfacet
  facet normal 0 0 1
    outer loop
      vertex 54.65 22.3 4.6
      vertex 9.93109 5.15 4.6
      vertex 76.9 2.39999 4.6
    endloop
  endfacet
  facet normal -0 0 1
    outer loop
      vertex 9.67674 4.76934 4.6
      vertex 76.9 2.39999 4.6
      vertex 9.93109 5.15 4.6
    endloop
  endfacet
  facet normal -0 0 1
    outer loop
      vertex 9.37487 4.42513 4.6
      vertex 76.9 2.39999 4.6
      vertex 9.67674 4.76934 4.6
    endloop
  endfacet
  facet normal -0 0 1
    outer loop
      vertex 9.03066 4.12326 4.6
      vertex 76.9 2.39999 4.6
      vertex 9.37487 4.42513 4.6
    endloop
  endfacet
  facet normal -0 0 1
    outer loop
      vertex 8.65 3.86891 4.6
      vertex 76.9 2.39999 4.6
      vertex 9.03066 4.12326 4.6
    endloop
  endfacet
  facet normal -0 0 1
    outer loop
      vertex 8.23939 3.66642 4.6
      vertex 76.9 2.39999 4.6
      vertex 8.65 3.86891 4.6
    endloop
  endfacet
  facet normal -0 0 1
    outer loop
      vertex 7.80587 3.51926 4.6
      vertex 76.9 2.39999 4.6
      vertex 8.23939 3.66642 4.6
    endloop
  endfacet
  facet normal 0 0 1
    outer loop
      vertex 4 2.39999 4.6
      vertex 7.80587 3.51926 4.6
      vertex 7.35684 3.42994 4.6
    endloop
  endfacet
  facet normal 0 0 1
    outer loop
      vertex 4 2.39999 4.6
      vertex 7.35684 3.42994 4.6
      vertex 6.9 3.4 4.6
    endloop
  endfacet
  facet normal 0 0 1
    outer loop
      vertex 7.80587 3.51926 4.6
      vertex 4 2.39999 4.6
      vertex 76.9 2.39999 4.6
    endloop
  endfacet
  facet normal 0 0 1
    outer loop
      vertex 6.44316 3.42994 4.6
      vertex 4 2.39999 4.6
      vertex 6.9 3.4 4.6
    endloop
  endfacet
  facet normal 0 0 1
    outer loop
      vertex 5.99413 3.51926 4.6
      vertex 4 2.39999 4.6
      vertex 6.44316 3.42994 4.6
    endloop
  endfacet
  facet normal 0 0 1
    outer loop
      vertex 5.56061 3.66642 4.6
      vertex 4 2.39999 4.6
      vertex 5.99413 3.51926 4.6
    endloop
  endfacet
  facet normal 0 0 1
    outer loop
      vertex 5.15 3.86891 4.6
      vertex 4 2.39999 4.6
      vertex 5.56061 3.66642 4.6
    endloop
  endfacet
  facet normal 0 0 1
    outer loop
      vertex 4.76934 4.12326 4.6
      vertex 4 2.39999 4.6
      vertex 5.15 3.86891 4.6
    endloop
  endfacet
  facet normal 0 0 1
    outer loop
      vertex 3.79115 2.41368 4.6
      vertex 4.76934 4.12326 4.6
      vertex 4.42513 4.42513 4.6
    endloop
  endfacet
  facet normal 0 0 1
    outer loop
      vertex 2.45451 3.58589 4.6
      vertex 4.42513 4.42513 4.6
      vertex 4.12326 4.76934 4.6
    endloop
  endfacet
  facet normal 0 0 1
    outer loop
      vertex 2.39999 4 4.6
      vertex 4.12326 4.76934 4.6
      vertex 3.86891 5.15 4.6
    endloop
  endfacet
  facet normal 0 0 1
    outer loop
      vertex 4.76934 4.12326 4.6
      vertex 3.79115 2.41368 4.6
      vertex 4 2.39999 4.6
    endloop
  endfacet
  facet normal 0 0 1
    outer loop
      vertex 2.39999 4 4.6
      vertex 3.86891 5.15 4.6
      vertex 3.66642 5.56061 4.6
    endloop
  endfacet
  facet normal 0 0 1
    outer loop
      vertex 4.42513 4.42513 4.6
      vertex 3.58589 2.45451 4.6
      vertex 3.79115 2.41368 4.6
    endloop
  endfacet
  facet normal 0 0 1
    outer loop
      vertex 2.39999 4 4.6
      vertex 3.66642 5.56061 4.6
      vertex 3.51926 5.99413 4.6
    endloop
  endfacet
  facet normal 0 0 1
    outer loop
      vertex 2.39999 4 4.6
      vertex 3.51926 5.99413 4.6
      vertex 3.42994 6.44316 4.6
    endloop
  endfacet
  facet normal 0 0 1
    outer loop
      vertex 2.39999 4 4.6
      vertex 3.42994 6.44316 4.6
      vertex 3.4 6.9 4.6
    endloop
  endfacet
  facet normal 0 0 1
    outer loop
      vertex 4.12326 4.76934 4.6
      vertex 2.39999 4 4.6
      vertex 2.41368 3.79115 4.6
    endloop
  endfacet
  facet normal 0 0 1
    outer loop
      vertex 3.51926 7.80587 4.6
      vertex 2.39999 4 4.6
      vertex 3.42994 7.35684 4.6
    endloop
  endfacet
  facet normal -0 0 1
    outer loop
      vertex 2.73064 117.374 4.6
      vertex 4.42513 115.975 4.6
      vertex 2.86862 117.531 4.6
    endloop
  endfacet
  facet normal 0 0 1
    outer loop
      vertex 3.42994 7.35684 4.6
      vertex 2.39999 4 4.6
      vertex 3.4 6.9 4.6
    endloop
  endfacet
  facet normal -0 0 1
    outer loop
      vertex 2.61436 117.2 4.6
      vertex 4.42513 115.975 4.6
      vertex 2.73064 117.374 4.6
    endloop
  endfacet
  facet normal 0 0 1
    outer loop
      vertex 4.42513 4.42513 4.6
      vertex 3.38771 2.52179 4.6
      vertex 3.58589 2.45451 4.6
    endloop
  endfacet
  facet normal -0 0 1
    outer loop
      vertex 2.52179 117.012 4.6
      vertex 4.42513 115.975 4.6
      vertex 2.61436 117.2 4.6
    endloop
  endfacet
  facet normal 0 0 1
    outer loop
      vertex 4.42513 4.42513 4.6
      vertex 3.2 2.61436 4.6
      vertex 3.38771 2.52179 4.6
    endloop
  endfacet
  facet normal -0 0 1
    outer loop
      vertex 2.45451 116.814 4.6
      vertex 4.42513 115.975 4.6
      vertex 2.52179 117.012 4.6
    endloop
  endfacet
  facet normal 0 0 1
    outer loop
      vertex 4.42513 4.42513 4.6
      vertex 3.02599 2.73064 4.6
      vertex 3.2 2.61436 4.6
    endloop
  endfacet
  facet normal 0 0 1
    outer loop
      vertex 4.42513 115.975 4.6
      vertex 2.45451 116.814 4.6
      vertex 4.12326 115.631 4.6
    endloop
  endfacet
  facet normal 0 0 1
    outer loop
      vertex 4.42513 4.42513 4.6
      vertex 2.86862 2.86862 4.6
      vertex 3.02599 2.73064 4.6
    endloop
  endfacet
  facet normal -0 0 1
    outer loop
      vertex 2.41368 116.609 4.6
      vertex 4.12326 115.631 4.6
      vertex 2.45451 116.814 4.6
    endloop
  endfacet
  facet normal 0 0 1
    outer loop
      vertex 4.42513 4.42513 4.6
      vertex 2.73064 3.02599 4.6
      vertex 2.86862 2.86862 4.6
    endloop
  endfacet
  facet normal -0 0 1
    outer loop
      vertex 2.39999 116.4 4.6
      vertex 4.12326 115.631 4.6
      vertex 2.41368 116.609 4.6
    endloop
  endfacet
  facet normal 0 0 1
    outer loop
      vertex 4.42513 4.42513 4.6
      vertex 2.61436 3.2 4.6
      vertex 2.73064 3.02599 4.6
    endloop
  endfacet
  facet normal 0 0 1
    outer loop
      vertex 4.12326 115.631 4.6
      vertex 2.39999 116.4 4.6
      vertex 3.86891 115.25 4.6
    endloop
  endfacet
  facet normal 0 0 1
    outer loop
      vertex 4.42513 4.42513 4.6
      vertex 2.52179 3.38771 4.6
      vertex 2.61436 3.2 4.6
    endloop
  endfacet
  facet normal 0 0 1
    outer loop
      vertex 4.42513 4.42513 4.6
      vertex 2.45451 3.58589 4.6
      vertex 2.52179 3.38771 4.6
    endloop
  endfacet
  facet normal 0 0 1
    outer loop
      vertex 4.12326 4.76934 4.6
      vertex 2.41368 3.79115 4.6
      vertex 2.45451 3.58589 4.6
    endloop
  endfacet
  facet normal 0 0 1
    outer loop
      vertex 56.15 54.36 4.6
      vertex 54.65 55.96 4.6
      vertex 54.65 54.36 4.6
    endloop
  endfacet
  facet normal 0 0 1
    outer loop
      vertex 76.9 57.36 4.6
      vertex 10.3701 113.043 4.6
      vertex 54.65 55.96 4.6
    endloop
  endfacet
  facet normal -0 0 1
    outer loop
      vertex 10.2807 112.594 4.6
      vertex 54.65 55.96 4.6
      vertex 10.3701 113.043 4.6
    endloop
  endfacet
  facet normal -0 0 1
    outer loop
      vertex 10.1336 112.161 4.6
      vertex 54.65 55.96 4.6
      vertex 10.2807 112.594 4.6
    endloop
  endfacet
  facet normal -0 0 1
    outer loop
      vertex 9.93109 111.75 4.6
      vertex 54.65 55.96 4.6
      vertex 10.1336 112.161 4.6
    endloop
  endfacet
  facet normal -0 0 1
    outer loop
      vertex 9.67674 111.369 4.6
      vertex 54.65 55.96 4.6
      vertex 9.93109 111.75 4.6
    endloop
  endfacet
  facet normal -0 0 1
    outer loop
      vertex 9.37487 111.025 4.6
      vertex 54.65 55.96 4.6
      vertex 9.67674 111.369 4.6
    endloop
  endfacet
  facet normal -0 0 1
    outer loop
      vertex 9.03066 110.723 4.6
      vertex 54.65 55.96 4.6
      vertex 9.37487 111.025 4.6
    endloop
  endfacet
  facet normal 0 0 1
    outer loop
      vertex 5.3 55.96 4.6
      vertex 9.03066 110.723 4.6
      vertex 8.65 110.469 4.6
    endloop
  endfacet
  facet normal 0 0 1
    outer loop
      vertex 5.3 55.96 4.6
      vertex 8.65 110.469 4.6
      vertex 8.23939 110.266 4.6
    endloop
  endfacet
  facet normal 0 0 1
    outer loop
      vertex 5.3 55.96 4.6
      vertex 8.23939 110.266 4.6
      vertex 7.80587 110.119 4.6
    endloop
  endfacet
  facet normal 0 0 1
    outer loop
      vertex 5.3 55.96 4.6
      vertex 7.80587 110.119 4.6
      vertex 7.35684 110.03 4.6
    endloop
  endfacet
  facet normal 0 0 1
    outer loop
      vertex 5.3 55.96 4.6
      vertex 7.35684 110.03 4.6
      vertex 6.9 110 4.6
    endloop
  endfacet
  facet normal 0 0 1
    outer loop
      vertex 5.3 55.96 4.6
      vertex 6.9 110 4.6
      vertex 6.44316 110.03 4.6
    endloop
  endfacet
  facet normal 0 0 1
    outer loop
      vertex 5.3 55.96 4.6
      vertex 6.44316 110.03 4.6
      vertex 5.99413 110.119 4.6
    endloop
  endfacet
  facet normal 0 0 1
    outer loop
      vertex 5.3 55.96 4.6
      vertex 5.99413 110.119 4.6
      vertex 5.56061 110.266 4.6
    endloop
  endfacet
  facet normal 0 0 1
    outer loop
      vertex 9.03066 110.723 4.6
      vertex 5.3 55.96 4.6
      vertex 54.65 55.96 4.6
    endloop
  endfacet
  facet normal 0 0 1
    outer loop
      vertex 4.76934 110.723 4.6
      vertex 5.3 55.96 4.6
      vertex 5.15 110.469 4.6
    endloop
  endfacet
  facet normal 0 0 1
    outer loop
      vertex 5.15 110.469 4.6
      vertex 5.3 55.96 4.6
      vertex 5.56061 110.266 4.6
    endloop
  endfacet
  facet normal 0 0 1
    outer loop
      vertex 7.74273 7.01095 4.6
      vertex 7.74273 6.78905 4.6
      vertex 7.75 6.9 4.6
    endloop
  endfacet
  facet normal 0 0 1
    outer loop
      vertex 7.72104 7.12 4.6
      vertex 7.74273 6.78905 4.6
      vertex 7.74273 7.01095 4.6
    endloop
  endfacet
  facet normal 0 0 1
    outer loop
      vertex 7.72104 7.12 4.6
      vertex 7.72104 6.68 4.6
      vertex 7.74273 6.78905 4.6
    endloop
  endfacet
  facet normal 0 0 1
    outer loop
      vertex 7.6853 7.22528 4.6
      vertex 7.72104 6.68 4.6
      vertex 7.72104 7.12 4.6
    endloop
  endfacet
  facet normal 0 0 1
    outer loop
      vertex 7.6853 7.22528 4.6
      vertex 7.6853 6.57472 4.6
      vertex 7.72104 6.68 4.6
    endloop
  endfacet
  facet normal 0 0 1
    outer loop
      vertex 7.63612 7.325 4.6
      vertex 7.6853 6.57472 4.6
      vertex 7.6853 7.22528 4.6
    endloop
  endfacet
  facet normal 0 0 1
    outer loop
      vertex 7.63612 7.325 4.6
      vertex 7.63612 6.475 4.6
      vertex 7.6853 6.57472 4.6
    endloop
  endfacet
  facet normal 0 0 1
    outer loop
      vertex 7.57435 7.41745 4.6
      vertex 7.63612 6.475 4.6
      vertex 7.63612 7.325 4.6
    endloop
  endfacet
  facet normal 0 0 1
    outer loop
      vertex 7.57435 7.41745 4.6
      vertex 7.57435 6.38255 4.6
      vertex 7.63612 6.475 4.6
    endloop
  endfacet
  facet normal 0 0 1
    outer loop
      vertex 7.50104 7.50104 4.6
      vertex 7.57435 6.38255 4.6
      vertex 7.57435 7.41745 4.6
    endloop
  endfacet
  facet normal 0 0 1
    outer loop
      vertex 7.50104 7.50104 4.6
      vertex 7.50104 6.29896 4.6
      vertex 7.57435 6.38255 4.6
    endloop
  endfacet
  facet normal 0 0 1
    outer loop
      vertex 7.41745 7.57435 4.6
      vertex 7.50104 6.29896 4.6
      vertex 7.50104 7.50104 4.6
    endloop
  endfacet
  facet normal 0 0 1
    outer loop
      vertex 7.41745 7.57435 4.6
      vertex 7.41745 6.22565 4.6
      vertex 7.50104 6.29896 4.6
    endloop
  endfacet
  facet normal 0 0 1
    outer loop
      vertex 7.325 7.63612 4.6
      vertex 7.41745 6.22565 4.6
      vertex 7.41745 7.57435 4.6
    endloop
  endfacet
  facet normal 0 0 1
    outer loop
      vertex 7.325 7.63612 4.6
      vertex 7.325 6.16388 4.6
      vertex 7.41745 6.22565 4.6
    endloop
  endfacet
  facet normal 0 0 1
    outer loop
      vertex 7.22528 7.6853 4.6
      vertex 7.325 6.16388 4.6
      vertex 7.325 7.63612 4.6
    endloop
  endfacet
  facet normal 0 0 1
    outer loop
      vertex 7.22528 7.6853 4.6
      vertex 7.22528 6.1147 4.6
      vertex 7.325 6.16388 4.6
    endloop
  endfacet
  facet normal 0 0 1
    outer loop
      vertex 7.12 7.72104 4.6
      vertex 7.22528 6.1147 4.6
      vertex 7.22528 7.6853 4.6
    endloop
  endfacet
  facet normal 0 0 1
    outer loop
      vertex 7.12 7.72104 4.6
      vertex 7.12 6.07896 4.6
      vertex 7.22528 6.1147 4.6
    endloop
  endfacet
  facet normal 0 0 1
    outer loop
      vertex 7.01095 7.74273 4.6
      vertex 7.12 6.07896 4.6
      vertex 7.12 7.72104 4.6
    endloop
  endfacet
  facet normal 0 0 1
    outer loop
      vertex 7.01095 7.74273 4.6
      vertex 7.01095 6.05727 4.6
      vertex 7.12 6.07896 4.6
    endloop
  endfacet
  facet normal 0 0 1
    outer loop
      vertex 6.9 7.75 4.6
      vertex 7.01095 6.05727 4.6
      vertex 7.01095 7.74273 4.6
    endloop
  endfacet
  facet normal 0 0 1
    outer loop
      vertex 6.9 7.75 4.6
      vertex 6.9 6.05 4.6
      vertex 7.01095 6.05727 4.6
    endloop
  endfacet
  facet normal -0 0 1
    outer loop
      vertex 6.78905 7.74273 4.6
      vertex 6.9 6.05 4.6
      vertex 6.9 7.75 4.6
    endloop
  endfacet
  facet normal 0 0 1
    outer loop
      vertex 6.78905 7.74273 4.6
      vertex 6.78905 6.05727 4.6
      vertex 6.9 6.05 4.6
    endloop
  endfacet
  facet normal -0 0 1
    outer loop
      vertex 6.68 7.72104 4.6
      vertex 6.78905 6.05727 4.6
      vertex 6.78905 7.74273 4.6
    endloop
  endfacet
  facet normal 0 0 1
    outer loop
      vertex 6.68 7.72104 4.6
      vertex 6.68 6.07896 4.6
      vertex 6.78905 6.05727 4.6
    endloop
  endfacet
  facet normal -0 0 1
    outer loop
      vertex 6.57472 7.6853 4.6
      vertex 6.68 6.07896 4.6
      vertex 6.68 7.72104 4.6
    endloop
  endfacet
  facet normal 0 0 1
    outer loop
      vertex 6.57472 7.6853 4.6
      vertex 6.57472 6.1147 4.6
      vertex 6.68 6.07896 4.6
    endloop
  endfacet
  facet normal -0 0 1
    outer loop
      vertex 6.475 7.63612 4.6
      vertex 6.57472 6.1147 4.6
      vertex 6.57472 7.6853 4.6
    endloop
  endfacet
  facet normal 0 0 1
    outer loop
      vertex 6.475 7.63612 4.6
      vertex 6.475 6.16388 4.6
      vertex 6.57472 6.1147 4.6
    endloop
  endfacet
  facet normal -0 0 1
    outer loop
      vertex 6.38255 7.57435 4.6
      vertex 6.475 6.16388 4.6
      vertex 6.475 7.63612 4.6
    endloop
  endfacet
  facet normal 0 0 1
    outer loop
      vertex 6.38255 7.57435 4.6
      vertex 6.38255 6.22565 4.6
      vertex 6.475 6.16388 4.6
    endloop
  endfacet
  facet normal -0 0 1
    outer loop
      vertex 6.29896 7.50104 4.6
      vertex 6.38255 6.22565 4.6
      vertex 6.38255 7.57435 4.6
    endloop
  endfacet
  facet normal 0 0 1
    outer loop
      vertex 6.29896 7.50104 4.6
      vertex 6.29896 6.29896 4.6
      vertex 6.38255 6.22565 4.6
    endloop
  endfacet
  facet normal -0 0 1
    outer loop
      vertex 6.22565 7.41745 4.6
      vertex 6.29896 6.29896 4.6
      vertex 6.29896 7.50104 4.6
    endloop
  endfacet
  facet normal 0 0 1
    outer loop
      vertex 6.22565 7.41745 4.6
      vertex 6.22565 6.38255 4.6
      vertex 6.29896 6.29896 4.6
    endloop
  endfacet
  facet normal -0 0 1
    outer loop
      vertex 6.16388 7.325 4.6
      vertex 6.22565 6.38255 4.6
      vertex 6.22565 7.41745 4.6
    endloop
  endfacet
  facet normal 0 0 1
    outer loop
      vertex 6.16388 7.325 4.6
      vertex 6.16388 6.475 4.6
      vertex 6.22565 6.38255 4.6
    endloop
  endfacet
  facet normal -0 0 1
    outer loop
      vertex 6.1147 7.22528 4.6
      vertex 6.16388 6.475 4.6
      vertex 6.16388 7.325 4.6
    endloop
  endfacet
  facet normal 0 0 1
    outer loop
      vertex 6.1147 7.22528 4.6
      vertex 6.1147 6.57472 4.6
      vertex 6.16388 6.475 4.6
    endloop
  endfacet
  facet normal -0 0 1
    outer loop
      vertex 6.07896 7.12 4.6
      vertex 6.1147 6.57472 4.6
      vertex 6.1147 7.22528 4.6
    endloop
  endfacet
  facet normal 0 0 1
    outer loop
      vertex 6.07896 7.12 4.6
      vertex 6.07896 6.68 4.6
      vertex 6.1147 6.57472 4.6
    endloop
  endfacet
  facet normal -0 0 1
    outer loop
      vertex 6.05727 7.01095 4.6
      vertex 6.07896 6.68 4.6
      vertex 6.07896 7.12 4.6
    endloop
  endfacet
  facet normal 0 0 1
    outer loop
      vertex 6.05727 7.01095 4.6
      vertex 6.05727 6.78905 4.6
      vertex 6.07896 6.68 4.6
    endloop
  endfacet
  facet normal 0 -0 1
    outer loop
      vertex 6.05727 6.78905 4.6
      vertex 6.05727 7.01095 4.6
      vertex 6.05 6.9 4.6
    endloop
  endfacet
  facet normal 0 0 1
    outer loop
      vertex 7.74273 113.611 4.6
      vertex 7.74273 113.389 4.6
      vertex 7.75 113.5 4.6
    endloop
  endfacet
  facet normal 0 0 1
    outer loop
      vertex 7.72104 113.72 4.6
      vertex 7.74273 113.389 4.6
      vertex 7.74273 113.611 4.6
    endloop
  endfacet
  facet normal 0 0 1
    outer loop
      vertex 7.72104 113.72 4.6
      vertex 7.72104 113.28 4.6
      vertex 7.74273 113.389 4.6
    endloop
  endfacet
  facet normal 0 0 1
    outer loop
      vertex 7.6853 113.825 4.6
      vertex 7.72104 113.28 4.6
      vertex 7.72104 113.72 4.6
    endloop
  endfacet
  facet normal 0 0 1
    outer loop
      vertex 7.6853 113.825 4.6
      vertex 7.6853 113.175 4.6
      vertex 7.72104 113.28 4.6
    endloop
  endfacet
  facet normal 0 0 1
    outer loop
      vertex 7.63612 113.925 4.6
      vertex 7.6853 113.175 4.6
      vertex 7.6853 113.825 4.6
    endloop
  endfacet
  facet normal 0 0 1
    outer loop
      vertex 7.63612 113.925 4.6
      vertex 7.63612 113.075 4.6
      vertex 7.6853 113.175 4.6
    endloop
  endfacet
  facet normal 0 0 1
    outer loop
      vertex 7.57435 114.017 4.6
      vertex 7.63612 113.075 4.6
      vertex 7.63612 113.925 4.6
    endloop
  endfacet
  facet normal 0 0 1
    outer loop
      vertex 7.57435 114.017 4.6
      vertex 7.57435 112.983 4.6
      vertex 7.63612 113.075 4.6
    endloop
  endfacet
  facet normal 0 0 1
    outer loop
      vertex 7.50104 114.101 4.6
      vertex 7.57435 112.983 4.6
      vertex 7.57435 114.017 4.6
    endloop
  endfacet
  facet normal 0 0 1
    outer loop
      vertex 7.50104 114.101 4.6
      vertex 7.50104 112.899 4.6
      vertex 7.57435 112.983 4.6
    endloop
  endfacet
  facet normal 0 0 1
    outer loop
      vertex 7.41745 114.174 4.6
      vertex 7.50104 112.899 4.6
      vertex 7.50104 114.101 4.6
    endloop
  endfacet
  facet normal 0 0 1
    outer loop
      vertex 7.41745 114.174 4.6
      vertex 7.41745 112.826 4.6
      vertex 7.50104 112.899 4.6
    endloop
  endfacet
  facet normal 0 0 1
    outer loop
      vertex 7.325 114.236 4.6
      vertex 7.41745 112.826 4.6
      vertex 7.41745 114.174 4.6
    endloop
  endfacet
  facet normal 0 0 1
    outer loop
      vertex 7.325 114.236 4.6
      vertex 7.325 112.764 4.6
      vertex 7.41745 112.826 4.6
    endloop
  endfacet
  facet normal 0 0 1
    outer loop
      vertex 7.22528 114.285 4.6
      vertex 7.325 112.764 4.6
      vertex 7.325 114.236 4.6
    endloop
  endfacet
  facet normal 0 0 1
    outer loop
      vertex 7.22528 114.285 4.6
      vertex 7.22528 112.715 4.6
      vertex 7.325 112.764 4.6
    endloop
  endfacet
  facet normal 0 0 1
    outer loop
      vertex 7.12 114.321 4.6
      vertex 7.22528 112.715 4.6
      vertex 7.22528 114.285 4.6
    endloop
  endfacet
  facet normal 0 0 1
    outer loop
      vertex 7.12 114.321 4.6
      vertex 7.12 112.679 4.6
      vertex 7.22528 112.715 4.6
    endloop
  endfacet
  facet normal 0 0 1
    outer loop
      vertex 7.01095 114.343 4.6
      vertex 7.12 112.679 4.6
      vertex 7.12 114.321 4.6
    endloop
  endfacet
  facet normal 0 0 1
    outer loop
      vertex 7.01095 114.343 4.6
      vertex 7.01095 112.657 4.6
      vertex 7.12 112.679 4.6
    endloop
  endfacet
  facet normal 0 0 1
    outer loop
      vertex 6.9 114.35 4.6
      vertex 7.01095 112.657 4.6
      vertex 7.01095 114.343 4.6
    endloop
  endfacet
  facet normal 0 0 1
    outer loop
      vertex 6.9 114.35 4.6
      vertex 6.9 112.65 4.6
      vertex 7.01095 112.657 4.6
    endloop
  endfacet
  facet normal -0 0 1
    outer loop
      vertex 6.78905 114.343 4.6
      vertex 6.9 112.65 4.6
      vertex 6.9 114.35 4.6
    endloop
  endfacet
  facet normal 0 0 1
    outer loop
      vertex 6.78905 114.343 4.6
      vertex 6.78905 112.657 4.6
      vertex 6.9 112.65 4.6
    endloop
  endfacet
  facet normal -0 0 1
    outer loop
      vertex 6.68 114.321 4.6
      vertex 6.78905 112.657 4.6
      vertex 6.78905 114.343 4.6
    endloop
  endfacet
  facet normal 0 0 1
    outer loop
      vertex 6.68 114.321 4.6
      vertex 6.68 112.679 4.6
      vertex 6.78905 112.657 4.6
    endloop
  endfacet
  facet normal -0 0 1
    outer loop
      vertex 6.57472 114.285 4.6
      vertex 6.68 112.679 4.6
      vertex 6.68 114.321 4.6
    endloop
  endfacet
  facet normal 0 0 1
    outer loop
      vertex 6.57472 114.285 4.6
      vertex 6.57472 112.715 4.6
      vertex 6.68 112.679 4.6
    endloop
  endfacet
  facet normal -0 0 1
    outer loop
      vertex 6.475 114.236 4.6
      vertex 6.57472 112.715 4.6
      vertex 6.57472 114.285 4.6
    endloop
  endfacet
  facet normal 0 0 1
    outer loop
      vertex 6.475 114.236 4.6
      vertex 6.475 112.764 4.6
      vertex 6.57472 112.715 4.6
    endloop
  endfacet
  facet normal -0 0 1
    outer loop
      vertex 6.38255 114.174 4.6
      vertex 6.475 112.764 4.6
      vertex 6.475 114.236 4.6
    endloop
  endfacet
  facet normal 0 0 1
    outer loop
      vertex 6.38255 114.174 4.6
      vertex 6.38255 112.826 4.6
      vertex 6.475 112.764 4.6
    endloop
  endfacet
  facet normal -0 0 1
    outer loop
      vertex 6.29896 114.101 4.6
      vertex 6.38255 112.826 4.6
      vertex 6.38255 114.174 4.6
    endloop
  endfacet
  facet normal 0 0 1
    outer loop
      vertex 6.29896 114.101 4.6
      vertex 6.29896 112.899 4.6
      vertex 6.38255 112.826 4.6
    endloop
  endfacet
  facet normal -0 0 1
    outer loop
      vertex 6.22565 114.017 4.6
      vertex 6.29896 112.899 4.6
      vertex 6.29896 114.101 4.6
    endloop
  endfacet
  facet normal 0 0 1
    outer loop
      vertex 6.22565 114.017 4.6
      vertex 6.22565 112.983 4.6
      vertex 6.29896 112.899 4.6
    endloop
  endfacet
  facet normal -0 0 1
    outer loop
      vertex 6.16388 113.925 4.6
      vertex 6.22565 112.983 4.6
      vertex 6.22565 114.017 4.6
    endloop
  endfacet
  facet normal 0 0 1
    outer loop
      vertex 6.16388 113.925 4.6
      vertex 6.16388 113.075 4.6
      vertex 6.22565 112.983 4.6
    endloop
  endfacet
  facet normal -0 0 1
    outer loop
      vertex 6.1147 113.825 4.6
      vertex 6.16388 113.075 4.6
      vertex 6.16388 113.925 4.6
    endloop
  endfacet
  facet normal 0 0 1
    outer loop
      vertex 6.1147 113.825 4.6
      vertex 6.1147 113.175 4.6
      vertex 6.16388 113.075 4.6
    endloop
  endfacet
  facet normal -0 0 1
    outer loop
      vertex 6.07896 113.72 4.6
      vertex 6.1147 113.175 4.6
      vertex 6.1147 113.825 4.6
    endloop
  endfacet
  facet normal 0 0 1
    outer loop
      vertex 6.07896 113.72 4.6
      vertex 6.07896 113.28 4.6
      vertex 6.1147 113.175 4.6
    endloop
  endfacet
  facet normal -0 0 1
    outer loop
      vertex 6.05727 113.611 4.6
      vertex 6.07896 113.28 4.6
      vertex 6.07896 113.72 4.6
    endloop
  endfacet
  facet normal 0 0 1
    outer loop
      vertex 6.05727 113.611 4.6
      vertex 6.05727 113.389 4.6
      vertex 6.07896 113.28 4.6
    endloop
  endfacet
  facet normal 0 -0 1
    outer loop
      vertex 6.05727 113.389 4.6
      vertex 6.05727 113.611 4.6
      vertex 6.05 113.5 4.6
    endloop
  endfacet
  facet normal 0 0 1
    outer loop
      vertex 169.743 7.01095 4.6
      vertex 169.743 6.78905 4.6
      vertex 169.75 6.9 4.6
    endloop
  endfacet
  facet normal 0 0 1
    outer loop
      vertex 169.721 7.12 4.6
      vertex 169.743 6.78905 4.6
      vertex 169.743 7.01095 4.6
    endloop
  endfacet
  facet normal 0 0 1
    outer loop
      vertex 169.721 7.12 4.6
      vertex 169.721 6.68 4.6
      vertex 169.743 6.78905 4.6
    endloop
  endfacet
  facet normal 0 0 1
    outer loop
      vertex 169.685 7.22528 4.6
      vertex 169.721 6.68 4.6
      vertex 169.721 7.12 4.6
    endloop
  endfacet
  facet normal 0 0 1
    outer loop
      vertex 169.685 7.22528 4.6
      vertex 169.685 6.57472 4.6
      vertex 169.721 6.68 4.6
    endloop
  endfacet
  facet normal 0 0 1
    outer loop
      vertex 169.636 7.325 4.6
      vertex 169.685 6.57472 4.6
      vertex 169.685 7.22528 4.6
    endloop
  endfacet
  facet normal 0 0 1
    outer loop
      vertex 169.636 7.325 4.6
      vertex 169.636 6.475 4.6
      vertex 169.685 6.57472 4.6
    endloop
  endfacet
  facet normal 0 0 1
    outer loop
      vertex 169.574 7.41745 4.6
      vertex 169.636 6.475 4.6
      vertex 169.636 7.325 4.6
    endloop
  endfacet
  facet normal 0 0 1
    outer loop
      vertex 169.574 7.41745 4.6
      vertex 169.574 6.38255 4.6
      vertex 169.636 6.475 4.6
    endloop
  endfacet
  facet normal 0 0 1
    outer loop
      vertex 169.501 7.50104 4.6
      vertex 169.574 6.38255 4.6
      vertex 169.574 7.41745 4.6
    endloop
  endfacet
  facet normal 0 0 1
    outer loop
      vertex 169.501 7.50104 4.6
      vertex 169.501 6.29896 4.6
      vertex 169.574 6.38255 4.6
    endloop
  endfacet
  facet normal 0 0 1
    outer loop
      vertex 169.417 7.57435 4.6
      vertex 169.501 6.29896 4.6
      vertex 169.501 7.50104 4.6
    endloop
  endfacet
  facet normal 0 0 1
    outer loop
      vertex 169.417 7.57435 4.6
      vertex 169.417 6.22565 4.6
      vertex 169.501 6.29896 4.6
    endloop
  endfacet
  facet normal 0 0 1
    outer loop
      vertex 169.325 7.63612 4.6
      vertex 169.417 6.22565 4.6
      vertex 169.417 7.57435 4.6
    endloop
  endfacet
  facet normal 0 0 1
    outer loop
      vertex 169.325 7.63612 4.6
      vertex 169.325 6.16388 4.6
      vertex 169.417 6.22565 4.6
    endloop
  endfacet
  facet normal 0 0 1
    outer loop
      vertex 169.225 7.6853 4.6
      vertex 169.325 6.16388 4.6
      vertex 169.325 7.63612 4.6
    endloop
  endfacet
  facet normal 0 0 1
    outer loop
      vertex 169.225 7.6853 4.6
      vertex 169.225 6.1147 4.6
      vertex 169.325 6.16388 4.6
    endloop
  endfacet
  facet normal 0 0 1
    outer loop
      vertex 169.12 7.72104 4.6
      vertex 169.225 6.1147 4.6
      vertex 169.225 7.6853 4.6
    endloop
  endfacet
  facet normal 0 0 1
    outer loop
      vertex 169.12 7.72104 4.6
      vertex 169.12 6.07896 4.6
      vertex 169.225 6.1147 4.6
    endloop
  endfacet
  facet normal 0 0 1
    outer loop
      vertex 169.011 7.74273 4.6
      vertex 169.12 6.07896 4.6
      vertex 169.12 7.72104 4.6
    endloop
  endfacet
  facet normal 0 0 1
    outer loop
      vertex 169.011 7.74273 4.6
      vertex 169.011 6.05727 4.6
      vertex 169.12 6.07896 4.6
    endloop
  endfacet
  facet normal 0 0 1
    outer loop
      vertex 168.9 7.75 4.6
      vertex 169.011 6.05727 4.6
      vertex 169.011 7.74273 4.6
    endloop
  endfacet
  facet normal 0 0 1
    outer loop
      vertex 168.9 7.75 4.6
      vertex 168.9 6.05 4.6
      vertex 169.011 6.05727 4.6
    endloop
  endfacet
  facet normal -0 0 1
    outer loop
      vertex 168.789 7.74273 4.6
      vertex 168.9 6.05 4.6
      vertex 168.9 7.75 4.6
    endloop
  endfacet
  facet normal 0 0 1
    outer loop
      vertex 168.789 7.74273 4.6
      vertex 168.789 6.05727 4.6
      vertex 168.9 6.05 4.6
    endloop
  endfacet
  facet normal -0 0 1
    outer loop
      vertex 168.68 7.72104 4.6
      vertex 168.789 6.05727 4.6
      vertex 168.789 7.74273 4.6
    endloop
  endfacet
  facet normal 0 0 1
    outer loop
      vertex 168.68 7.72104 4.6
      vertex 168.68 6.07896 4.6
      vertex 168.789 6.05727 4.6
    endloop
  endfacet
  facet normal -0 0 1
    outer loop
      vertex 168.575 7.6853 4.6
      vertex 168.68 6.07896 4.6
      vertex 168.68 7.72104 4.6
    endloop
  endfacet
  facet normal 0 0 1
    outer loop
      vertex 168.575 7.6853 4.6
      vertex 168.575 6.1147 4.6
      vertex 168.68 6.07896 4.6
    endloop
  endfacet
  facet normal -0 0 1
    outer loop
      vertex 168.475 7.63612 4.6
      vertex 168.575 6.1147 4.6
      vertex 168.575 7.6853 4.6
    endloop
  endfacet
  facet normal 0 0 1
    outer loop
      vertex 168.475 7.63612 4.6
      vertex 168.475 6.16388 4.6
      vertex 168.575 6.1147 4.6
    endloop
  endfacet
  facet normal -0 0 1
    outer loop
      vertex 168.383 7.57435 4.6
      vertex 168.475 6.16388 4.6
      vertex 168.475 7.63612 4.6
    endloop
  endfacet
  facet normal 0 0 1
    outer loop
      vertex 168.383 7.57435 4.6
      vertex 168.383 6.22565 4.6
      vertex 168.475 6.16388 4.6
    endloop
  endfacet
  facet normal -0 0 1
    outer loop
      vertex 168.299 7.50104 4.6
      vertex 168.383 6.22565 4.6
      vertex 168.383 7.57435 4.6
    endloop
  endfacet
  facet normal 0 0 1
    outer loop
      vertex 168.299 7.50104 4.6
      vertex 168.299 6.29896 4.6
      vertex 168.383 6.22565 4.6
    endloop
  endfacet
  facet normal -0 0 1
    outer loop
      vertex 168.226 7.41745 4.6
      vertex 168.299 6.29896 4.6
      vertex 168.299 7.50104 4.6
    endloop
  endfacet
  facet normal 0 0 1
    outer loop
      vertex 168.226 7.41745 4.6
      vertex 168.226 6.38255 4.6
      vertex 168.299 6.29896 4.6
    endloop
  endfacet
  facet normal -0 0 1
    outer loop
      vertex 168.164 7.325 4.6
      vertex 168.226 6.38255 4.6
      vertex 168.226 7.41745 4.6
    endloop
  endfacet
  facet normal 0 0 1
    outer loop
      vertex 168.164 7.325 4.6
      vertex 168.164 6.475 4.6
      vertex 168.226 6.38255 4.6
    endloop
  endfacet
  facet normal -0 0 1
    outer loop
      vertex 168.115 7.22528 4.6
      vertex 168.164 6.475 4.6
      vertex 168.164 7.325 4.6
    endloop
  endfacet
  facet normal 0 0 1
    outer loop
      vertex 168.115 7.22528 4.6
      vertex 168.115 6.57472 4.6
      vertex 168.164 6.475 4.6
    endloop
  endfacet
  facet normal -0 0 1
    outer loop
      vertex 168.079 7.12 4.6
      vertex 168.115 6.57472 4.6
      vertex 168.115 7.22528 4.6
    endloop
  endfacet
  facet normal 0 0 1
    outer loop
      vertex 168.079 7.12 4.6
      vertex 168.079 6.68 4.6
      vertex 168.115 6.57472 4.6
    endloop
  endfacet
  facet normal -0 0 1
    outer loop
      vertex 168.057 7.01095 4.6
      vertex 168.079 6.68 4.6
      vertex 168.079 7.12 4.6
    endloop
  endfacet
  facet normal 0 0 1
    outer loop
      vertex 168.057 7.01095 4.6
      vertex 168.057 6.78905 4.6
      vertex 168.079 6.68 4.6
    endloop
  endfacet
  facet normal 0 -0 1
    outer loop
      vertex 168.057 6.78905 4.6
      vertex 168.057 7.01095 4.6
      vertex 168.05 6.9 4.6
    endloop
  endfacet
  facet normal 0 0 1
    outer loop
      vertex 169.743 113.611 4.6
      vertex 169.743 113.389 4.6
      vertex 169.75 113.5 4.6
    endloop
  endfacet
  facet normal 0 0 1
    outer loop
      vertex 169.721 113.72 4.6
      vertex 169.743 113.389 4.6
      vertex 169.743 113.611 4.6
    endloop
  endfacet
  facet normal 0 0 1
    outer loop
      vertex 169.721 113.72 4.6
      vertex 169.721 113.28 4.6
      vertex 169.743 113.389 4.6
    endloop
  endfacet
  facet normal 0 0 1
    outer loop
      vertex 169.685 113.825 4.6
      vertex 169.721 113.28 4.6
      vertex 169.721 113.72 4.6
    endloop
  endfacet
  facet normal 0 0 1
    outer loop
      vertex 169.685 113.825 4.6
      vertex 169.685 113.175 4.6
      vertex 169.721 113.28 4.6
    endloop
  endfacet
  facet normal 0 0 1
    outer loop
      vertex 169.636 113.925 4.6
      vertex 169.685 113.175 4.6
      vertex 169.685 113.825 4.6
    endloop
  endfacet
  facet normal 0 0 1
    outer loop
      vertex 169.636 113.925 4.6
      vertex 169.636 113.075 4.6
      vertex 169.685 113.175 4.6
    endloop
  endfacet
  facet normal 0 0 1
    outer loop
      vertex 169.574 114.017 4.6
      vertex 169.636 113.075 4.6
      vertex 169.636 113.925 4.6
    endloop
  endfacet
  facet normal 0 0 1
    outer loop
      vertex 169.574 114.017 4.6
      vertex 169.574 112.983 4.6
      vertex 169.636 113.075 4.6
    endloop
  endfacet
  facet normal 0 0 1
    outer loop
      vertex 169.501 114.101 4.6
      vertex 169.574 112.983 4.6
      vertex 169.574 114.017 4.6
    endloop
  endfacet
  facet normal 0 0 1
    outer loop
      vertex 169.501 114.101 4.6
      vertex 169.501 112.899 4.6
      vertex 169.574 112.983 4.6
    endloop
  endfacet
  facet normal 0 0 1
    outer loop
      vertex 169.417 114.174 4.6
      vertex 169.501 112.899 4.6
      vertex 169.501 114.101 4.6
    endloop
  endfacet
  facet normal 0 0 1
    outer loop
      vertex 169.417 114.174 4.6
      vertex 169.417 112.826 4.6
      vertex 169.501 112.899 4.6
    endloop
  endfacet
  facet normal 0 0 1
    outer loop
      vertex 169.325 114.236 4.6
      vertex 169.417 112.826 4.6
      vertex 169.417 114.174 4.6
    endloop
  endfacet
  facet normal 0 0 1
    outer loop
      vertex 169.325 114.236 4.6
      vertex 169.325 112.764 4.6
      vertex 169.417 112.826 4.6
    endloop
  endfacet
  facet normal 0 0 1
    outer loop
      vertex 169.225 114.285 4.6
      vertex 169.325 112.764 4.6
      vertex 169.325 114.236 4.6
    endloop
  endfacet
  facet normal 0 0 1
    outer loop
      vertex 169.225 114.285 4.6
      vertex 169.225 112.715 4.6
      vertex 169.325 112.764 4.6
    endloop
  endfacet
  facet normal 0 0 1
    outer loop
      vertex 169.12 114.321 4.6
      vertex 169.225 112.715 4.6
      vertex 169.225 114.285 4.6
    endloop
  endfacet
  facet normal 0 0 1
    outer loop
      vertex 169.12 114.321 4.6
      vertex 169.12 112.679 4.6
      vertex 169.225 112.715 4.6
    endloop
  endfacet
  facet normal 0 0 1
    outer loop
      vertex 169.011 114.343 4.6
      vertex 169.12 112.679 4.6
      vertex 169.12 114.321 4.6
    endloop
  endfacet
  facet normal 0 0 1
    outer loop
      vertex 169.011 114.343 4.6
      vertex 169.011 112.657 4.6
      vertex 169.12 112.679 4.6
    endloop
  endfacet
  facet normal 0 0 1
    outer loop
      vertex 168.9 114.35 4.6
      vertex 169.011 112.657 4.6
      vertex 169.011 114.343 4.6
    endloop
  endfacet
  facet normal 0 0 1
    outer loop
      vertex 168.9 114.35 4.6
      vertex 168.9 112.65 4.6
      vertex 169.011 112.657 4.6
    endloop
  endfacet
  facet normal -0 0 1
    outer loop
      vertex 168.789 114.343 4.6
      vertex 168.9 112.65 4.6
      vertex 168.9 114.35 4.6
    endloop
  endfacet
  facet normal 0 0 1
    outer loop
      vertex 168.789 114.343 4.6
      vertex 168.789 112.657 4.6
      vertex 168.9 112.65 4.6
    endloop
  endfacet
  facet normal -0 0 1
    outer loop
      vertex 168.68 114.321 4.6
      vertex 168.789 112.657 4.6
      vertex 168.789 114.343 4.6
    endloop
  endfacet
  facet normal 0 0 1
    outer loop
      vertex 168.68 114.321 4.6
      vertex 168.68 112.679 4.6
      vertex 168.789 112.657 4.6
    endloop
  endfacet
  facet normal -0 0 1
    outer loop
      vertex 168.575 114.285 4.6
      vertex 168.68 112.679 4.6
      vertex 168.68 114.321 4.6
    endloop
  endfacet
  facet normal 0 0 1
    outer loop
      vertex 168.575 114.285 4.6
      vertex 168.575 112.715 4.6
      vertex 168.68 112.679 4.6
    endloop
  endfacet
  facet normal -0 0 1
    outer loop
      vertex 168.475 114.236 4.6
      vertex 168.575 112.715 4.6
      vertex 168.575 114.285 4.6
    endloop
  endfacet
  facet normal 0 0 1
    outer loop
      vertex 168.475 114.236 4.6
      vertex 168.475 112.764 4.6
      vertex 168.575 112.715 4.6
    endloop
  endfacet
  facet normal -0 0 1
    outer loop
      vertex 168.383 114.174 4.6
      vertex 168.475 112.764 4.6
      vertex 168.475 114.236 4.6
    endloop
  endfacet
  facet normal 0 0 1
    outer loop
      vertex 168.383 114.174 4.6
      vertex 168.383 112.826 4.6
      vertex 168.475 112.764 4.6
    endloop
  endfacet
  facet normal -0 0 1
    outer loop
      vertex 168.299 114.101 4.6
      vertex 168.383 112.826 4.6
      vertex 168.383 114.174 4.6
    endloop
  endfacet
  facet normal 0 0 1
    outer loop
      vertex 168.299 114.101 4.6
      vertex 168.299 112.899 4.6
      vertex 168.383 112.826 4.6
    endloop
  endfacet
  facet normal -0 0 1
    outer loop
      vertex 168.226 114.017 4.6
      vertex 168.299 112.899 4.6
      vertex 168.299 114.101 4.6
    endloop
  endfacet
  facet normal 0 0 1
    outer loop
      vertex 168.226 114.017 4.6
      vertex 168.226 112.983 4.6
      vertex 168.299 112.899 4.6
    endloop
  endfacet
  facet normal -0 0 1
    outer loop
      vertex 168.164 113.925 4.6
      vertex 168.226 112.983 4.6
      vertex 168.226 114.017 4.6
    endloop
  endfacet
  facet normal 0 0 1
    outer loop
      vertex 168.164 113.925 4.6
      vertex 168.164 113.075 4.6
      vertex 168.226 112.983 4.6
    endloop
  endfacet
  facet normal -0 0 1
    outer loop
      vertex 168.115 113.825 4.6
      vertex 168.164 113.075 4.6
      vertex 168.164 113.925 4.6
    endloop
  endfacet
  facet normal 0 0 1
    outer loop
      vertex 168.115 113.825 4.6
      vertex 168.115 113.175 4.6
      vertex 168.164 113.075 4.6
    endloop
  endfacet
  facet normal -0 0 1
    outer loop
      vertex 168.079 113.72 4.6
      vertex 168.115 113.175 4.6
      vertex 168.115 113.825 4.6
    endloop
  endfacet
  facet normal 0 0 1
    outer loop
      vertex 168.079 113.72 4.6
      vertex 168.079 113.28 4.6
      vertex 168.115 113.175 4.6
    endloop
  endfacet
  facet normal -0 0 1
    outer loop
      vertex 168.057 113.611 4.6
      vertex 168.079 113.28 4.6
      vertex 168.079 113.72 4.6
    endloop
  endfacet
  facet normal 0 0 1
    outer loop
      vertex 168.057 113.611 4.6
      vertex 168.057 113.389 4.6
      vertex 168.079 113.28 4.6
    endloop
  endfacet
  facet normal 0 -0 1
    outer loop
      vertex 168.057 113.389 4.6
      vertex 168.057 113.611 4.6
      vertex 168.05 113.5 4.6
    endloop
  endfacet
  facet normal 0 1 -0
    outer loop
      vertex 173.4 118.02 3.2
      vertex 2.4 118.02 3.22
      vertex 173.4 118.02 3.22
    endloop
  endfacet
  facet normal 0 1 0
    outer loop
      vertex 2.4 118.02 3.22
      vertex 173.4 118.02 3.2
      vertex 2.4 118.02 3.2
    endloop
  endfacet
  facet normal 0 -1 0
    outer loop
      vertex 2.4 2.38 3.2
      vertex 76.9 2.38 3.22
      vertex 2.4 2.38 3.22
    endloop
  endfacet
  facet normal 0 -1 -0
    outer loop
      vertex 76.9 2.38 3.22
      vertex 2.4 2.38 3.2
      vertex 76.9 2.38 3.2
    endloop
  endfacet
  facet normal 0 -1 0
    outer loop
      vertex 98.9 2.38 3.2
      vertex 173.4 2.38 3.22
      vertex 98.9 2.38 3.22
    endloop
  endfacet
  facet normal 0 -1 -0
    outer loop
      vertex 173.4 2.38 3.22
      vertex 98.9 2.38 3.2
      vertex 173.4 2.38 3.2
    endloop
  endfacet
  facet normal 0 -1 0
    outer loop
      vertex 76.9 57.36 3.2
      vertex 98.9 57.36 4.6
      vertex 76.9 57.36 4.6
    endloop
  endfacet
  facet normal 0 -1 -0
    outer loop
      vertex 98.9 57.36 4.6
      vertex 76.9 57.36 3.2
      vertex 98.9 57.36 3.2
    endloop
  endfacet
  facet normal -0 0 1
    outer loop
      vertex 9.88 55.96 8.8
      vertex 54.65 54.36 8.8
      vertex 54.65 55.96 8.8
    endloop
  endfacet
  facet normal 0 0 1
    outer loop
      vertex 54.65 54.36 8.8
      vertex 9.88 55.96 8.8
      vertex 9.88 54.36 8.8
    endloop
  endfacet
  facet normal -0 0 1
    outer loop
      vertex 9.88 23.9 8.8
      vertex 54.65 22.3 8.8
      vertex 54.65 23.9 8.8
    endloop
  endfacet
  facet normal 0 0 1
    outer loop
      vertex 54.65 22.3 8.8
      vertex 9.88 23.9 8.8
      vertex 9.88 22.3 8.8
    endloop
  endfacet
  facet normal -1 0 0
    outer loop
      vertex 5.3 22.3 4.6
      vertex 5.3 55.96 6.6
      vertex 5.3 55.96 4.6
    endloop
  endfacet
  facet normal -1 -0 0
    outer loop
      vertex 5.3 55.96 6.6
      vertex 5.3 22.3 4.6
      vertex 5.3 22.3 6.6
    endloop
  endfacet
  facet normal 0 1 0
    outer loop
      vertex 54.65 55.96 8.8
      vertex 9.88 55.96 6.6
      vertex 9.88 55.96 8.8
    endloop
  endfacet
  facet normal 0 1 -0
    outer loop
      vertex 54.65 55.96 4.6
      vertex 9.88 55.96 6.6
      vertex 54.65 55.96 8.8
    endloop
  endfacet
  facet normal 0 1 0
    outer loop
      vertex 5.3 55.96 4.6
      vertex 9.88 55.96 6.6
      vertex 54.65 55.96 4.6
    endloop
  endfacet
  facet normal 0 1 0
    outer loop
      vertex 9.88 55.96 6.6
      vertex 5.3 55.96 4.6
      vertex 5.3 55.96 6.6
    endloop
  endfacet
  facet normal 0 -1 0
    outer loop
      vertex 5.3 22.3 6.6
      vertex 5.3 22.3 4.6
      vertex 9.88 22.3 6.6
    endloop
  endfacet
  facet normal 0 -1 0
    outer loop
      vertex 9.88 22.3 6.6
      vertex 54.65 22.3 8.8
      vertex 9.88 22.3 8.8
    endloop
  endfacet
  facet normal 0 -1 0
    outer loop
      vertex 54.65 22.3 4.6
      vertex 9.88 22.3 6.6
      vertex 5.3 22.3 4.6
    endloop
  endfacet
  facet normal 0 -1 0
    outer loop
      vertex 9.88 22.3 6.6
      vertex 54.65 22.3 4.6
      vertex 54.65 22.3 8.8
    endloop
  endfacet
  facet normal 0 1 -0
    outer loop
      vertex 56.15 54.36 4.6
      vertex 54.65 54.36 6.6
      vertex 56.15 54.36 6.6
    endloop
  endfacet
  facet normal 0 1 0
    outer loop
      vertex 54.65 54.36 6.6
      vertex 56.15 54.36 4.6
      vertex 54.65 54.36 4.6
    endloop
  endfacet
  facet normal 0 -1 0
    outer loop
      vertex 9.88 54.36 6.6
      vertex 54.65 54.36 8.8
      vertex 9.88 54.36 8.8
    endloop
  endfacet
  facet normal 0 -1 -0
    outer loop
      vertex 54.65 54.36 8.8
      vertex 9.88 54.36 6.6
      vertex 54.65 54.36 6.6
    endloop
  endfacet
  facet normal 0 -1 0
    outer loop
      vertex 54.65 23.9 4.6
      vertex 56.15 23.9 6.6
      vertex 54.65 23.9 6.6
    endloop
  endfacet
  facet normal 0 -1 -0
    outer loop
      vertex 56.15 23.9 6.6
      vertex 54.65 23.9 4.6
      vertex 56.15 23.9 4.6
    endloop
  endfacet
  facet normal 0 1 -0
    outer loop
      vertex 54.65 23.9 6.6
      vertex 9.88 23.9 8.8
      vertex 54.65 23.9 8.8
    endloop
  endfacet
  facet normal 0 1 0
    outer loop
      vertex 9.88 23.9 8.8
      vertex 54.65 23.9 6.6
      vertex 9.88 23.9 6.6
    endloop
  endfacet
  facet normal 1 0 0
    outer loop
      vertex 54.65 54.36 6.6
      vertex 54.65 55.96 8.8
      vertex 54.65 54.36 8.8
    endloop
  endfacet
  facet normal 1 0 0
    outer loop
      vertex 54.65 55.96 8.8
      vertex 54.65 54.36 6.6
      vertex 54.65 55.96 4.6
    endloop
  endfacet
  facet normal 1 0 0
    outer loop
      vertex 54.65 55.96 4.6
      vertex 54.65 54.36 6.6
      vertex 54.65 54.36 4.6
    endloop
  endfacet
  facet normal 1 -0 0
    outer loop
      vertex 54.65 22.3 8.8
      vertex 54.65 23.9 6.6
      vertex 54.65 23.9 8.8
    endloop
  endfacet
  facet normal 1 0 0
    outer loop
      vertex 54.65 22.3 4.6
      vertex 54.65 23.9 6.6
      vertex 54.65 22.3 8.8
    endloop
  endfacet
  facet normal 1 0 0
    outer loop
      vertex 54.65 23.9 6.6
      vertex 54.65 22.3 4.6
      vertex 54.65 23.9 4.6
    endloop
  endfacet
  facet normal -1 0 0
    outer loop
      vertex 9.88 22.3 6.6
      vertex 9.88 23.9 8.8
      vertex 9.88 23.9 6.6
    endloop
  endfacet
  facet normal -1 -0 0
    outer loop
      vertex 9.88 23.9 8.8
      vertex 9.88 22.3 6.6
      vertex 9.88 22.3 8.8
    endloop
  endfacet
  facet normal -1 0 0
    outer loop
      vertex 9.88 54.36 6.6
      vertex 9.88 55.96 8.8
      vertex 9.88 55.96 6.6
    endloop
  endfacet
  facet normal -1 -0 0
    outer loop
      vertex 9.88 55.96 8.8
      vertex 9.88 54.36 6.6
      vertex 9.88 54.36 8.8
    endloop
  endfacet
  facet normal 0 0 1
    outer loop
      vertex 9.88 55.96 6.6
      vertex 6.9 54.36 6.6
      vertex 9.88 54.36 6.6
    endloop
  endfacet
  facet normal 0 0 1
    outer loop
      vertex 6.9 54.36 6.6
      vertex 5.3 55.96 6.6
      vertex 6.9 23.9 6.6
    endloop
  endfacet
  facet normal -0 0 1
    outer loop
      vertex 5.3 55.96 6.6
      vertex 6.9 54.36 6.6
      vertex 9.88 55.96 6.6
    endloop
  endfacet
  facet normal -0 0 1
    outer loop
      vertex 6.9 23.9 6.6
      vertex 9.88 22.3 6.6
      vertex 9.88 23.9 6.6
    endloop
  endfacet
  facet normal 0 0 1
    outer loop
      vertex 6.9 23.9 6.6
      vertex 5.3 22.3 6.6
      vertex 9.88 22.3 6.6
    endloop
  endfacet
  facet normal 0 0 1
    outer loop
      vertex 5.3 22.3 6.6
      vertex 6.9 23.9 6.6
      vertex 5.3 55.96 6.6
    endloop
  endfacet
  facet normal 1 -0 0
    outer loop
      vertex 56.15 23.9 6.6
      vertex 56.15 54.36 4.6
      vertex 56.15 54.36 6.6
    endloop
  endfacet
  facet normal 1 0 0
    outer loop
      vertex 56.15 54.36 4.6
      vertex 56.15 23.9 6.6
      vertex 56.15 23.9 4.6
    endloop
  endfacet
  facet normal -0 0 1
    outer loop
      vertex 54.65 54.36 6.6
      vertex 56.15 23.9 6.6
      vertex 56.15 54.36 6.6
    endloop
  endfacet
  facet normal 0 0 1
    outer loop
      vertex 54.65 54.36 6.6
      vertex 54.65 23.9 6.6
      vertex 56.15 23.9 6.6
    endloop
  endfacet
  facet normal -0 0 1
    outer loop
      vertex 9.88 54.36 6.6
      vertex 54.65 23.9 6.6
      vertex 54.65 54.36 6.6
    endloop
  endfacet
  facet normal 0 0 1
    outer loop
      vertex 9.88 54.36 6.6
      vertex 9.88 23.9 6.6
      vertex 54.65 23.9 6.6
    endloop
  endfacet
  facet normal -0 0 1
    outer loop
      vertex 6.9 54.36 6.6
      vertex 9.88 23.9 6.6
      vertex 9.88 54.36 6.6
    endloop
  endfacet
  facet normal 0 0 1
    outer loop
      vertex 9.88 23.9 6.6
      vertex 6.9 54.36 6.6
      vertex 6.9 23.9 6.6
    endloop
  endfacet
  facet normal 0.980751 0.195263 0
    outer loop
      vertex 10.3701 7.35684 3.2
      vertex 10.2807 7.80587 3.18
      vertex 10.2807 7.80587 3.2
    endloop
  endfacet
  facet normal 0.980751 0.195263 0
    outer loop
      vertex 10.2807 7.80587 3.18
      vertex 10.3701 7.35684 3.2
      vertex 10.3701 7.35684 3.18
    endloop
  endfacet
  facet normal 0.980751 0.195263 0
    outer loop
      vertex 10.3701 7.35684 19.8
      vertex 10.2807 7.80587 4.6
      vertex 10.2807 7.80587 19.8
    endloop
  endfacet
  facet normal 0.980751 0.195263 0
    outer loop
      vertex 10.2807 7.80587 4.6
      vertex 10.3701 7.35684 19.8
      vertex 10.3701 7.35684 4.6
    endloop
  endfacet
  facet normal 0.997865 0.0653099 0
    outer loop
      vertex 10.4 6.9 3.2
      vertex 10.3701 7.35684 3.18
      vertex 10.3701 7.35684 3.2
    endloop
  endfacet
  facet normal 0.997865 0.0653099 0
    outer loop
      vertex 10.3701 7.35684 3.18
      vertex 10.4 6.9 3.2
      vertex 10.4 6.9 3.18
    endloop
  endfacet
  facet normal 0.997865 0.0653099 0
    outer loop
      vertex 10.4 6.9 19.8
      vertex 10.3701 7.35684 4.6
      vertex 10.3701 7.35684 19.8
    endloop
  endfacet
  facet normal 0.997865 0.0653099 0
    outer loop
      vertex 10.3701 7.35684 4.6
      vertex 10.4 6.9 19.8
      vertex 10.4 6.9 4.6
    endloop
  endfacet
  facet normal 0.321439 -0.94693 0
    outer loop
      vertex 7.80587 3.51926 3.18
      vertex 8.23939 3.66642 3.2
      vertex 7.80587 3.51926 3.2
    endloop
  endfacet
  facet normal 0.321439 -0.94693 0
    outer loop
      vertex 8.23939 3.66642 3.2
      vertex 7.80587 3.51926 3.18
      vertex 8.23939 3.66642 3.18
    endloop
  endfacet
  facet normal 0.321439 -0.94693 0
    outer loop
      vertex 7.80587 3.51926 4.6
      vertex 8.23939 3.66642 19.8
      vertex 7.80587 3.51926 19.8
    endloop
  endfacet
  facet normal 0.321439 -0.94693 0
    outer loop
      vertex 8.23939 3.66642 19.8
      vertex 7.80587 3.51926 4.6
      vertex 8.23939 3.66642 4.6
    endloop
  endfacet
  facet normal 0.831468 0.555572 0
    outer loop
      vertex 9.93109 8.65 3.2
      vertex 9.67674 9.03066 3.18
      vertex 9.67674 9.03066 3.2
    endloop
  endfacet
  facet normal 0.831468 0.555572 0
    outer loop
      vertex 9.67674 9.03066 3.18
      vertex 9.93109 8.65 3.2
      vertex 9.93109 8.65 3.18
    endloop
  endfacet
  facet normal 0.831468 0.555572 0
    outer loop
      vertex 9.93109 8.65 19.8
      vertex 9.67674 9.03066 4.6
      vertex 9.67674 9.03066 19.8
    endloop
  endfacet
  facet normal 0.831468 0.555572 0
    outer loop
      vertex 9.67674 9.03066 4.6
      vertex 9.93109 8.65 19.8
      vertex 9.93109 8.65 4.6
    endloop
  endfacet
  facet normal -0.896873 0.442288 0
    outer loop
      vertex 3.66642 8.23939 4.6
      vertex 3.86891 8.65 19.8
      vertex 3.86891 8.65 4.6
    endloop
  endfacet
  facet normal -0.896873 0.442288 0
    outer loop
      vertex 3.86891 8.65 19.8
      vertex 3.66642 8.23939 4.6
      vertex 3.66642 8.23939 19.8
    endloop
  endfacet
  facet normal -0.896873 0.442288 0
    outer loop
      vertex 3.66642 8.23939 3.18
      vertex 3.86891 8.65 3.2
      vertex 3.86891 8.65 3.18
    endloop
  endfacet
  facet normal -0.896873 0.442288 0
    outer loop
      vertex 3.86891 8.65 3.2
      vertex 3.66642 8.23939 3.18
      vertex 3.66642 8.23939 3.2
    endloop
  endfacet
  facet normal -0.555572 0.831468 0
    outer loop
      vertex 5.15 9.93109 3.18
      vertex 4.76934 9.67674 3.2
      vertex 5.15 9.93109 3.2
    endloop
  endfacet
  facet normal -0.555572 0.831468 0
    outer loop
      vertex 4.76934 9.67674 3.2
      vertex 5.15 9.93109 3.18
      vertex 4.76934 9.67674 3.18
    endloop
  endfacet
  facet normal -0.555572 0.831468 0
    outer loop
      vertex 5.15 9.93109 4.6
      vertex 4.76934 9.67674 19.8
      vertex 5.15 9.93109 19.8
    endloop
  endfacet
  facet normal -0.555572 0.831468 0
    outer loop
      vertex 4.76934 9.67674 19.8
      vertex 5.15 9.93109 4.6
      vertex 4.76934 9.67674 4.6
    endloop
  endfacet
  facet normal -0.659353 0.751833 0
    outer loop
      vertex 4.76934 9.67674 3.18
      vertex 4.42513 9.37487 3.2
      vertex 4.76934 9.67674 3.2
    endloop
  endfacet
  facet normal -0.659353 0.751833 0
    outer loop
      vertex 4.42513 9.37487 3.2
      vertex 4.76934 9.67674 3.18
      vertex 4.42513 9.37487 3.18
    endloop
  endfacet
  facet normal -0.659353 0.751833 0
    outer loop
      vertex 4.76934 9.67674 4.6
      vertex 4.42513 9.37487 19.8
      vertex 4.76934 9.67674 19.8
    endloop
  endfacet
  facet normal -0.659353 0.751833 0
    outer loop
      vertex 4.42513 9.37487 19.8
      vertex 4.76934 9.67674 4.6
      vertex 4.42513 9.37487 4.6
    endloop
  endfacet
  facet normal -0.751833 0.659353 0
    outer loop
      vertex 4.12326 9.03066 4.6
      vertex 4.42513 9.37487 19.8
      vertex 4.42513 9.37487 4.6
    endloop
  endfacet
  facet normal -0.751833 0.659353 0
    outer loop
      vertex 4.42513 9.37487 19.8
      vertex 4.12326 9.03066 4.6
      vertex 4.12326 9.03066 19.8
    endloop
  endfacet
  facet normal -0.751833 0.659353 0
    outer loop
      vertex 4.12326 9.03066 3.18
      vertex 4.42513 9.37487 3.2
      vertex 4.42513 9.37487 3.18
    endloop
  endfacet
  facet normal -0.751833 0.659353 0
    outer loop
      vertex 4.42513 9.37487 3.2
      vertex 4.12326 9.03066 3.18
      vertex 4.12326 9.03066 3.2
    endloop
  endfacet
  facet normal 0.94697 -0.321322 0
    outer loop
      vertex 10.1336 5.56061 3.2
      vertex 10.2807 5.99413 3.18
      vertex 10.2807 5.99413 3.2
    endloop
  endfacet
  facet normal 0.94697 -0.321322 0
    outer loop
      vertex 10.2807 5.99413 3.18
      vertex 10.1336 5.56061 3.2
      vertex 10.1336 5.56061 3.18
    endloop
  endfacet
  facet normal 0.94697 -0.321322 0
    outer loop
      vertex 10.1336 5.56061 19.8
      vertex 10.2807 5.99413 4.6
      vertex 10.2807 5.99413 19.8
    endloop
  endfacet
  facet normal 0.94697 -0.321322 0
    outer loop
      vertex 10.2807 5.99413 4.6
      vertex 10.1336 5.56061 19.8
      vertex 10.1336 5.56061 4.6
    endloop
  endfacet
  facet normal -0.997859 0.0653969 0
    outer loop
      vertex 3.4 6.9 3.18
      vertex 3.42994 7.35684 3.2
      vertex 3.42994 7.35684 3.18
    endloop
  endfacet
  facet normal -0.997859 0.0653969 0
    outer loop
      vertex 3.42994 7.35684 3.2
      vertex 3.4 6.9 3.18
      vertex 3.4 6.9 3.2
    endloop
  endfacet
  facet normal -0.997859 0.0653969 0
    outer loop
      vertex 3.4 6.9 4.6
      vertex 3.42994 7.35684 19.8
      vertex 3.42994 7.35684 4.6
    endloop
  endfacet
  facet normal -0.997859 0.0653969 0
    outer loop
      vertex 3.42994 7.35684 19.8
      vertex 3.4 6.9 4.6
      vertex 3.4 6.9 19.8
    endloop
  endfacet
  facet normal 0.555572 0.831468 -0
    outer loop
      vertex 9.03066 9.67674 3.18
      vertex 8.65 9.93109 3.2
      vertex 9.03066 9.67674 3.2
    endloop
  endfacet
  facet normal 0.555572 0.831468 0
    outer loop
      vertex 8.65 9.93109 3.2
      vertex 9.03066 9.67674 3.18
      vertex 8.65 9.93109 3.18
    endloop
  endfacet
  facet normal 0.555572 0.831468 -0
    outer loop
      vertex 9.03066 9.67674 4.6
      vertex 8.65 9.93109 19.8
      vertex 9.03066 9.67674 19.8
    endloop
  endfacet
  facet normal 0.555572 0.831468 0
    outer loop
      vertex 8.65 9.93109 19.8
      vertex 9.03066 9.67674 4.6
      vertex 8.65 9.93109 4.6
    endloop
  endfacet
  facet normal -0.321439 -0.94693 0
    outer loop
      vertex 5.56061 3.66642 4.6
      vertex 5.99413 3.51926 19.8
      vertex 5.56061 3.66642 19.8
    endloop
  endfacet
  facet normal -0.321439 -0.94693 -0
    outer loop
      vertex 5.99413 3.51926 19.8
      vertex 5.56061 3.66642 4.6
      vertex 5.99413 3.51926 4.6
    endloop
  endfacet
  facet normal -0.321439 -0.94693 0
    outer loop
      vertex 5.56061 3.66642 3.18
      vertex 5.99413 3.51926 3.2
      vertex 5.56061 3.66642 3.2
    endloop
  endfacet
  facet normal -0.321439 -0.94693 -0
    outer loop
      vertex 5.99413 3.51926 3.2
      vertex 5.56061 3.66642 3.18
      vertex 5.99413 3.51926 3.18
    endloop
  endfacet
  facet normal 0.195095 -0.980784 0
    outer loop
      vertex 7.35684 3.42994 3.18
      vertex 7.80587 3.51926 3.2
      vertex 7.35684 3.42994 3.2
    endloop
  endfacet
  facet normal 0.195095 -0.980784 0
    outer loop
      vertex 7.80587 3.51926 3.2
      vertex 7.35684 3.42994 3.18
      vertex 7.80587 3.51926 3.18
    endloop
  endfacet
  facet normal 0.195095 -0.980784 0
    outer loop
      vertex 7.35684 3.42994 4.6
      vertex 7.80587 3.51926 19.8
      vertex 7.35684 3.42994 19.8
    endloop
  endfacet
  facet normal 0.195095 -0.980784 0
    outer loop
      vertex 7.80587 3.51926 19.8
      vertex 7.35684 3.42994 4.6
      vertex 7.80587 3.51926 4.6
    endloop
  endfacet
  facet normal -0.321322 0.94697 0
    outer loop
      vertex 5.99413 10.2807 4.6
      vertex 5.56061 10.1336 19.8
      vertex 5.99413 10.2807 19.8
    endloop
  endfacet
  facet normal -0.321322 0.94697 0
    outer loop
      vertex 5.56061 10.1336 19.8
      vertex 5.99413 10.2807 4.6
      vertex 5.56061 10.1336 4.6
    endloop
  endfacet
  facet normal -0.321322 0.94697 0
    outer loop
      vertex 5.99413 10.2807 3.18
      vertex 5.56061 10.1336 3.2
      vertex 5.99413 10.2807 3.2
    endloop
  endfacet
  facet normal -0.321322 0.94697 0
    outer loop
      vertex 5.56061 10.1336 3.2
      vertex 5.99413 10.2807 3.18
      vertex 5.56061 10.1336 3.18
    endloop
  endfacet
  facet normal -0.831468 -0.555572 0
    outer loop
      vertex 4.12326 4.76934 4.6
      vertex 3.86891 5.15 19.8
      vertex 3.86891 5.15 4.6
    endloop
  endfacet
  facet normal -0.831468 -0.555572 0
    outer loop
      vertex 3.86891 5.15 19.8
      vertex 4.12326 4.76934 4.6
      vertex 4.12326 4.76934 19.8
    endloop
  endfacet
  facet normal -0.831468 -0.555572 0
    outer loop
      vertex 4.12326 4.76934 3.18
      vertex 3.86891 5.15 3.2
      vertex 3.86891 5.15 3.18
    endloop
  endfacet
  facet normal -0.831468 -0.555572 0
    outer loop
      vertex 3.86891 5.15 3.2
      vertex 4.12326 4.76934 3.18
      vertex 4.12326 4.76934 3.2
    endloop
  endfacet
  facet normal 0.555572 -0.831468 0
    outer loop
      vertex 8.65 3.86891 3.18
      vertex 9.03066 4.12326 3.2
      vertex 8.65 3.86891 3.2
    endloop
  endfacet
  facet normal 0.555572 -0.831468 0
    outer loop
      vertex 9.03066 4.12326 3.2
      vertex 8.65 3.86891 3.18
      vertex 9.03066 4.12326 3.18
    endloop
  endfacet
  facet normal 0.555572 -0.831468 0
    outer loop
      vertex 8.65 3.86891 4.6
      vertex 9.03066 4.12326 19.8
      vertex 8.65 3.86891 19.8
    endloop
  endfacet
  facet normal 0.555572 -0.831468 0
    outer loop
      vertex 9.03066 4.12326 19.8
      vertex 8.65 3.86891 4.6
      vertex 9.03066 4.12326 4.6
    endloop
  endfacet
  facet normal -0.94693 0.321439 0
    outer loop
      vertex 3.51926 7.80587 4.6
      vertex 3.66642 8.23939 19.8
      vertex 3.66642 8.23939 4.6
    endloop
  endfacet
  facet normal -0.94693 0.321439 0
    outer loop
      vertex 3.66642 8.23939 19.8
      vertex 3.51926 7.80587 4.6
      vertex 3.51926 7.80587 19.8
    endloop
  endfacet
  facet normal -0.94693 0.321439 0
    outer loop
      vertex 3.51926 7.80587 3.18
      vertex 3.66642 8.23939 3.2
      vertex 3.66642 8.23939 3.18
    endloop
  endfacet
  facet normal -0.94693 0.321439 0
    outer loop
      vertex 3.66642 8.23939 3.2
      vertex 3.51926 7.80587 3.18
      vertex 3.51926 7.80587 3.2
    endloop
  endfacet
  facet normal 0.321322 0.94697 -0
    outer loop
      vertex 8.23939 10.1336 3.18
      vertex 7.80587 10.2807 3.2
      vertex 8.23939 10.1336 3.2
    endloop
  endfacet
  facet normal 0.321322 0.94697 0
    outer loop
      vertex 7.80587 10.2807 3.2
      vertex 8.23939 10.1336 3.18
      vertex 7.80587 10.2807 3.18
    endloop
  endfacet
  facet normal 0.321322 0.94697 -0
    outer loop
      vertex 8.23939 10.1336 4.6
      vertex 7.80587 10.2807 19.8
      vertex 8.23939 10.1336 19.8
    endloop
  endfacet
  facet normal 0.321322 0.94697 0
    outer loop
      vertex 7.80587 10.2807 19.8
      vertex 8.23939 10.1336 4.6
      vertex 7.80587 10.2807 4.6
    endloop
  endfacet
  facet normal 0.0653099 0.997865 -0
    outer loop
      vertex 7.35684 10.3701 4.6
      vertex 6.9 10.4 19.8
      vertex 7.35684 10.3701 19.8
    endloop
  endfacet
  facet normal 0.0653099 0.997865 0
    outer loop
      vertex 6.9 10.4 19.8
      vertex 7.35684 10.3701 4.6
      vertex 6.9 10.4 4.6
    endloop
  endfacet
  facet normal 0.0653099 0.997865 -0
    outer loop
      vertex 7.35684 10.3701 3.18
      vertex 6.9 10.4 3.2
      vertex 7.35684 10.3701 3.2
    endloop
  endfacet
  facet normal 0.0653099 0.997865 0
    outer loop
      vertex 6.9 10.4 3.2
      vertex 7.35684 10.3701 3.18
      vertex 6.9 10.4 3.18
    endloop
  endfacet
  facet normal -0.442323 0.896856 0
    outer loop
      vertex 5.56061 10.1336 4.6
      vertex 5.15 9.93109 19.8
      vertex 5.56061 10.1336 19.8
    endloop
  endfacet
  facet normal -0.442323 0.896856 0
    outer loop
      vertex 5.15 9.93109 19.8
      vertex 5.56061 10.1336 4.6
      vertex 5.15 9.93109 4.6
    endloop
  endfacet
  facet normal -0.442323 0.896856 0
    outer loop
      vertex 5.56061 10.1336 3.18
      vertex 5.15 9.93109 3.2
      vertex 5.56061 10.1336 3.2
    endloop
  endfacet
  facet normal -0.442323 0.896856 0
    outer loop
      vertex 5.15 9.93109 3.2
      vertex 5.56061 10.1336 3.18
      vertex 5.15 9.93109 3.18
    endloop
  endfacet
  facet normal 0.831468 -0.555572 0
    outer loop
      vertex 9.67674 4.76934 19.8
      vertex 9.93109 5.15 4.6
      vertex 9.93109 5.15 19.8
    endloop
  endfacet
  facet normal 0.831468 -0.555572 0
    outer loop
      vertex 9.93109 5.15 4.6
      vertex 9.67674 4.76934 19.8
      vertex 9.67674 4.76934 4.6
    endloop
  endfacet
  facet normal 0.831468 -0.555572 0
    outer loop
      vertex 9.67674 4.76934 3.2
      vertex 9.93109 5.15 3.18
      vertex 9.93109 5.15 3.2
    endloop
  endfacet
  facet normal 0.831468 -0.555572 0
    outer loop
      vertex 9.93109 5.15 3.18
      vertex 9.67674 4.76934 3.2
      vertex 9.67674 4.76934 3.18
    endloop
  endfacet
  facet normal -0.997859 -0.0653969 0
    outer loop
      vertex 3.42994 6.44316 3.18
      vertex 3.4 6.9 3.2
      vertex 3.4 6.9 3.18
    endloop
  endfacet
  facet normal -0.997859 -0.0653969 0
    outer loop
      vertex 3.4 6.9 3.2
      vertex 3.42994 6.44316 3.18
      vertex 3.42994 6.44316 3.2
    endloop
  endfacet
  facet normal -0.997859 -0.0653969 0
    outer loop
      vertex 3.42994 6.44316 4.6
      vertex 3.4 6.9 19.8
      vertex 3.4 6.9 4.6
    endloop
  endfacet
  facet normal -0.997859 -0.0653969 0
    outer loop
      vertex 3.4 6.9 19.8
      vertex 3.42994 6.44316 4.6
      vertex 3.42994 6.44316 19.8
    endloop
  endfacet
  facet normal -0.94693 -0.321439 0
    outer loop
      vertex 3.66642 5.56061 3.18
      vertex 3.51926 5.99413 3.2
      vertex 3.51926 5.99413 3.18
    endloop
  endfacet
  facet normal -0.94693 -0.321439 0
    outer loop
      vertex 3.51926 5.99413 3.2
      vertex 3.66642 5.56061 3.18
      vertex 3.66642 5.56061 3.2
    endloop
  endfacet
  facet normal -0.94693 -0.321439 0
    outer loop
      vertex 3.66642 5.56061 4.6
      vertex 3.51926 5.99413 19.8
      vertex 3.51926 5.99413 4.6
    endloop
  endfacet
  facet normal -0.94693 -0.321439 0
    outer loop
      vertex 3.51926 5.99413 19.8
      vertex 3.66642 5.56061 4.6
      vertex 3.66642 5.56061 19.8
    endloop
  endfacet
  facet normal -0.659353 -0.751833 0
    outer loop
      vertex 4.42513 4.42513 4.6
      vertex 4.76934 4.12326 19.8
      vertex 4.42513 4.42513 19.8
    endloop
  endfacet
  facet normal -0.659353 -0.751833 -0
    outer loop
      vertex 4.76934 4.12326 19.8
      vertex 4.42513 4.42513 4.6
      vertex 4.76934 4.12326 4.6
    endloop
  endfacet
  facet normal -0.659353 -0.751833 0
    outer loop
      vertex 4.42513 4.42513 3.18
      vertex 4.76934 4.12326 3.2
      vertex 4.42513 4.42513 3.2
    endloop
  endfacet
  facet normal -0.659353 -0.751833 -0
    outer loop
      vertex 4.76934 4.12326 3.2
      vertex 4.42513 4.42513 3.18
      vertex 4.76934 4.12326 3.18
    endloop
  endfacet
  facet normal 0.442323 0.896856 -0
    outer loop
      vertex 8.65 9.93109 4.6
      vertex 8.23939 10.1336 19.8
      vertex 8.65 9.93109 19.8
    endloop
  endfacet
  facet normal 0.442323 0.896856 0
    outer loop
      vertex 8.23939 10.1336 19.8
      vertex 8.65 9.93109 4.6
      vertex 8.23939 10.1336 4.6
    endloop
  endfacet
  facet normal 0.442323 0.896856 -0
    outer loop
      vertex 8.65 9.93109 3.18
      vertex 8.23939 10.1336 3.2
      vertex 8.65 9.93109 3.2
    endloop
  endfacet
  facet normal 0.442323 0.896856 0
    outer loop
      vertex 8.23939 10.1336 3.2
      vertex 8.65 9.93109 3.18
      vertex 8.23939 10.1336 3.18
    endloop
  endfacet
  facet normal -0.195263 0.980751 0
    outer loop
      vertex 6.44316 10.3701 4.6
      vertex 5.99413 10.2807 19.8
      vertex 6.44316 10.3701 19.8
    endloop
  endfacet
  facet normal -0.195263 0.980751 0
    outer loop
      vertex 5.99413 10.2807 19.8
      vertex 6.44316 10.3701 4.6
      vertex 5.99413 10.2807 4.6
    endloop
  endfacet
  facet normal -0.195263 0.980751 0
    outer loop
      vertex 6.44316 10.3701 3.18
      vertex 5.99413 10.2807 3.2
      vertex 6.44316 10.3701 3.2
    endloop
  endfacet
  facet normal -0.195263 0.980751 0
    outer loop
      vertex 5.99413 10.2807 3.2
      vertex 6.44316 10.3701 3.18
      vertex 5.99413 10.2807 3.18
    endloop
  endfacet
  facet normal 0.751833 0.659353 0
    outer loop
      vertex 9.67674 9.03066 3.2
      vertex 9.37487 9.37487 3.18
      vertex 9.37487 9.37487 3.2
    endloop
  endfacet
  facet normal 0.751833 0.659353 0
    outer loop
      vertex 9.37487 9.37487 3.18
      vertex 9.67674 9.03066 3.2
      vertex 9.67674 9.03066 3.18
    endloop
  endfacet
  facet normal 0.751833 0.659353 0
    outer loop
      vertex 9.67674 9.03066 19.8
      vertex 9.37487 9.37487 4.6
      vertex 9.37487 9.37487 19.8
    endloop
  endfacet
  facet normal 0.751833 0.659353 0
    outer loop
      vertex 9.37487 9.37487 4.6
      vertex 9.67674 9.03066 19.8
      vertex 9.67674 9.03066 4.6
    endloop
  endfacet
  facet normal 0.195263 0.980751 -0
    outer loop
      vertex 7.80587 10.2807 4.6
      vertex 7.35684 10.3701 19.8
      vertex 7.80587 10.2807 19.8
    endloop
  endfacet
  facet normal 0.195263 0.980751 0
    outer loop
      vertex 7.35684 10.3701 19.8
      vertex 7.80587 10.2807 4.6
      vertex 7.35684 10.3701 4.6
    endloop
  endfacet
  facet normal 0.195263 0.980751 -0
    outer loop
      vertex 7.80587 10.2807 3.18
      vertex 7.35684 10.3701 3.2
      vertex 7.80587 10.2807 3.2
    endloop
  endfacet
  facet normal 0.195263 0.980751 0
    outer loop
      vertex 7.35684 10.3701 3.2
      vertex 7.80587 10.2807 3.18
      vertex 7.35684 10.3701 3.18
    endloop
  endfacet
  facet normal 0.751833 -0.659353 0
    outer loop
      vertex 9.37487 4.42513 3.2
      vertex 9.67674 4.76934 3.18
      vertex 9.67674 4.76934 3.2
    endloop
  endfacet
  facet normal 0.751833 -0.659353 0
    outer loop
      vertex 9.67674 4.76934 3.18
      vertex 9.37487 4.42513 3.2
      vertex 9.37487 4.42513 3.18
    endloop
  endfacet
  facet normal 0.751833 -0.659353 0
    outer loop
      vertex 9.37487 4.42513 19.8
      vertex 9.67674 4.76934 4.6
      vertex 9.67674 4.76934 19.8
    endloop
  endfacet
  facet normal 0.751833 -0.659353 0
    outer loop
      vertex 9.67674 4.76934 4.6
      vertex 9.37487 4.42513 19.8
      vertex 9.37487 4.42513 4.6
    endloop
  endfacet
  facet normal -0.442288 -0.896873 0
    outer loop
      vertex 5.15 3.86891 3.18
      vertex 5.56061 3.66642 3.2
      vertex 5.15 3.86891 3.2
    endloop
  endfacet
  facet normal -0.442288 -0.896873 -0
    outer loop
      vertex 5.56061 3.66642 3.2
      vertex 5.15 3.86891 3.18
      vertex 5.56061 3.66642 3.18
    endloop
  endfacet
  facet normal -0.442288 -0.896873 0
    outer loop
      vertex 5.15 3.86891 4.6
      vertex 5.56061 3.66642 19.8
      vertex 5.15 3.86891 19.8
    endloop
  endfacet
  facet normal -0.442288 -0.896873 -0
    outer loop
      vertex 5.56061 3.66642 19.8
      vertex 5.15 3.86891 4.6
      vertex 5.56061 3.66642 4.6
    endloop
  endfacet
  facet normal -0.0653099 0.997865 0
    outer loop
      vertex 6.9 10.4 4.6
      vertex 6.44316 10.3701 19.8
      vertex 6.9 10.4 19.8
    endloop
  endfacet
  facet normal -0.0653099 0.997865 0
    outer loop
      vertex 6.44316 10.3701 19.8
      vertex 6.9 10.4 4.6
      vertex 6.44316 10.3701 4.6
    endloop
  endfacet
  facet normal -0.0653099 0.997865 0
    outer loop
      vertex 6.9 10.4 3.18
      vertex 6.44316 10.3701 3.2
      vertex 6.9 10.4 3.2
    endloop
  endfacet
  facet normal -0.0653099 0.997865 0
    outer loop
      vertex 6.44316 10.3701 3.2
      vertex 6.9 10.4 3.18
      vertex 6.44316 10.3701 3.18
    endloop
  endfacet
  facet normal -0.980784 0.195095 0
    outer loop
      vertex 3.42994 7.35684 4.6
      vertex 3.51926 7.80587 19.8
      vertex 3.51926 7.80587 4.6
    endloop
  endfacet
  facet normal -0.980784 0.195095 0
    outer loop
      vertex 3.51926 7.80587 19.8
      vertex 3.42994 7.35684 4.6
      vertex 3.42994 7.35684 19.8
    endloop
  endfacet
  facet normal -0.980784 0.195095 0
    outer loop
      vertex 3.42994 7.35684 3.18
      vertex 3.51926 7.80587 3.2
      vertex 3.51926 7.80587 3.18
    endloop
  endfacet
  facet normal -0.980784 0.195095 0
    outer loop
      vertex 3.51926 7.80587 3.2
      vertex 3.42994 7.35684 3.18
      vertex 3.42994 7.35684 3.2
    endloop
  endfacet
  facet normal 0.0653969 -0.997859 0
    outer loop
      vertex 6.9 3.4 3.18
      vertex 7.35684 3.42994 3.2
      vertex 6.9 3.4 3.2
    endloop
  endfacet
  facet normal 0.0653969 -0.997859 0
    outer loop
      vertex 7.35684 3.42994 3.2
      vertex 6.9 3.4 3.18
      vertex 7.35684 3.42994 3.18
    endloop
  endfacet
  facet normal 0.0653969 -0.997859 0
    outer loop
      vertex 6.9 3.4 4.6
      vertex 7.35684 3.42994 19.8
      vertex 6.9 3.4 19.8
    endloop
  endfacet
  facet normal 0.0653969 -0.997859 0
    outer loop
      vertex 7.35684 3.42994 19.8
      vertex 6.9 3.4 4.6
      vertex 7.35684 3.42994 4.6
    endloop
  endfacet
  facet normal 0.442288 -0.896873 0
    outer loop
      vertex 8.23939 3.66642 3.18
      vertex 8.65 3.86891 3.2
      vertex 8.23939 3.66642 3.2
    endloop
  endfacet
  facet normal 0.442288 -0.896873 0
    outer loop
      vertex 8.65 3.86891 3.2
      vertex 8.23939 3.66642 3.18
      vertex 8.65 3.86891 3.18
    endloop
  endfacet
  facet normal 0.442288 -0.896873 0
    outer loop
      vertex 8.23939 3.66642 4.6
      vertex 8.65 3.86891 19.8
      vertex 8.23939 3.66642 19.8
    endloop
  endfacet
  facet normal 0.442288 -0.896873 0
    outer loop
      vertex 8.65 3.86891 19.8
      vertex 8.23939 3.66642 4.6
      vertex 8.65 3.86891 4.6
    endloop
  endfacet
  facet normal 0 0 -1
    outer loop
      vertex 7.75 6.9 3.18
      vertex 10.4 6.9 3.18
      vertex 10.3701 6.44316 3.18
    endloop
  endfacet
  facet normal 0 0 -1
    outer loop
      vertex 7.74273 6.78905 3.18
      vertex 10.3701 6.44316 3.18
      vertex 10.2807 5.99413 3.18
    endloop
  endfacet
  facet normal 0 0 -1
    outer loop
      vertex 10.4 6.9 3.18
      vertex 7.75 6.9 3.18
      vertex 10.3701 7.35684 3.18
    endloop
  endfacet
  facet normal 0 0 -1
    outer loop
      vertex 7.72104 6.68 3.18
      vertex 10.2807 5.99413 3.18
      vertex 10.1336 5.56061 3.18
    endloop
  endfacet
  facet normal 0 0 -1
    outer loop
      vertex 7.74273 7.01095 3.18
      vertex 10.3701 7.35684 3.18
      vertex 7.75 6.9 3.18
    endloop
  endfacet
  facet normal 0 0 -1
    outer loop
      vertex 7.6853 6.57472 3.18
      vertex 10.1336 5.56061 3.18
      vertex 9.93109 5.15 3.18
    endloop
  endfacet
  facet normal -0 0 -1
    outer loop
      vertex 10.3701 7.35684 3.18
      vertex 7.74273 7.01095 3.18
      vertex 10.2807 7.80587 3.18
    endloop
  endfacet
  facet normal 0 0 -1
    outer loop
      vertex 7.63612 6.475 3.18
      vertex 9.93109 5.15 3.18
      vertex 9.67674 4.76934 3.18
    endloop
  endfacet
  facet normal 0 0 -1
    outer loop
      vertex 7.72104 7.12 3.18
      vertex 10.2807 7.80587 3.18
      vertex 7.74273 7.01095 3.18
    endloop
  endfacet
  facet normal 0 0 -1
    outer loop
      vertex 7.57435 6.38255 3.18
      vertex 9.67674 4.76934 3.18
      vertex 9.37487 4.42513 3.18
    endloop
  endfacet
  facet normal -0 0 -1
    outer loop
      vertex 10.2807 7.80587 3.18
      vertex 7.72104 7.12 3.18
      vertex 10.1336 8.23939 3.18
    endloop
  endfacet
  facet normal 0 0 -1
    outer loop
      vertex 7.50104 6.29896 3.18
      vertex 9.37487 4.42513 3.18
      vertex 9.03066 4.12326 3.18
    endloop
  endfacet
  facet normal 0 0 -1
    outer loop
      vertex 7.6853 7.22528 3.18
      vertex 10.1336 8.23939 3.18
      vertex 7.72104 7.12 3.18
    endloop
  endfacet
  facet normal 0 0 -1
    outer loop
      vertex 7.41745 6.22565 3.18
      vertex 9.03066 4.12326 3.18
      vertex 8.65 3.86891 3.18
    endloop
  endfacet
  facet normal -0 0 -1
    outer loop
      vertex 10.1336 8.23939 3.18
      vertex 7.6853 7.22528 3.18
      vertex 9.93109 8.65 3.18
    endloop
  endfacet
  facet normal 0 0 -1
    outer loop
      vertex 7.325 6.16388 3.18
      vertex 8.65 3.86891 3.18
      vertex 8.23939 3.66642 3.18
    endloop
  endfacet
  facet normal 0 0 -1
    outer loop
      vertex 7.63612 7.325 3.18
      vertex 9.93109 8.65 3.18
      vertex 7.6853 7.22528 3.18
    endloop
  endfacet
  facet normal 0 0 -1
    outer loop
      vertex 7.22528 6.1147 3.18
      vertex 8.23939 3.66642 3.18
      vertex 7.80587 3.51926 3.18
    endloop
  endfacet
  facet normal -0 0 -1
    outer loop
      vertex 9.93109 8.65 3.18
      vertex 7.63612 7.325 3.18
      vertex 9.67674 9.03066 3.18
    endloop
  endfacet
  facet normal 0 0 -1
    outer loop
      vertex 7.57435 7.41745 3.18
      vertex 9.67674 9.03066 3.18
      vertex 7.63612 7.325 3.18
    endloop
  endfacet
  facet normal 0 0 -1
    outer loop
      vertex 10.3701 6.44316 3.18
      vertex 7.74273 6.78905 3.18
      vertex 7.75 6.9 3.18
    endloop
  endfacet
  facet normal 0 0 -1
    outer loop
      vertex 10.2807 5.99413 3.18
      vertex 7.72104 6.68 3.18
      vertex 7.74273 6.78905 3.18
    endloop
  endfacet
  facet normal 0 0 -1
    outer loop
      vertex 10.1336 5.56061 3.18
      vertex 7.6853 6.57472 3.18
      vertex 7.72104 6.68 3.18
    endloop
  endfacet
  facet normal 0 0 -1
    outer loop
      vertex 9.93109 5.15 3.18
      vertex 7.63612 6.475 3.18
      vertex 7.6853 6.57472 3.18
    endloop
  endfacet
  facet normal 0 0 -1
    outer loop
      vertex 9.67674 4.76934 3.18
      vertex 7.57435 6.38255 3.18
      vertex 7.63612 6.475 3.18
    endloop
  endfacet
  facet normal 0 0 -1
    outer loop
      vertex 9.37487 4.42513 3.18
      vertex 7.50104 6.29896 3.18
      vertex 7.57435 6.38255 3.18
    endloop
  endfacet
  facet normal 0 0 -1
    outer loop
      vertex 9.03066 4.12326 3.18
      vertex 7.41745 6.22565 3.18
      vertex 7.50104 6.29896 3.18
    endloop
  endfacet
  facet normal 0 0 -1
    outer loop
      vertex 7.12 6.07896 3.18
      vertex 7.80587 3.51926 3.18
      vertex 7.35684 3.42994 3.18
    endloop
  endfacet
  facet normal 0 0 -1
    outer loop
      vertex 8.65 3.86891 3.18
      vertex 7.325 6.16388 3.18
      vertex 7.41745 6.22565 3.18
    endloop
  endfacet
  facet normal 0 0 -1
    outer loop
      vertex 8.23939 3.66642 3.18
      vertex 7.22528 6.1147 3.18
      vertex 7.325 6.16388 3.18
    endloop
  endfacet
  facet normal 0 0 -1
    outer loop
      vertex 7.80587 3.51926 3.18
      vertex 7.12 6.07896 3.18
      vertex 7.22528 6.1147 3.18
    endloop
  endfacet
  facet normal 0 0 -1
    outer loop
      vertex 7.35684 3.42994 3.18
      vertex 7.01095 6.05727 3.18
      vertex 7.12 6.07896 3.18
    endloop
  endfacet
  facet normal 0 0 -1
    outer loop
      vertex 6.9 3.4 3.18
      vertex 7.01095 6.05727 3.18
      vertex 7.35684 3.42994 3.18
    endloop
  endfacet
  facet normal 0 0 -1
    outer loop
      vertex 6.9 3.4 3.18
      vertex 6.9 6.05 3.18
      vertex 7.01095 6.05727 3.18
    endloop
  endfacet
  facet normal 0 0 -1
    outer loop
      vertex 6.9 3.4 3.18
      vertex 6.78905 6.05727 3.18
      vertex 6.9 6.05 3.18
    endloop
  endfacet
  facet normal 0 0 -1
    outer loop
      vertex 6.44316 3.42994 3.18
      vertex 6.78905 6.05727 3.18
      vertex 6.9 3.4 3.18
    endloop
  endfacet
  facet normal -0 0 -1
    outer loop
      vertex 6.78905 6.05727 3.18
      vertex 6.44316 3.42994 3.18
      vertex 6.68 6.07896 3.18
    endloop
  endfacet
  facet normal 0 0 -1
    outer loop
      vertex 5.99413 3.51926 3.18
      vertex 6.68 6.07896 3.18
      vertex 6.44316 3.42994 3.18
    endloop
  endfacet
  facet normal -0 0 -1
    outer loop
      vertex 6.68 6.07896 3.18
      vertex 5.99413 3.51926 3.18
      vertex 6.57472 6.1147 3.18
    endloop
  endfacet
  facet normal 0 0 -1
    outer loop
      vertex 5.56061 3.66642 3.18
      vertex 6.57472 6.1147 3.18
      vertex 5.99413 3.51926 3.18
    endloop
  endfacet
  facet normal -0 0 -1
    outer loop
      vertex 6.57472 6.1147 3.18
      vertex 5.56061 3.66642 3.18
      vertex 6.475 6.16388 3.18
    endloop
  endfacet
  facet normal 0 0 -1
    outer loop
      vertex 5.15 3.86891 3.18
      vertex 6.475 6.16388 3.18
      vertex 5.56061 3.66642 3.18
    endloop
  endfacet
  facet normal -0 0 -1
    outer loop
      vertex 6.475 6.16388 3.18
      vertex 5.15 3.86891 3.18
      vertex 6.38255 6.22565 3.18
    endloop
  endfacet
  facet normal 0 0 -1
    outer loop
      vertex 4.76934 4.12326 3.18
      vertex 6.38255 6.22565 3.18
      vertex 5.15 3.86891 3.18
    endloop
  endfacet
  facet normal -0 0 -1
    outer loop
      vertex 6.38255 6.22565 3.18
      vertex 4.76934 4.12326 3.18
      vertex 6.29896 6.29896 3.18
    endloop
  endfacet
  facet normal 0 0 -1
    outer loop
      vertex 4.42513 4.42513 3.18
      vertex 6.29896 6.29896 3.18
      vertex 4.76934 4.12326 3.18
    endloop
  endfacet
  facet normal 0 0 -1
    outer loop
      vertex 4.12326 4.76934 3.18
      vertex 6.22565 6.38255 3.18
      vertex 4.42513 4.42513 3.18
    endloop
  endfacet
  facet normal -0 0 -1
    outer loop
      vertex 6.29896 6.29896 3.18
      vertex 4.42513 4.42513 3.18
      vertex 6.22565 6.38255 3.18
    endloop
  endfacet
  facet normal -0 0 -1
    outer loop
      vertex 9.67674 9.03066 3.18
      vertex 7.57435 7.41745 3.18
      vertex 9.37487 9.37487 3.18
    endloop
  endfacet
  facet normal 0 0 -1
    outer loop
      vertex 7.50104 7.50104 3.18
      vertex 9.37487 9.37487 3.18
      vertex 7.57435 7.41745 3.18
    endloop
  endfacet
  facet normal -0 0 -1
    outer loop
      vertex 9.37487 9.37487 3.18
      vertex 7.50104 7.50104 3.18
      vertex 9.03066 9.67674 3.18
    endloop
  endfacet
  facet normal 0 0 -1
    outer loop
      vertex 7.41745 7.57435 3.18
      vertex 9.03066 9.67674 3.18
      vertex 7.50104 7.50104 3.18
    endloop
  endfacet
  facet normal -0 0 -1
    outer loop
      vertex 9.03066 9.67674 3.18
      vertex 7.41745 7.57435 3.18
      vertex 8.65 9.93109 3.18
    endloop
  endfacet
  facet normal 0 0 -1
    outer loop
      vertex 7.325 7.63612 3.18
      vertex 8.65 9.93109 3.18
      vertex 7.41745 7.57435 3.18
    endloop
  endfacet
  facet normal -0 0 -1
    outer loop
      vertex 8.65 9.93109 3.18
      vertex 7.325 7.63612 3.18
      vertex 8.23939 10.1336 3.18
    endloop
  endfacet
  facet normal 0 0 -1
    outer loop
      vertex 7.22528 7.6853 3.18
      vertex 8.23939 10.1336 3.18
      vertex 7.325 7.63612 3.18
    endloop
  endfacet
  facet normal -0 0 -1
    outer loop
      vertex 8.23939 10.1336 3.18
      vertex 7.22528 7.6853 3.18
      vertex 7.80587 10.2807 3.18
    endloop
  endfacet
  facet normal 0 0 -1
    outer loop
      vertex 7.12 7.72104 3.18
      vertex 7.80587 10.2807 3.18
      vertex 7.22528 7.6853 3.18
    endloop
  endfacet
  facet normal -0 0 -1
    outer loop
      vertex 7.80587 10.2807 3.18
      vertex 7.12 7.72104 3.18
      vertex 7.35684 10.3701 3.18
    endloop
  endfacet
  facet normal 0 0 -1
    outer loop
      vertex 7.01095 7.74273 3.18
      vertex 7.35684 10.3701 3.18
      vertex 7.12 7.72104 3.18
    endloop
  endfacet
  facet normal 0 0 -1
    outer loop
      vertex 6.9 7.75 3.18
      vertex 7.35684 10.3701 3.18
      vertex 7.01095 7.74273 3.18
    endloop
  endfacet
  facet normal 0 0 -1
    outer loop
      vertex 6.9 7.75 3.18
      vertex 6.9 10.4 3.18
      vertex 7.35684 10.3701 3.18
    endloop
  endfacet
  facet normal 0 0 -1
    outer loop
      vertex 6.78905 7.74273 3.18
      vertex 6.9 10.4 3.18
      vertex 6.9 7.75 3.18
    endloop
  endfacet
  facet normal 0 0 -1
    outer loop
      vertex 6.44316 10.3701 3.18
      vertex 6.78905 7.74273 3.18
      vertex 6.68 7.72104 3.18
    endloop
  endfacet
  facet normal 0 0 -1
    outer loop
      vertex 5.99413 10.2807 3.18
      vertex 6.68 7.72104 3.18
      vertex 6.57472 7.6853 3.18
    endloop
  endfacet
  facet normal 0 0 -1
    outer loop
      vertex 5.56061 10.1336 3.18
      vertex 6.57472 7.6853 3.18
      vertex 6.475 7.63612 3.18
    endloop
  endfacet
  facet normal 0 0 -1
    outer loop
      vertex 6.78905 7.74273 3.18
      vertex 6.44316 10.3701 3.18
      vertex 6.9 10.4 3.18
    endloop
  endfacet
  facet normal 0 0 -1
    outer loop
      vertex 5.15 9.93109 3.18
      vertex 6.475 7.63612 3.18
      vertex 6.38255 7.57435 3.18
    endloop
  endfacet
  facet normal 0 0 -1
    outer loop
      vertex 4.76934 9.67674 3.18
      vertex 6.38255 7.57435 3.18
      vertex 6.29896 7.50104 3.18
    endloop
  endfacet
  facet normal 0 0 -1
    outer loop
      vertex 4.42513 9.37487 3.18
      vertex 6.29896 7.50104 3.18
      vertex 6.22565 7.41745 3.18
    endloop
  endfacet
  facet normal 0 0 -1
    outer loop
      vertex 4.12326 9.03066 3.18
      vertex 6.22565 7.41745 3.18
      vertex 6.16388 7.325 3.18
    endloop
  endfacet
  facet normal 0 0 -1
    outer loop
      vertex 3.86891 8.65 3.18
      vertex 6.16388 7.325 3.18
      vertex 6.1147 7.22528 3.18
    endloop
  endfacet
  facet normal 0 0 -1
    outer loop
      vertex 3.66642 8.23939 3.18
      vertex 6.1147 7.22528 3.18
      vertex 6.07896 7.12 3.18
    endloop
  endfacet
  facet normal 0 0 -1
    outer loop
      vertex 3.51926 7.80587 3.18
      vertex 6.07896 7.12 3.18
      vertex 6.05727 7.01095 3.18
    endloop
  endfacet
  facet normal 0 0 -1
    outer loop
      vertex 6.68 7.72104 3.18
      vertex 5.99413 10.2807 3.18
      vertex 6.44316 10.3701 3.18
    endloop
  endfacet
  facet normal 0 0 -1
    outer loop
      vertex 3.42994 7.35684 3.18
      vertex 6.05727 7.01095 3.18
      vertex 6.05 6.9 3.18
    endloop
  endfacet
  facet normal -0 0 -1
    outer loop
      vertex 6.22565 6.38255 3.18
      vertex 4.12326 4.76934 3.18
      vertex 6.16388 6.475 3.18
    endloop
  endfacet
  facet normal 0 0 -1
    outer loop
      vertex 3.86891 5.15 3.18
      vertex 6.16388 6.475 3.18
      vertex 4.12326 4.76934 3.18
    endloop
  endfacet
  facet normal 0 0 -1
    outer loop
      vertex 6.57472 7.6853 3.18
      vertex 5.56061 10.1336 3.18
      vertex 5.99413 10.2807 3.18
    endloop
  endfacet
  facet normal -0 0 -1
    outer loop
      vertex 6.16388 6.475 3.18
      vertex 3.86891 5.15 3.18
      vertex 6.1147 6.57472 3.18
    endloop
  endfacet
  facet normal 0 0 -1
    outer loop
      vertex 6.475 7.63612 3.18
      vertex 5.15 9.93109 3.18
      vertex 5.56061 10.1336 3.18
    endloop
  endfacet
  facet normal 0 0 -1
    outer loop
      vertex 3.66642 5.56061 3.18
      vertex 6.1147 6.57472 3.18
      vertex 3.86891 5.15 3.18
    endloop
  endfacet
  facet normal 0 0 -1
    outer loop
      vertex 6.38255 7.57435 3.18
      vertex 4.76934 9.67674 3.18
      vertex 5.15 9.93109 3.18
    endloop
  endfacet
  facet normal -0 0 -1
    outer loop
      vertex 6.1147 6.57472 3.18
      vertex 3.66642 5.56061 3.18
      vertex 6.07896 6.68 3.18
    endloop
  endfacet
  facet normal 0 0 -1
    outer loop
      vertex 6.29896 7.50104 3.18
      vertex 4.42513 9.37487 3.18
      vertex 4.76934 9.67674 3.18
    endloop
  endfacet
  facet normal 0 0 -1
    outer loop
      vertex 3.51926 5.99413 3.18
      vertex 6.07896 6.68 3.18
      vertex 3.66642 5.56061 3.18
    endloop
  endfacet
  facet normal 0 0 -1
    outer loop
      vertex 6.22565 7.41745 3.18
      vertex 4.12326 9.03066 3.18
      vertex 4.42513 9.37487 3.18
    endloop
  endfacet
  facet normal -0 0 -1
    outer loop
      vertex 6.07896 6.68 3.18
      vertex 3.51926 5.99413 3.18
      vertex 6.05727 6.78905 3.18
    endloop
  endfacet
  facet normal 0 0 -1
    outer loop
      vertex 6.16388 7.325 3.18
      vertex 3.86891 8.65 3.18
      vertex 4.12326 9.03066 3.18
    endloop
  endfacet
  facet normal 0 0 -1
    outer loop
      vertex 3.42994 6.44316 3.18
      vertex 6.05727 6.78905 3.18
      vertex 3.51926 5.99413 3.18
    endloop
  endfacet
  facet normal 0 0 -1
    outer loop
      vertex 6.1147 7.22528 3.18
      vertex 3.66642 8.23939 3.18
      vertex 3.86891 8.65 3.18
    endloop
  endfacet
  facet normal -0 0 -1
    outer loop
      vertex 6.05727 6.78905 3.18
      vertex 3.42994 6.44316 3.18
      vertex 6.05 6.9 3.18
    endloop
  endfacet
  facet normal 0 0 -1
    outer loop
      vertex 6.07896 7.12 3.18
      vertex 3.51926 7.80587 3.18
      vertex 3.66642 8.23939 3.18
    endloop
  endfacet
  facet normal 0 0 -1
    outer loop
      vertex 3.4 6.9 3.18
      vertex 6.05 6.9 3.18
      vertex 3.42994 6.44316 3.18
    endloop
  endfacet
  facet normal 0 0 -1
    outer loop
      vertex 6.05727 7.01095 3.18
      vertex 3.42994 7.35684 3.18
      vertex 3.51926 7.80587 3.18
    endloop
  endfacet
  facet normal 0 0 -1
    outer loop
      vertex 6.05 6.9 3.18
      vertex 3.4 6.9 3.18
      vertex 3.42994 7.35684 3.18
    endloop
  endfacet
  facet normal 0.659353 -0.751833 0
    outer loop
      vertex 9.03066 4.12326 3.18
      vertex 9.37487 4.42513 3.2
      vertex 9.03066 4.12326 3.2
    endloop
  endfacet
  facet normal 0.659353 -0.751833 0
    outer loop
      vertex 9.37487 4.42513 3.2
      vertex 9.03066 4.12326 3.18
      vertex 9.37487 4.42513 3.18
    endloop
  endfacet
  facet normal 0.659353 -0.751833 0
    outer loop
      vertex 9.03066 4.12326 4.6
      vertex 9.37487 4.42513 19.8
      vertex 9.03066 4.12326 19.8
    endloop
  endfacet
  facet normal 0.659353 -0.751833 0
    outer loop
      vertex 9.37487 4.42513 19.8
      vertex 9.03066 4.12326 4.6
      vertex 9.37487 4.42513 4.6
    endloop
  endfacet
  facet normal -0.896873 -0.442288 0
    outer loop
      vertex 3.86891 5.15 3.18
      vertex 3.66642 5.56061 3.2
      vertex 3.66642 5.56061 3.18
    endloop
  endfacet
  facet normal -0.896873 -0.442288 0
    outer loop
      vertex 3.66642 5.56061 3.2
      vertex 3.86891 5.15 3.18
      vertex 3.86891 5.15 3.2
    endloop
  endfacet
  facet normal -0.896873 -0.442288 0
    outer loop
      vertex 3.86891 5.15 4.6
      vertex 3.66642 5.56061 19.8
      vertex 3.66642 5.56061 4.6
    endloop
  endfacet
  facet normal -0.896873 -0.442288 0
    outer loop
      vertex 3.66642 5.56061 19.8
      vertex 3.86891 5.15 4.6
      vertex 3.86891 5.15 19.8
    endloop
  endfacet
  facet normal 0.896856 -0.442323 0
    outer loop
      vertex 9.93109 5.15 19.8
      vertex 10.1336 5.56061 4.6
      vertex 10.1336 5.56061 19.8
    endloop
  endfacet
  facet normal 0.896856 -0.442323 0
    outer loop
      vertex 10.1336 5.56061 4.6
      vertex 9.93109 5.15 19.8
      vertex 9.93109 5.15 4.6
    endloop
  endfacet
  facet normal 0.896856 -0.442323 0
    outer loop
      vertex 9.93109 5.15 3.2
      vertex 10.1336 5.56061 3.18
      vertex 10.1336 5.56061 3.2
    endloop
  endfacet
  facet normal 0.896856 -0.442323 0
    outer loop
      vertex 10.1336 5.56061 3.18
      vertex 9.93109 5.15 3.2
      vertex 9.93109 5.15 3.18
    endloop
  endfacet
  facet normal 0.659353 0.751833 -0
    outer loop
      vertex 9.37487 9.37487 3.18
      vertex 9.03066 9.67674 3.2
      vertex 9.37487 9.37487 3.2
    endloop
  endfacet
  facet normal 0.659353 0.751833 0
    outer loop
      vertex 9.03066 9.67674 3.2
      vertex 9.37487 9.37487 3.18
      vertex 9.03066 9.67674 3.18
    endloop
  endfacet
  facet normal 0.659353 0.751833 -0
    outer loop
      vertex 9.37487 9.37487 4.6
      vertex 9.03066 9.67674 19.8
      vertex 9.37487 9.37487 19.8
    endloop
  endfacet
  facet normal 0.659353 0.751833 0
    outer loop
      vertex 9.03066 9.67674 19.8
      vertex 9.37487 9.37487 4.6
      vertex 9.03066 9.67674 4.6
    endloop
  endfacet
  facet normal 0.997865 -0.0653099 0
    outer loop
      vertex 10.3701 6.44316 3.2
      vertex 10.4 6.9 3.18
      vertex 10.4 6.9 3.2
    endloop
  endfacet
  facet normal 0.997865 -0.0653099 0
    outer loop
      vertex 10.4 6.9 3.18
      vertex 10.3701 6.44316 3.2
      vertex 10.3701 6.44316 3.18
    endloop
  endfacet
  facet normal 0.997865 -0.0653099 0
    outer loop
      vertex 10.3701 6.44316 19.8
      vertex 10.4 6.9 4.6
      vertex 10.4 6.9 19.8
    endloop
  endfacet
  facet normal 0.997865 -0.0653099 0
    outer loop
      vertex 10.4 6.9 4.6
      vertex 10.3701 6.44316 19.8
      vertex 10.3701 6.44316 4.6
    endloop
  endfacet
  facet normal -0.555572 -0.831468 0
    outer loop
      vertex 4.76934 4.12326 3.18
      vertex 5.15 3.86891 3.2
      vertex 4.76934 4.12326 3.2
    endloop
  endfacet
  facet normal -0.555572 -0.831468 -0
    outer loop
      vertex 5.15 3.86891 3.2
      vertex 4.76934 4.12326 3.18
      vertex 5.15 3.86891 3.18
    endloop
  endfacet
  facet normal -0.555572 -0.831468 0
    outer loop
      vertex 4.76934 4.12326 4.6
      vertex 5.15 3.86891 19.8
      vertex 4.76934 4.12326 19.8
    endloop
  endfacet
  facet normal -0.555572 -0.831468 -0
    outer loop
      vertex 5.15 3.86891 19.8
      vertex 4.76934 4.12326 4.6
      vertex 5.15 3.86891 4.6
    endloop
  endfacet
  facet normal 0.896856 0.442323 0
    outer loop
      vertex 10.1336 8.23939 3.2
      vertex 9.93109 8.65 3.18
      vertex 9.93109 8.65 3.2
    endloop
  endfacet
  facet normal 0.896856 0.442323 0
    outer loop
      vertex 9.93109 8.65 3.18
      vertex 10.1336 8.23939 3.2
      vertex 10.1336 8.23939 3.18
    endloop
  endfacet
  facet normal 0.896856 0.442323 0
    outer loop
      vertex 10.1336 8.23939 19.8
      vertex 9.93109 8.65 4.6
      vertex 9.93109 8.65 19.8
    endloop
  endfacet
  facet normal 0.896856 0.442323 0
    outer loop
      vertex 9.93109 8.65 4.6
      vertex 10.1336 8.23939 19.8
      vertex 10.1336 8.23939 4.6
    endloop
  endfacet
  facet normal 0.980751 -0.195263 0
    outer loop
      vertex 10.2807 5.99413 3.2
      vertex 10.3701 6.44316 3.18
      vertex 10.3701 6.44316 3.2
    endloop
  endfacet
  facet normal 0.980751 -0.195263 0
    outer loop
      vertex 10.3701 6.44316 3.18
      vertex 10.2807 5.99413 3.2
      vertex 10.2807 5.99413 3.18
    endloop
  endfacet
  facet normal 0.980751 -0.195263 0
    outer loop
      vertex 10.2807 5.99413 19.8
      vertex 10.3701 6.44316 4.6
      vertex 10.3701 6.44316 19.8
    endloop
  endfacet
  facet normal 0.980751 -0.195263 0
    outer loop
      vertex 10.3701 6.44316 4.6
      vertex 10.2807 5.99413 19.8
      vertex 10.2807 5.99413 4.6
    endloop
  endfacet
  facet normal 0.94697 0.321322 0
    outer loop
      vertex 10.2807 7.80587 3.2
      vertex 10.1336 8.23939 3.18
      vertex 10.1336 8.23939 3.2
    endloop
  endfacet
  facet normal 0.94697 0.321322 0
    outer loop
      vertex 10.1336 8.23939 3.18
      vertex 10.2807 7.80587 3.2
      vertex 10.2807 7.80587 3.18
    endloop
  endfacet
  facet normal 0.94697 0.321322 0
    outer loop
      vertex 10.2807 7.80587 19.8
      vertex 10.1336 8.23939 4.6
      vertex 10.1336 8.23939 19.8
    endloop
  endfacet
  facet normal 0.94697 0.321322 0
    outer loop
      vertex 10.1336 8.23939 4.6
      vertex 10.2807 7.80587 19.8
      vertex 10.2807 7.80587 4.6
    endloop
  endfacet
  facet normal -0.980784 -0.195095 0
    outer loop
      vertex 3.51926 5.99413 3.18
      vertex 3.42994 6.44316 3.2
      vertex 3.42994 6.44316 3.18
    endloop
  endfacet
  facet normal -0.980784 -0.195095 0
    outer loop
      vertex 3.42994 6.44316 3.2
      vertex 3.51926 5.99413 3.18
      vertex 3.51926 5.99413 3.2
    endloop
  endfacet
  facet normal -0.980784 -0.195095 0
    outer loop
      vertex 3.51926 5.99413 4.6
      vertex 3.42994 6.44316 19.8
      vertex 3.42994 6.44316 4.6
    endloop
  endfacet
  facet normal -0.980784 -0.195095 0
    outer loop
      vertex 3.42994 6.44316 19.8
      vertex 3.51926 5.99413 4.6
      vertex 3.51926 5.99413 19.8
    endloop
  endfacet
  facet normal -0.751833 -0.659353 0
    outer loop
      vertex 4.42513 4.42513 4.6
      vertex 4.12326 4.76934 19.8
      vertex 4.12326 4.76934 4.6
    endloop
  endfacet
  facet normal -0.751833 -0.659353 0
    outer loop
      vertex 4.12326 4.76934 19.8
      vertex 4.42513 4.42513 4.6
      vertex 4.42513 4.42513 19.8
    endloop
  endfacet
  facet normal -0.751833 -0.659353 0
    outer loop
      vertex 4.42513 4.42513 3.18
      vertex 4.12326 4.76934 3.2
      vertex 4.12326 4.76934 3.18
    endloop
  endfacet
  facet normal -0.751833 -0.659353 0
    outer loop
      vertex 4.12326 4.76934 3.2
      vertex 4.42513 4.42513 3.18
      vertex 4.42513 4.42513 3.2
    endloop
  endfacet
  facet normal 0 0 1
    outer loop
      vertex 7.75 6.9 19.8
      vertex 10.4 6.9 19.8
      vertex 10.3701 7.35684 19.8
    endloop
  endfacet
  facet normal 0 0 1
    outer loop
      vertex 7.74273 7.01095 19.8
      vertex 10.3701 7.35684 19.8
      vertex 10.2807 7.80587 19.8
    endloop
  endfacet
  facet normal 0 0 1
    outer loop
      vertex 10.4 6.9 19.8
      vertex 7.75 6.9 19.8
      vertex 10.3701 6.44316 19.8
    endloop
  endfacet
  facet normal 0 0 1
    outer loop
      vertex 7.72104 7.12 19.8
      vertex 10.2807 7.80587 19.8
      vertex 10.1336 8.23939 19.8
    endloop
  endfacet
  facet normal -0 0 1
    outer loop
      vertex 7.74273 6.78905 19.8
      vertex 10.3701 6.44316 19.8
      vertex 7.75 6.9 19.8
    endloop
  endfacet
  facet normal 0 0 1
    outer loop
      vertex 7.6853 7.22528 19.8
      vertex 10.1336 8.23939 19.8
      vertex 9.93109 8.65 19.8
    endloop
  endfacet
  facet normal 0 0 1
    outer loop
      vertex 10.3701 6.44316 19.8
      vertex 7.74273 6.78905 19.8
      vertex 10.2807 5.99413 19.8
    endloop
  endfacet
  facet normal 0 0 1
    outer loop
      vertex 7.63612 7.325 19.8
      vertex 9.93109 8.65 19.8
      vertex 9.67674 9.03066 19.8
    endloop
  endfacet
  facet normal -0 0 1
    outer loop
      vertex 7.72104 6.68 19.8
      vertex 10.2807 5.99413 19.8
      vertex 7.74273 6.78905 19.8
    endloop
  endfacet
  facet normal 0 0 1
    outer loop
      vertex 7.57435 7.41745 19.8
      vertex 9.67674 9.03066 19.8
      vertex 9.37487 9.37487 19.8
    endloop
  endfacet
  facet normal 0 0 1
    outer loop
      vertex 10.2807 5.99413 19.8
      vertex 7.72104 6.68 19.8
      vertex 10.1336 5.56061 19.8
    endloop
  endfacet
  facet normal 0 0 1
    outer loop
      vertex 7.50104 7.50104 19.8
      vertex 9.37487 9.37487 19.8
      vertex 9.03066 9.67674 19.8
    endloop
  endfacet
  facet normal -0 0 1
    outer loop
      vertex 7.6853 6.57472 19.8
      vertex 10.1336 5.56061 19.8
      vertex 7.72104 6.68 19.8
    endloop
  endfacet
  facet normal 0 0 1
    outer loop
      vertex 7.41745 7.57435 19.8
      vertex 9.03066 9.67674 19.8
      vertex 8.65 9.93109 19.8
    endloop
  endfacet
  facet normal 0 0 1
    outer loop
      vertex 10.1336 5.56061 19.8
      vertex 7.6853 6.57472 19.8
      vertex 9.93109 5.15 19.8
    endloop
  endfacet
  facet normal 0 0 1
    outer loop
      vertex 7.325 7.63612 19.8
      vertex 8.65 9.93109 19.8
      vertex 8.23939 10.1336 19.8
    endloop
  endfacet
  facet normal -0 0 1
    outer loop
      vertex 7.63612 6.475 19.8
      vertex 9.93109 5.15 19.8
      vertex 7.6853 6.57472 19.8
    endloop
  endfacet
  facet normal 0 0 1
    outer loop
      vertex 7.22528 7.6853 19.8
      vertex 8.23939 10.1336 19.8
      vertex 7.80587 10.2807 19.8
    endloop
  endfacet
  facet normal 0 0 1
    outer loop
      vertex 9.93109 5.15 19.8
      vertex 7.63612 6.475 19.8
      vertex 9.67674 4.76934 19.8
    endloop
  endfacet
  facet normal -0 0 1
    outer loop
      vertex 7.57435 6.38255 19.8
      vertex 9.67674 4.76934 19.8
      vertex 7.63612 6.475 19.8
    endloop
  endfacet
  facet normal 0 0 1
    outer loop
      vertex 10.3701 7.35684 19.8
      vertex 7.74273 7.01095 19.8
      vertex 7.75 6.9 19.8
    endloop
  endfacet
  facet normal 0 0 1
    outer loop
      vertex 10.2807 7.80587 19.8
      vertex 7.72104 7.12 19.8
      vertex 7.74273 7.01095 19.8
    endloop
  endfacet
  facet normal 0 0 1
    outer loop
      vertex 10.1336 8.23939 19.8
      vertex 7.6853 7.22528 19.8
      vertex 7.72104 7.12 19.8
    endloop
  endfacet
  facet normal 0 0 1
    outer loop
      vertex 9.93109 8.65 19.8
      vertex 7.63612 7.325 19.8
      vertex 7.6853 7.22528 19.8
    endloop
  endfacet
  facet normal 0 0 1
    outer loop
      vertex 9.67674 9.03066 19.8
      vertex 7.57435 7.41745 19.8
      vertex 7.63612 7.325 19.8
    endloop
  endfacet
  facet normal 0 0 1
    outer loop
      vertex 9.37487 9.37487 19.8
      vertex 7.50104 7.50104 19.8
      vertex 7.57435 7.41745 19.8
    endloop
  endfacet
  facet normal 0 0 1
    outer loop
      vertex 9.03066 9.67674 19.8
      vertex 7.41745 7.57435 19.8
      vertex 7.50104 7.50104 19.8
    endloop
  endfacet
  facet normal 0 0 1
    outer loop
      vertex 7.12 7.72104 19.8
      vertex 7.80587 10.2807 19.8
      vertex 7.35684 10.3701 19.8
    endloop
  endfacet
  facet normal 0 0 1
    outer loop
      vertex 8.65 9.93109 19.8
      vertex 7.325 7.63612 19.8
      vertex 7.41745 7.57435 19.8
    endloop
  endfacet
  facet normal 0 0 1
    outer loop
      vertex 8.23939 10.1336 19.8
      vertex 7.22528 7.6853 19.8
      vertex 7.325 7.63612 19.8
    endloop
  endfacet
  facet normal 0 0 1
    outer loop
      vertex 7.80587 10.2807 19.8
      vertex 7.12 7.72104 19.8
      vertex 7.22528 7.6853 19.8
    endloop
  endfacet
  facet normal 0 0 1
    outer loop
      vertex 7.35684 10.3701 19.8
      vertex 7.01095 7.74273 19.8
      vertex 7.12 7.72104 19.8
    endloop
  endfacet
  facet normal 0 0 1
    outer loop
      vertex 6.9 10.4 19.8
      vertex 7.01095 7.74273 19.8
      vertex 7.35684 10.3701 19.8
    endloop
  endfacet
  facet normal 0 0 1
    outer loop
      vertex 6.9 10.4 19.8
      vertex 6.9 7.75 19.8
      vertex 7.01095 7.74273 19.8
    endloop
  endfacet
  facet normal 0 0 1
    outer loop
      vertex 6.9 10.4 19.8
      vertex 6.78905 7.74273 19.8
      vertex 6.9 7.75 19.8
    endloop
  endfacet
  facet normal -0 0 1
    outer loop
      vertex 6.44316 10.3701 19.8
      vertex 6.78905 7.74273 19.8
      vertex 6.9 10.4 19.8
    endloop
  endfacet
  facet normal 0 0 1
    outer loop
      vertex 6.78905 7.74273 19.8
      vertex 6.44316 10.3701 19.8
      vertex 6.68 7.72104 19.8
    endloop
  endfacet
  facet normal -0 0 1
    outer loop
      vertex 5.99413 10.2807 19.8
      vertex 6.68 7.72104 19.8
      vertex 6.44316 10.3701 19.8
    endloop
  endfacet
  facet normal 0 0 1
    outer loop
      vertex 6.68 7.72104 19.8
      vertex 5.99413 10.2807 19.8
      vertex 6.57472 7.6853 19.8
    endloop
  endfacet
  facet normal -0 0 1
    outer loop
      vertex 5.56061 10.1336 19.8
      vertex 6.57472 7.6853 19.8
      vertex 5.99413 10.2807 19.8
    endloop
  endfacet
  facet normal 0 0 1
    outer loop
      vertex 6.57472 7.6853 19.8
      vertex 5.56061 10.1336 19.8
      vertex 6.475 7.63612 19.8
    endloop
  endfacet
  facet normal -0 0 1
    outer loop
      vertex 5.15 9.93109 19.8
      vertex 6.475 7.63612 19.8
      vertex 5.56061 10.1336 19.8
    endloop
  endfacet
  facet normal 0 0 1
    outer loop
      vertex 6.475 7.63612 19.8
      vertex 5.15 9.93109 19.8
      vertex 6.38255 7.57435 19.8
    endloop
  endfacet
  facet normal -0 0 1
    outer loop
      vertex 4.76934 9.67674 19.8
      vertex 6.38255 7.57435 19.8
      vertex 5.15 9.93109 19.8
    endloop
  endfacet
  facet normal 0 0 1
    outer loop
      vertex 6.38255 7.57435 19.8
      vertex 4.76934 9.67674 19.8
      vertex 6.29896 7.50104 19.8
    endloop
  endfacet
  facet normal -0 0 1
    outer loop
      vertex 4.42513 9.37487 19.8
      vertex 6.29896 7.50104 19.8
      vertex 4.76934 9.67674 19.8
    endloop
  endfacet
  facet normal -0 0 1
    outer loop
      vertex 4.12326 9.03066 19.8
      vertex 6.22565 7.41745 19.8
      vertex 4.42513 9.37487 19.8
    endloop
  endfacet
  facet normal 0 0 1
    outer loop
      vertex 6.29896 7.50104 19.8
      vertex 4.42513 9.37487 19.8
      vertex 6.22565 7.41745 19.8
    endloop
  endfacet
  facet normal 0 0 1
    outer loop
      vertex 9.67674 4.76934 19.8
      vertex 7.57435 6.38255 19.8
      vertex 9.37487 4.42513 19.8
    endloop
  endfacet
  facet normal -0 0 1
    outer loop
      vertex 7.50104 6.29896 19.8
      vertex 9.37487 4.42513 19.8
      vertex 7.57435 6.38255 19.8
    endloop
  endfacet
  facet normal 0 0 1
    outer loop
      vertex 9.37487 4.42513 19.8
      vertex 7.50104 6.29896 19.8
      vertex 9.03066 4.12326 19.8
    endloop
  endfacet
  facet normal -0 0 1
    outer loop
      vertex 7.41745 6.22565 19.8
      vertex 9.03066 4.12326 19.8
      vertex 7.50104 6.29896 19.8
    endloop
  endfacet
  facet normal 0 0 1
    outer loop
      vertex 9.03066 4.12326 19.8
      vertex 7.41745 6.22565 19.8
      vertex 8.65 3.86891 19.8
    endloop
  endfacet
  facet normal -0 0 1
    outer loop
      vertex 7.325 6.16388 19.8
      vertex 8.65 3.86891 19.8
      vertex 7.41745 6.22565 19.8
    endloop
  endfacet
  facet normal 0 0 1
    outer loop
      vertex 8.65 3.86891 19.8
      vertex 7.325 6.16388 19.8
      vertex 8.23939 3.66642 19.8
    endloop
  endfacet
  facet normal -0 0 1
    outer loop
      vertex 7.22528 6.1147 19.8
      vertex 8.23939 3.66642 19.8
      vertex 7.325 6.16388 19.8
    endloop
  endfacet
  facet normal 0 0 1
    outer loop
      vertex 8.23939 3.66642 19.8
      vertex 7.22528 6.1147 19.8
      vertex 7.80587 3.51926 19.8
    endloop
  endfacet
  facet normal -0 0 1
    outer loop
      vertex 7.12 6.07896 19.8
      vertex 7.80587 3.51926 19.8
      vertex 7.22528 6.1147 19.8
    endloop
  endfacet
  facet normal 0 0 1
    outer loop
      vertex 7.80587 3.51926 19.8
      vertex 7.12 6.07896 19.8
      vertex 7.35684 3.42994 19.8
    endloop
  endfacet
  facet normal -0 0 1
    outer loop
      vertex 7.01095 6.05727 19.8
      vertex 7.35684 3.42994 19.8
      vertex 7.12 6.07896 19.8
    endloop
  endfacet
  facet normal -0 0 1
    outer loop
      vertex 6.9 6.05 19.8
      vertex 7.35684 3.42994 19.8
      vertex 7.01095 6.05727 19.8
    endloop
  endfacet
  facet normal 0 0 1
    outer loop
      vertex 6.9 6.05 19.8
      vertex 6.9 3.4 19.8
      vertex 7.35684 3.42994 19.8
    endloop
  endfacet
  facet normal 0 0 1
    outer loop
      vertex 6.78905 6.05727 19.8
      vertex 6.9 3.4 19.8
      vertex 6.9 6.05 19.8
    endloop
  endfacet
  facet normal 0 0 1
    outer loop
      vertex 6.44316 3.42994 19.8
      vertex 6.78905 6.05727 19.8
      vertex 6.68 6.07896 19.8
    endloop
  endfacet
  facet normal 0 0 1
    outer loop
      vertex 5.99413 3.51926 19.8
      vertex 6.68 6.07896 19.8
      vertex 6.57472 6.1147 19.8
    endloop
  endfacet
  facet normal 0 0 1
    outer loop
      vertex 5.56061 3.66642 19.8
      vertex 6.57472 6.1147 19.8
      vertex 6.475 6.16388 19.8
    endloop
  endfacet
  facet normal 0 0 1
    outer loop
      vertex 6.78905 6.05727 19.8
      vertex 6.44316 3.42994 19.8
      vertex 6.9 3.4 19.8
    endloop
  endfacet
  facet normal 0 0 1
    outer loop
      vertex 5.15 3.86891 19.8
      vertex 6.475 6.16388 19.8
      vertex 6.38255 6.22565 19.8
    endloop
  endfacet
  facet normal 0 0 1
    outer loop
      vertex 4.76934 4.12326 19.8
      vertex 6.38255 6.22565 19.8
      vertex 6.29896 6.29896 19.8
    endloop
  endfacet
  facet normal 0 0 1
    outer loop
      vertex 4.42513 4.42513 19.8
      vertex 6.29896 6.29896 19.8
      vertex 6.22565 6.38255 19.8
    endloop
  endfacet
  facet normal 0 0 1
    outer loop
      vertex 4.12326 4.76934 19.8
      vertex 6.22565 6.38255 19.8
      vertex 6.16388 6.475 19.8
    endloop
  endfacet
  facet normal 0 0 1
    outer loop
      vertex 3.86891 5.15 19.8
      vertex 6.16388 6.475 19.8
      vertex 6.1147 6.57472 19.8
    endloop
  endfacet
  facet normal 0 0 1
    outer loop
      vertex 3.66642 5.56061 19.8
      vertex 6.1147 6.57472 19.8
      vertex 6.07896 6.68 19.8
    endloop
  endfacet
  facet normal 0 0 1
    outer loop
      vertex 3.51926 5.99413 19.8
      vertex 6.07896 6.68 19.8
      vertex 6.05727 6.78905 19.8
    endloop
  endfacet
  facet normal 0 0 1
    outer loop
      vertex 6.68 6.07896 19.8
      vertex 5.99413 3.51926 19.8
      vertex 6.44316 3.42994 19.8
    endloop
  endfacet
  facet normal 0 0 1
    outer loop
      vertex 3.42994 6.44316 19.8
      vertex 6.05727 6.78905 19.8
      vertex 6.05 6.9 19.8
    endloop
  endfacet
  facet normal 0 0 1
    outer loop
      vertex 6.22565 7.41745 19.8
      vertex 4.12326 9.03066 19.8
      vertex 6.16388 7.325 19.8
    endloop
  endfacet
  facet normal -0 0 1
    outer loop
      vertex 3.86891 8.65 19.8
      vertex 6.16388 7.325 19.8
      vertex 4.12326 9.03066 19.8
    endloop
  endfacet
  facet normal 0 0 1
    outer loop
      vertex 6.57472 6.1147 19.8
      vertex 5.56061 3.66642 19.8
      vertex 5.99413 3.51926 19.8
    endloop
  endfacet
  facet normal 0 0 1
    outer loop
      vertex 6.16388 7.325 19.8
      vertex 3.86891 8.65 19.8
      vertex 6.1147 7.22528 19.8
    endloop
  endfacet
  facet normal 0 0 1
    outer loop
      vertex 6.475 6.16388 19.8
      vertex 5.15 3.86891 19.8
      vertex 5.56061 3.66642 19.8
    endloop
  endfacet
  facet normal -0 0 1
    outer loop
      vertex 3.66642 8.23939 19.8
      vertex 6.1147 7.22528 19.8
      vertex 3.86891 8.65 19.8
    endloop
  endfacet
  facet normal 0 0 1
    outer loop
      vertex 6.38255 6.22565 19.8
      vertex 4.76934 4.12326 19.8
      vertex 5.15 3.86891 19.8
    endloop
  endfacet
  facet normal 0 0 1
    outer loop
      vertex 6.1147 7.22528 19.8
      vertex 3.66642 8.23939 19.8
      vertex 6.07896 7.12 19.8
    endloop
  endfacet
  facet normal 0 0 1
    outer loop
      vertex 6.29896 6.29896 19.8
      vertex 4.42513 4.42513 19.8
      vertex 4.76934 4.12326 19.8
    endloop
  endfacet
  facet normal -0 0 1
    outer loop
      vertex 3.51926 7.80587 19.8
      vertex 6.07896 7.12 19.8
      vertex 3.66642 8.23939 19.8
    endloop
  endfacet
  facet normal 0 0 1
    outer loop
      vertex 6.22565 6.38255 19.8
      vertex 4.12326 4.76934 19.8
      vertex 4.42513 4.42513 19.8
    endloop
  endfacet
  facet normal 0 0 1
    outer loop
      vertex 6.07896 7.12 19.8
      vertex 3.51926 7.80587 19.8
      vertex 6.05727 7.01095 19.8
    endloop
  endfacet
  facet normal 0 0 1
    outer loop
      vertex 6.16388 6.475 19.8
      vertex 3.86891 5.15 19.8
      vertex 4.12326 4.76934 19.8
    endloop
  endfacet
  facet normal -0 0 1
    outer loop
      vertex 3.42994 7.35684 19.8
      vertex 6.05727 7.01095 19.8
      vertex 3.51926 7.80587 19.8
    endloop
  endfacet
  facet normal 0 0 1
    outer loop
      vertex 6.1147 6.57472 19.8
      vertex 3.66642 5.56061 19.8
      vertex 3.86891 5.15 19.8
    endloop
  endfacet
  facet normal 0 0 1
    outer loop
      vertex 6.05727 7.01095 19.8
      vertex 3.42994 7.35684 19.8
      vertex 6.05 6.9 19.8
    endloop
  endfacet
  facet normal 0 0 1
    outer loop
      vertex 6.07896 6.68 19.8
      vertex 3.51926 5.99413 19.8
      vertex 3.66642 5.56061 19.8
    endloop
  endfacet
  facet normal 0 0 1
    outer loop
      vertex 3.4 6.9 19.8
      vertex 6.05 6.9 19.8
      vertex 3.42994 7.35684 19.8
    endloop
  endfacet
  facet normal 0 0 1
    outer loop
      vertex 6.05727 6.78905 19.8
      vertex 3.42994 6.44316 19.8
      vertex 3.51926 5.99413 19.8
    endloop
  endfacet
  facet normal 0 0 1
    outer loop
      vertex 6.05 6.9 19.8
      vertex 3.4 6.9 19.8
      vertex 3.42994 6.44316 19.8
    endloop
  endfacet
  facet normal -0.195095 -0.980784 0
    outer loop
      vertex 5.99413 3.51926 4.6
      vertex 6.44316 3.42994 19.8
      vertex 5.99413 3.51926 19.8
    endloop
  endfacet
  facet normal -0.195095 -0.980784 -0
    outer loop
      vertex 6.44316 3.42994 19.8
      vertex 5.99413 3.51926 4.6
      vertex 6.44316 3.42994 4.6
    endloop
  endfacet
  facet normal -0.195095 -0.980784 0
    outer loop
      vertex 5.99413 3.51926 3.18
      vertex 6.44316 3.42994 3.2
      vertex 5.99413 3.51926 3.2
    endloop
  endfacet
  facet normal -0.195095 -0.980784 -0
    outer loop
      vertex 6.44316 3.42994 3.2
      vertex 5.99413 3.51926 3.18
      vertex 6.44316 3.42994 3.18
    endloop
  endfacet
  facet normal -0.831468 0.555572 0
    outer loop
      vertex 3.86891 8.65 3.18
      vertex 4.12326 9.03066 3.2
      vertex 4.12326 9.03066 3.18
    endloop
  endfacet
  facet normal -0.831468 0.555572 0
    outer loop
      vertex 4.12326 9.03066 3.2
      vertex 3.86891 8.65 3.18
      vertex 3.86891 8.65 3.2
    endloop
  endfacet
  facet normal -0.831468 0.555572 0
    outer loop
      vertex 3.86891 8.65 4.6
      vertex 4.12326 9.03066 19.8
      vertex 4.12326 9.03066 4.6
    endloop
  endfacet
  facet normal -0.831468 0.555572 0
    outer loop
      vertex 4.12326 9.03066 19.8
      vertex 3.86891 8.65 4.6
      vertex 3.86891 8.65 19.8
    endloop
  endfacet
  facet normal -0.0653969 -0.997859 0
    outer loop
      vertex 6.44316 3.42994 4.6
      vertex 6.9 3.4 19.8
      vertex 6.44316 3.42994 19.8
    endloop
  endfacet
  facet normal -0.0653969 -0.997859 -0
    outer loop
      vertex 6.9 3.4 19.8
      vertex 6.44316 3.42994 4.6
      vertex 6.9 3.4 4.6
    endloop
  endfacet
  facet normal -0.0653969 -0.997859 0
    outer loop
      vertex 6.44316 3.42994 3.18
      vertex 6.9 3.4 3.2
      vertex 6.44316 3.42994 3.2
    endloop
  endfacet
  facet normal -0.0653969 -0.997859 -0
    outer loop
      vertex 6.9 3.4 3.2
      vertex 6.44316 3.42994 3.18
      vertex 6.9 3.4 3.18
    endloop
  endfacet
  facet normal -0.195078 -0.980788 0
    outer loop
      vertex 7.01095 7.74273 4.6
      vertex 7.12 7.72104 19.8
      vertex 7.01095 7.74273 19.8
    endloop
  endfacet
  facet normal -0.195078 -0.980788 -0
    outer loop
      vertex 7.12 7.72104 19.8
      vertex 7.01095 7.74273 4.6
      vertex 7.12 7.72104 4.6
    endloop
  endfacet
  facet normal -0.195078 -0.980788 0
    outer loop
      vertex 7.01095 7.74273 3.18
      vertex 7.12 7.72104 3.2
      vertex 7.01095 7.74273 3.2
    endloop
  endfacet
  facet normal -0.195078 -0.980788 -0
    outer loop
      vertex 7.12 7.72104 3.2
      vertex 7.01095 7.74273 3.18
      vertex 7.12 7.72104 3.18
    endloop
  endfacet
  facet normal -0.980788 -0.195078 0
    outer loop
      vertex 7.74273 7.01095 4.6
      vertex 7.72104 7.12 19.8
      vertex 7.72104 7.12 4.6
    endloop
  endfacet
  facet normal -0.980788 -0.195078 0
    outer loop
      vertex 7.72104 7.12 19.8
      vertex 7.74273 7.01095 4.6
      vertex 7.74273 7.01095 19.8
    endloop
  endfacet
  facet normal -0.980788 -0.195078 0
    outer loop
      vertex 7.74273 7.01095 3.18
      vertex 7.72104 7.12 3.2
      vertex 7.72104 7.12 3.18
    endloop
  endfacet
  facet normal -0.980788 -0.195078 0
    outer loop
      vertex 7.72104 7.12 3.2
      vertex 7.74273 7.01095 3.18
      vertex 7.74273 7.01095 3.2
    endloop
  endfacet
  facet normal -0.99786 -0.0653848 0
    outer loop
      vertex 7.75 6.9 4.6
      vertex 7.74273 7.01095 19.8
      vertex 7.74273 7.01095 4.6
    endloop
  endfacet
  facet normal -0.99786 -0.0653848 0
    outer loop
      vertex 7.74273 7.01095 19.8
      vertex 7.75 6.9 4.6
      vertex 7.75 6.9 19.8
    endloop
  endfacet
  facet normal -0.99786 -0.0653848 0
    outer loop
      vertex 7.75 6.9 3.18
      vertex 7.74273 7.01095 3.2
      vertex 7.74273 7.01095 3.18
    endloop
  endfacet
  facet normal -0.99786 -0.0653848 0
    outer loop
      vertex 7.74273 7.01095 3.2
      vertex 7.75 6.9 3.18
      vertex 7.75 6.9 3.2
    endloop
  endfacet
  facet normal -0.946924 -0.321458 0
    outer loop
      vertex 7.72104 7.12 4.6
      vertex 7.6853 7.22528 19.8
      vertex 7.6853 7.22528 4.6
    endloop
  endfacet
  facet normal -0.946924 -0.321458 0
    outer loop
      vertex 7.6853 7.22528 19.8
      vertex 7.72104 7.12 4.6
      vertex 7.72104 7.12 19.8
    endloop
  endfacet
  facet normal -0.946924 -0.321458 0
    outer loop
      vertex 7.72104 7.12 3.18
      vertex 7.6853 7.22528 3.2
      vertex 7.6853 7.22528 3.18
    endloop
  endfacet
  facet normal -0.946924 -0.321458 0
    outer loop
      vertex 7.6853 7.22528 3.2
      vertex 7.72104 7.12 3.18
      vertex 7.72104 7.12 3.2
    endloop
  endfacet
  facet normal -0.831483 -0.555551 0
    outer loop
      vertex 7.63612 7.325 4.6
      vertex 7.57435 7.41745 19.8
      vertex 7.57435 7.41745 4.6
    endloop
  endfacet
  facet normal -0.831483 -0.555551 0
    outer loop
      vertex 7.57435 7.41745 19.8
      vertex 7.63612 7.325 4.6
      vertex 7.63612 7.325 19.8
    endloop
  endfacet
  facet normal -0.831483 -0.555551 0
    outer loop
      vertex 7.63612 7.325 3.18
      vertex 7.57435 7.41745 3.2
      vertex 7.57435 7.41745 3.18
    endloop
  endfacet
  facet normal -0.831483 -0.555551 0
    outer loop
      vertex 7.57435 7.41745 3.2
      vertex 7.63612 7.325 3.18
      vertex 7.63612 7.325 3.2
    endloop
  endfacet
  facet normal -0.321458 -0.946924 0
    outer loop
      vertex 7.12 7.72104 4.6
      vertex 7.22528 7.6853 19.8
      vertex 7.12 7.72104 19.8
    endloop
  endfacet
  facet normal -0.321458 -0.946924 -0
    outer loop
      vertex 7.22528 7.6853 19.8
      vertex 7.12 7.72104 4.6
      vertex 7.22528 7.6853 4.6
    endloop
  endfacet
  facet normal -0.321458 -0.946924 0
    outer loop
      vertex 7.12 7.72104 3.18
      vertex 7.22528 7.6853 3.2
      vertex 7.12 7.72104 3.2
    endloop
  endfacet
  facet normal -0.321458 -0.946924 -0
    outer loop
      vertex 7.22528 7.6853 3.2
      vertex 7.12 7.72104 3.18
      vertex 7.22528 7.6853 3.18
    endloop
  endfacet
  facet normal 0.980788 0.195078 0
    outer loop
      vertex 6.07896 6.68 19.8
      vertex 6.05727 6.78905 4.6
      vertex 6.05727 6.78905 19.8
    endloop
  endfacet
  facet normal 0.980788 0.195078 0
    outer loop
      vertex 6.05727 6.78905 4.6
      vertex 6.07896 6.68 19.8
      vertex 6.07896 6.68 4.6
    endloop
  endfacet
  facet normal 0.980788 0.195078 0
    outer loop
      vertex 6.07896 6.68 3.2
      vertex 6.05727 6.78905 3.18
      vertex 6.05727 6.78905 3.2
    endloop
  endfacet
  facet normal 0.980788 0.195078 0
    outer loop
      vertex 6.05727 6.78905 3.18
      vertex 6.07896 6.68 3.2
      vertex 6.07896 6.68 3.18
    endloop
  endfacet
  facet normal -0.99786 0.0653848 0
    outer loop
      vertex 7.74273 6.78905 4.6
      vertex 7.75 6.9 19.8
      vertex 7.75 6.9 4.6
    endloop
  endfacet
  facet normal -0.99786 0.0653848 0
    outer loop
      vertex 7.75 6.9 19.8
      vertex 7.74273 6.78905 4.6
      vertex 7.74273 6.78905 19.8
    endloop
  endfacet
  facet normal -0.99786 0.0653848 0
    outer loop
      vertex 7.74273 6.78905 3.18
      vertex 7.75 6.9 3.2
      vertex 7.75 6.9 3.18
    endloop
  endfacet
  facet normal -0.99786 0.0653848 0
    outer loop
      vertex 7.75 6.9 3.2
      vertex 7.74273 6.78905 3.18
      vertex 7.74273 6.78905 3.2
    endloop
  endfacet
  facet normal 0.99786 0.0653848 0
    outer loop
      vertex 6.05727 6.78905 19.8
      vertex 6.05 6.9 4.6
      vertex 6.05 6.9 19.8
    endloop
  endfacet
  facet normal 0.99786 0.0653848 0
    outer loop
      vertex 6.05 6.9 4.6
      vertex 6.05727 6.78905 19.8
      vertex 6.05727 6.78905 4.6
    endloop
  endfacet
  facet normal 0.99786 0.0653848 0
    outer loop
      vertex 6.05727 6.78905 3.2
      vertex 6.05 6.9 3.18
      vertex 6.05 6.9 3.2
    endloop
  endfacet
  facet normal 0.99786 0.0653848 0
    outer loop
      vertex 6.05 6.9 3.18
      vertex 6.05727 6.78905 3.2
      vertex 6.05727 6.78905 3.18
    endloop
  endfacet
  facet normal 0.321458 0.946924 -0
    outer loop
      vertex 6.68 6.07896 4.6
      vertex 6.57472 6.1147 19.8
      vertex 6.68 6.07896 19.8
    endloop
  endfacet
  facet normal 0.321458 0.946924 0
    outer loop
      vertex 6.57472 6.1147 19.8
      vertex 6.68 6.07896 4.6
      vertex 6.57472 6.1147 4.6
    endloop
  endfacet
  facet normal 0.321458 0.946924 -0
    outer loop
      vertex 6.68 6.07896 3.18
      vertex 6.57472 6.1147 3.2
      vertex 6.68 6.07896 3.2
    endloop
  endfacet
  facet normal 0.321458 0.946924 0
    outer loop
      vertex 6.57472 6.1147 3.2
      vertex 6.68 6.07896 3.18
      vertex 6.57472 6.1147 3.18
    endloop
  endfacet
  facet normal -0.89686 -0.442314 0
    outer loop
      vertex 7.6853 7.22528 4.6
      vertex 7.63612 7.325 19.8
      vertex 7.63612 7.325 4.6
    endloop
  endfacet
  facet normal -0.89686 -0.442314 0
    outer loop
      vertex 7.63612 7.325 19.8
      vertex 7.6853 7.22528 4.6
      vertex 7.6853 7.22528 19.8
    endloop
  endfacet
  facet normal -0.89686 -0.442314 0
    outer loop
      vertex 7.6853 7.22528 3.18
      vertex 7.63612 7.325 3.2
      vertex 7.63612 7.325 3.18
    endloop
  endfacet
  facet normal -0.89686 -0.442314 0
    outer loop
      vertex 7.63612 7.325 3.2
      vertex 7.6853 7.22528 3.18
      vertex 7.6853 7.22528 3.2
    endloop
  endfacet
  facet normal -0.751824 -0.659364 0
    outer loop
      vertex 7.57435 7.41745 4.6
      vertex 7.50104 7.50104 19.8
      vertex 7.50104 7.50104 4.6
    endloop
  endfacet
  facet normal -0.751824 -0.659364 0
    outer loop
      vertex 7.50104 7.50104 19.8
      vertex 7.57435 7.41745 4.6
      vertex 7.57435 7.41745 19.8
    endloop
  endfacet
  facet normal -0.751824 -0.659364 0
    outer loop
      vertex 7.57435 7.41745 3.18
      vertex 7.50104 7.50104 3.2
      vertex 7.50104 7.50104 3.18
    endloop
  endfacet
  facet normal -0.751824 -0.659364 0
    outer loop
      vertex 7.50104 7.50104 3.2
      vertex 7.57435 7.41745 3.18
      vertex 7.57435 7.41745 3.2
    endloop
  endfacet
  facet normal -0.946924 0.321458 0
    outer loop
      vertex 7.6853 6.57472 4.6
      vertex 7.72104 6.68 19.8
      vertex 7.72104 6.68 4.6
    endloop
  endfacet
  facet normal -0.946924 0.321458 0
    outer loop
      vertex 7.72104 6.68 19.8
      vertex 7.6853 6.57472 4.6
      vertex 7.6853 6.57472 19.8
    endloop
  endfacet
  facet normal -0.946924 0.321458 0
    outer loop
      vertex 7.6853 6.57472 3.18
      vertex 7.72104 6.68 3.2
      vertex 7.72104 6.68 3.18
    endloop
  endfacet
  facet normal -0.946924 0.321458 0
    outer loop
      vertex 7.72104 6.68 3.2
      vertex 7.6853 6.57472 3.18
      vertex 7.6853 6.57472 3.2
    endloop
  endfacet
  facet normal 0.751824 0.659364 0
    outer loop
      vertex 6.29896 6.29896 19.8
      vertex 6.22565 6.38255 4.6
      vertex 6.22565 6.38255 19.8
    endloop
  endfacet
  facet normal 0.751824 0.659364 0
    outer loop
      vertex 6.22565 6.38255 4.6
      vertex 6.29896 6.29896 19.8
      vertex 6.29896 6.29896 4.6
    endloop
  endfacet
  facet normal 0.751824 0.659364 0
    outer loop
      vertex 6.29896 6.29896 3.2
      vertex 6.22565 6.38255 3.18
      vertex 6.22565 6.38255 3.2
    endloop
  endfacet
  facet normal 0.751824 0.659364 0
    outer loop
      vertex 6.22565 6.38255 3.18
      vertex 6.29896 6.29896 3.2
      vertex 6.29896 6.29896 3.18
    endloop
  endfacet
  facet normal -0.980788 0.195078 0
    outer loop
      vertex 7.72104 6.68 4.6
      vertex 7.74273 6.78905 19.8
      vertex 7.74273 6.78905 4.6
    endloop
  endfacet
  facet normal -0.980788 0.195078 0
    outer loop
      vertex 7.74273 6.78905 19.8
      vertex 7.72104 6.68 4.6
      vertex 7.72104 6.68 19.8
    endloop
  endfacet
  facet normal -0.980788 0.195078 0
    outer loop
      vertex 7.72104 6.68 3.18
      vertex 7.74273 6.78905 3.2
      vertex 7.74273 6.78905 3.18
    endloop
  endfacet
  facet normal -0.980788 0.195078 0
    outer loop
      vertex 7.74273 6.78905 3.2
      vertex 7.72104 6.68 3.18
      vertex 7.72104 6.68 3.2
    endloop
  endfacet
  facet normal -0.0653848 0.99786 0
    outer loop
      vertex 7.01095 6.05727 4.6
      vertex 6.9 6.05 19.8
      vertex 7.01095 6.05727 19.8
    endloop
  endfacet
  facet normal -0.0653848 0.99786 0
    outer loop
      vertex 6.9 6.05 19.8
      vertex 7.01095 6.05727 4.6
      vertex 6.9 6.05 4.6
    endloop
  endfacet
  facet normal -0.0653848 0.99786 0
    outer loop
      vertex 7.01095 6.05727 3.18
      vertex 6.9 6.05 3.2
      vertex 7.01095 6.05727 3.2
    endloop
  endfacet
  facet normal -0.0653848 0.99786 0
    outer loop
      vertex 6.9 6.05 3.2
      vertex 7.01095 6.05727 3.18
      vertex 6.9 6.05 3.18
    endloop
  endfacet
  facet normal 0.946924 0.321458 0
    outer loop
      vertex 6.1147 6.57472 19.8
      vertex 6.07896 6.68 4.6
      vertex 6.07896 6.68 19.8
    endloop
  endfacet
  facet normal 0.946924 0.321458 0
    outer loop
      vertex 6.07896 6.68 4.6
      vertex 6.1147 6.57472 19.8
      vertex 6.1147 6.57472 4.6
    endloop
  endfacet
  facet normal 0.946924 0.321458 0
    outer loop
      vertex 6.1147 6.57472 3.2
      vertex 6.07896 6.68 3.18
      vertex 6.07896 6.68 3.2
    endloop
  endfacet
  facet normal 0.946924 0.321458 0
    outer loop
      vertex 6.07896 6.68 3.18
      vertex 6.1147 6.57472 3.2
      vertex 6.1147 6.57472 3.18
    endloop
  endfacet
  facet normal -0.831483 0.555551 0
    outer loop
      vertex 7.57435 6.38255 4.6
      vertex 7.63612 6.475 19.8
      vertex 7.63612 6.475 4.6
    endloop
  endfacet
  facet normal -0.831483 0.555551 0
    outer loop
      vertex 7.63612 6.475 19.8
      vertex 7.57435 6.38255 4.6
      vertex 7.57435 6.38255 19.8
    endloop
  endfacet
  facet normal -0.831483 0.555551 0
    outer loop
      vertex 7.57435 6.38255 3.18
      vertex 7.63612 6.475 3.2
      vertex 7.63612 6.475 3.18
    endloop
  endfacet
  facet normal -0.831483 0.555551 0
    outer loop
      vertex 7.63612 6.475 3.2
      vertex 7.57435 6.38255 3.18
      vertex 7.57435 6.38255 3.2
    endloop
  endfacet
  facet normal -0.442314 -0.89686 0
    outer loop
      vertex 7.22528 7.6853 4.6
      vertex 7.325 7.63612 19.8
      vertex 7.22528 7.6853 19.8
    endloop
  endfacet
  facet normal -0.442314 -0.89686 -0
    outer loop
      vertex 7.325 7.63612 19.8
      vertex 7.22528 7.6853 4.6
      vertex 7.325 7.63612 4.6
    endloop
  endfacet
  facet normal -0.442314 -0.89686 0
    outer loop
      vertex 7.22528 7.6853 3.18
      vertex 7.325 7.63612 3.2
      vertex 7.22528 7.6853 3.2
    endloop
  endfacet
  facet normal -0.442314 -0.89686 -0
    outer loop
      vertex 7.325 7.63612 3.2
      vertex 7.22528 7.6853 3.18
      vertex 7.325 7.63612 3.18
    endloop
  endfacet
  facet normal 0.442314 -0.89686 0
    outer loop
      vertex 6.475 7.63612 4.6
      vertex 6.57472 7.6853 19.8
      vertex 6.475 7.63612 19.8
    endloop
  endfacet
  facet normal 0.442314 -0.89686 0
    outer loop
      vertex 6.57472 7.6853 19.8
      vertex 6.475 7.63612 4.6
      vertex 6.57472 7.6853 4.6
    endloop
  endfacet
  facet normal 0.442314 -0.89686 0
    outer loop
      vertex 6.475 7.63612 3.18
      vertex 6.57472 7.6853 3.2
      vertex 6.475 7.63612 3.2
    endloop
  endfacet
  facet normal 0.442314 -0.89686 0
    outer loop
      vertex 6.57472 7.6853 3.2
      vertex 6.475 7.63612 3.18
      vertex 6.57472 7.6853 3.18
    endloop
  endfacet
  facet normal -0.442314 0.89686 0
    outer loop
      vertex 7.325 6.16388 4.6
      vertex 7.22528 6.1147 19.8
      vertex 7.325 6.16388 19.8
    endloop
  endfacet
  facet normal -0.442314 0.89686 0
    outer loop
      vertex 7.22528 6.1147 19.8
      vertex 7.325 6.16388 4.6
      vertex 7.22528 6.1147 4.6
    endloop
  endfacet
  facet normal -0.442314 0.89686 0
    outer loop
      vertex 7.325 6.16388 3.18
      vertex 7.22528 6.1147 3.2
      vertex 7.325 6.16388 3.2
    endloop
  endfacet
  facet normal -0.442314 0.89686 0
    outer loop
      vertex 7.22528 6.1147 3.2
      vertex 7.325 6.16388 3.18
      vertex 7.22528 6.1147 3.18
    endloop
  endfacet
  facet normal -0.321458 0.946924 0
    outer loop
      vertex 7.22528 6.1147 4.6
      vertex 7.12 6.07896 19.8
      vertex 7.22528 6.1147 19.8
    endloop
  endfacet
  facet normal -0.321458 0.946924 0
    outer loop
      vertex 7.12 6.07896 19.8
      vertex 7.22528 6.1147 4.6
      vertex 7.12 6.07896 4.6
    endloop
  endfacet
  facet normal -0.321458 0.946924 0
    outer loop
      vertex 7.22528 6.1147 3.18
      vertex 7.12 6.07896 3.2
      vertex 7.22528 6.1147 3.2
    endloop
  endfacet
  facet normal -0.321458 0.946924 0
    outer loop
      vertex 7.12 6.07896 3.2
      vertex 7.22528 6.1147 3.18
      vertex 7.12 6.07896 3.18
    endloop
  endfacet
  facet normal 0.195078 0.980788 -0
    outer loop
      vertex 6.78905 6.05727 4.6
      vertex 6.68 6.07896 19.8
      vertex 6.78905 6.05727 19.8
    endloop
  endfacet
  facet normal 0.195078 0.980788 0
    outer loop
      vertex 6.68 6.07896 19.8
      vertex 6.78905 6.05727 4.6
      vertex 6.68 6.07896 4.6
    endloop
  endfacet
  facet normal 0.195078 0.980788 -0
    outer loop
      vertex 6.78905 6.05727 3.18
      vertex 6.68 6.07896 3.2
      vertex 6.78905 6.05727 3.2
    endloop
  endfacet
  facet normal 0.195078 0.980788 0
    outer loop
      vertex 6.68 6.07896 3.2
      vertex 6.78905 6.05727 3.18
      vertex 6.68 6.07896 3.18
    endloop
  endfacet
  facet normal 0.946924 -0.321458 0
    outer loop
      vertex 6.07896 7.12 19.8
      vertex 6.1147 7.22528 4.6
      vertex 6.1147 7.22528 19.8
    endloop
  endfacet
  facet normal 0.946924 -0.321458 0
    outer loop
      vertex 6.1147 7.22528 4.6
      vertex 6.07896 7.12 19.8
      vertex 6.07896 7.12 4.6
    endloop
  endfacet
  facet normal 0.946924 -0.321458 0
    outer loop
      vertex 6.07896 7.12 3.2
      vertex 6.1147 7.22528 3.18
      vertex 6.1147 7.22528 3.2
    endloop
  endfacet
  facet normal 0.946924 -0.321458 0
    outer loop
      vertex 6.1147 7.22528 3.18
      vertex 6.07896 7.12 3.2
      vertex 6.07896 7.12 3.18
    endloop
  endfacet
  facet normal 0.195078 -0.980788 0
    outer loop
      vertex 6.68 7.72104 4.6
      vertex 6.78905 7.74273 19.8
      vertex 6.68 7.72104 19.8
    endloop
  endfacet
  facet normal 0.195078 -0.980788 0
    outer loop
      vertex 6.78905 7.74273 19.8
      vertex 6.68 7.72104 4.6
      vertex 6.78905 7.74273 4.6
    endloop
  endfacet
  facet normal 0.195078 -0.980788 0
    outer loop
      vertex 6.68 7.72104 3.18
      vertex 6.78905 7.74273 3.2
      vertex 6.68 7.72104 3.2
    endloop
  endfacet
  facet normal 0.195078 -0.980788 0
    outer loop
      vertex 6.78905 7.74273 3.2
      vertex 6.68 7.72104 3.18
      vertex 6.78905 7.74273 3.18
    endloop
  endfacet
  facet normal 0.555551 -0.831483 0
    outer loop
      vertex 6.38255 7.57435 4.6
      vertex 6.475 7.63612 19.8
      vertex 6.38255 7.57435 19.8
    endloop
  endfacet
  facet normal 0.555551 -0.831483 0
    outer loop
      vertex 6.475 7.63612 19.8
      vertex 6.38255 7.57435 4.6
      vertex 6.475 7.63612 4.6
    endloop
  endfacet
  facet normal 0.555551 -0.831483 0
    outer loop
      vertex 6.38255 7.57435 3.18
      vertex 6.475 7.63612 3.2
      vertex 6.38255 7.57435 3.2
    endloop
  endfacet
  facet normal 0.555551 -0.831483 0
    outer loop
      vertex 6.475 7.63612 3.2
      vertex 6.38255 7.57435 3.18
      vertex 6.475 7.63612 3.18
    endloop
  endfacet
  facet normal -0.555551 0.831483 0
    outer loop
      vertex 7.41745 6.22565 4.6
      vertex 7.325 6.16388 19.8
      vertex 7.41745 6.22565 19.8
    endloop
  endfacet
  facet normal -0.555551 0.831483 0
    outer loop
      vertex 7.325 6.16388 19.8
      vertex 7.41745 6.22565 4.6
      vertex 7.325 6.16388 4.6
    endloop
  endfacet
  facet normal -0.555551 0.831483 0
    outer loop
      vertex 7.41745 6.22565 3.18
      vertex 7.325 6.16388 3.2
      vertex 7.41745 6.22565 3.2
    endloop
  endfacet
  facet normal -0.555551 0.831483 0
    outer loop
      vertex 7.325 6.16388 3.2
      vertex 7.41745 6.22565 3.18
      vertex 7.325 6.16388 3.18
    endloop
  endfacet
  facet normal -0.195078 0.980788 0
    outer loop
      vertex 7.12 6.07896 4.6
      vertex 7.01095 6.05727 19.8
      vertex 7.12 6.07896 19.8
    endloop
  endfacet
  facet normal -0.195078 0.980788 0
    outer loop
      vertex 7.01095 6.05727 19.8
      vertex 7.12 6.07896 4.6
      vertex 7.01095 6.05727 4.6
    endloop
  endfacet
  facet normal -0.195078 0.980788 0
    outer loop
      vertex 7.12 6.07896 3.18
      vertex 7.01095 6.05727 3.2
      vertex 7.12 6.07896 3.2
    endloop
  endfacet
  facet normal -0.195078 0.980788 0
    outer loop
      vertex 7.01095 6.05727 3.2
      vertex 7.12 6.07896 3.18
      vertex 7.01095 6.05727 3.18
    endloop
  endfacet
  facet normal 0.89686 -0.442314 0
    outer loop
      vertex 6.1147 7.22528 19.8
      vertex 6.16388 7.325 4.6
      vertex 6.16388 7.325 19.8
    endloop
  endfacet
  facet normal 0.89686 -0.442314 0
    outer loop
      vertex 6.16388 7.325 4.6
      vertex 6.1147 7.22528 19.8
      vertex 6.1147 7.22528 4.6
    endloop
  endfacet
  facet normal 0.89686 -0.442314 0
    outer loop
      vertex 6.1147 7.22528 3.2
      vertex 6.16388 7.325 3.18
      vertex 6.16388 7.325 3.2
    endloop
  endfacet
  facet normal 0.89686 -0.442314 0
    outer loop
      vertex 6.16388 7.325 3.18
      vertex 6.1147 7.22528 3.2
      vertex 6.1147 7.22528 3.18
    endloop
  endfacet
  facet normal -0.659364 -0.751824 0
    outer loop
      vertex 7.41745 7.57435 4.6
      vertex 7.50104 7.50104 19.8
      vertex 7.41745 7.57435 19.8
    endloop
  endfacet
  facet normal -0.659364 -0.751824 -0
    outer loop
      vertex 7.50104 7.50104 19.8
      vertex 7.41745 7.57435 4.6
      vertex 7.50104 7.50104 4.6
    endloop
  endfacet
  facet normal -0.659364 -0.751824 0
    outer loop
      vertex 7.41745 7.57435 3.18
      vertex 7.50104 7.50104 3.2
      vertex 7.41745 7.57435 3.2
    endloop
  endfacet
  facet normal -0.659364 -0.751824 -0
    outer loop
      vertex 7.50104 7.50104 3.2
      vertex 7.41745 7.57435 3.18
      vertex 7.50104 7.50104 3.18
    endloop
  endfacet
  facet normal 0.831483 -0.555551 0
    outer loop
      vertex 6.16388 7.325 19.8
      vertex 6.22565 7.41745 4.6
      vertex 6.22565 7.41745 19.8
    endloop
  endfacet
  facet normal 0.831483 -0.555551 0
    outer loop
      vertex 6.22565 7.41745 4.6
      vertex 6.16388 7.325 19.8
      vertex 6.16388 7.325 4.6
    endloop
  endfacet
  facet normal 0.831483 -0.555551 0
    outer loop
      vertex 6.16388 7.325 3.2
      vertex 6.22565 7.41745 3.18
      vertex 6.22565 7.41745 3.2
    endloop
  endfacet
  facet normal 0.831483 -0.555551 0
    outer loop
      vertex 6.22565 7.41745 3.18
      vertex 6.16388 7.325 3.2
      vertex 6.16388 7.325 3.18
    endloop
  endfacet
  facet normal 0.0653848 0.99786 -0
    outer loop
      vertex 6.9 6.05 4.6
      vertex 6.78905 6.05727 19.8
      vertex 6.9 6.05 19.8
    endloop
  endfacet
  facet normal 0.0653848 0.99786 0
    outer loop
      vertex 6.78905 6.05727 19.8
      vertex 6.9 6.05 4.6
      vertex 6.78905 6.05727 4.6
    endloop
  endfacet
  facet normal 0.0653848 0.99786 -0
    outer loop
      vertex 6.9 6.05 3.18
      vertex 6.78905 6.05727 3.2
      vertex 6.9 6.05 3.2
    endloop
  endfacet
  facet normal 0.0653848 0.99786 0
    outer loop
      vertex 6.78905 6.05727 3.2
      vertex 6.9 6.05 3.18
      vertex 6.78905 6.05727 3.18
    endloop
  endfacet
  facet normal 0.659364 -0.751824 0
    outer loop
      vertex 6.29896 7.50104 4.6
      vertex 6.38255 7.57435 19.8
      vertex 6.29896 7.50104 19.8
    endloop
  endfacet
  facet normal 0.659364 -0.751824 0
    outer loop
      vertex 6.38255 7.57435 19.8
      vertex 6.29896 7.50104 4.6
      vertex 6.38255 7.57435 4.6
    endloop
  endfacet
  facet normal 0.659364 -0.751824 0
    outer loop
      vertex 6.29896 7.50104 3.18
      vertex 6.38255 7.57435 3.2
      vertex 6.29896 7.50104 3.2
    endloop
  endfacet
  facet normal 0.659364 -0.751824 0
    outer loop
      vertex 6.38255 7.57435 3.2
      vertex 6.29896 7.50104 3.18
      vertex 6.38255 7.57435 3.18
    endloop
  endfacet
  facet normal 0.659364 0.751824 -0
    outer loop
      vertex 6.38255 6.22565 4.6
      vertex 6.29896 6.29896 19.8
      vertex 6.38255 6.22565 19.8
    endloop
  endfacet
  facet normal 0.659364 0.751824 0
    outer loop
      vertex 6.29896 6.29896 19.8
      vertex 6.38255 6.22565 4.6
      vertex 6.29896 6.29896 4.6
    endloop
  endfacet
  facet normal 0.659364 0.751824 -0
    outer loop
      vertex 6.38255 6.22565 3.18
      vertex 6.29896 6.29896 3.2
      vertex 6.38255 6.22565 3.2
    endloop
  endfacet
  facet normal 0.659364 0.751824 0
    outer loop
      vertex 6.29896 6.29896 3.2
      vertex 6.38255 6.22565 3.18
      vertex 6.29896 6.29896 3.18
    endloop
  endfacet
  facet normal 0.751824 -0.659364 0
    outer loop
      vertex 6.22565 7.41745 19.8
      vertex 6.29896 7.50104 4.6
      vertex 6.29896 7.50104 19.8
    endloop
  endfacet
  facet normal 0.751824 -0.659364 0
    outer loop
      vertex 6.29896 7.50104 4.6
      vertex 6.22565 7.41745 19.8
      vertex 6.22565 7.41745 4.6
    endloop
  endfacet
  facet normal 0.751824 -0.659364 0
    outer loop
      vertex 6.22565 7.41745 3.2
      vertex 6.29896 7.50104 3.18
      vertex 6.29896 7.50104 3.2
    endloop
  endfacet
  facet normal 0.751824 -0.659364 0
    outer loop
      vertex 6.29896 7.50104 3.18
      vertex 6.22565 7.41745 3.2
      vertex 6.22565 7.41745 3.18
    endloop
  endfacet
  facet normal -0.751824 0.659364 0
    outer loop
      vertex 7.50104 6.29896 4.6
      vertex 7.57435 6.38255 19.8
      vertex 7.57435 6.38255 4.6
    endloop
  endfacet
  facet normal -0.751824 0.659364 0
    outer loop
      vertex 7.57435 6.38255 19.8
      vertex 7.50104 6.29896 4.6
      vertex 7.50104 6.29896 19.8
    endloop
  endfacet
  facet normal -0.751824 0.659364 0
    outer loop
      vertex 7.50104 6.29896 3.18
      vertex 7.57435 6.38255 3.2
      vertex 7.57435 6.38255 3.18
    endloop
  endfacet
  facet normal -0.751824 0.659364 0
    outer loop
      vertex 7.57435 6.38255 3.2
      vertex 7.50104 6.29896 3.18
      vertex 7.50104 6.29896 3.2
    endloop
  endfacet
  facet normal -0.89686 0.442314 0
    outer loop
      vertex 7.63612 6.475 4.6
      vertex 7.6853 6.57472 19.8
      vertex 7.6853 6.57472 4.6
    endloop
  endfacet
  facet normal -0.89686 0.442314 0
    outer loop
      vertex 7.6853 6.57472 19.8
      vertex 7.63612 6.475 4.6
      vertex 7.63612 6.475 19.8
    endloop
  endfacet
  facet normal -0.89686 0.442314 0
    outer loop
      vertex 7.63612 6.475 3.18
      vertex 7.6853 6.57472 3.2
      vertex 7.6853 6.57472 3.18
    endloop
  endfacet
  facet normal -0.89686 0.442314 0
    outer loop
      vertex 7.6853 6.57472 3.2
      vertex 7.63612 6.475 3.18
      vertex 7.63612 6.475 3.2
    endloop
  endfacet
  facet normal 0.555551 0.831483 -0
    outer loop
      vertex 6.475 6.16388 4.6
      vertex 6.38255 6.22565 19.8
      vertex 6.475 6.16388 19.8
    endloop
  endfacet
  facet normal 0.555551 0.831483 0
    outer loop
      vertex 6.38255 6.22565 19.8
      vertex 6.475 6.16388 4.6
      vertex 6.38255 6.22565 4.6
    endloop
  endfacet
  facet normal 0.555551 0.831483 -0
    outer loop
      vertex 6.475 6.16388 3.18
      vertex 6.38255 6.22565 3.2
      vertex 6.475 6.16388 3.2
    endloop
  endfacet
  facet normal 0.555551 0.831483 0
    outer loop
      vertex 6.38255 6.22565 3.2
      vertex 6.475 6.16388 3.18
      vertex 6.38255 6.22565 3.18
    endloop
  endfacet
  facet normal 0.980788 -0.195078 0
    outer loop
      vertex 6.05727 7.01095 19.8
      vertex 6.07896 7.12 4.6
      vertex 6.07896 7.12 19.8
    endloop
  endfacet
  facet normal 0.980788 -0.195078 0
    outer loop
      vertex 6.07896 7.12 4.6
      vertex 6.05727 7.01095 19.8
      vertex 6.05727 7.01095 4.6
    endloop
  endfacet
  facet normal 0.980788 -0.195078 0
    outer loop
      vertex 6.05727 7.01095 3.2
      vertex 6.07896 7.12 3.18
      vertex 6.07896 7.12 3.2
    endloop
  endfacet
  facet normal 0.980788 -0.195078 0
    outer loop
      vertex 6.07896 7.12 3.18
      vertex 6.05727 7.01095 3.2
      vertex 6.05727 7.01095 3.18
    endloop
  endfacet
  facet normal -0.0653848 -0.99786 0
    outer loop
      vertex 6.9 7.75 4.6
      vertex 7.01095 7.74273 19.8
      vertex 6.9 7.75 19.8
    endloop
  endfacet
  facet normal -0.0653848 -0.99786 -0
    outer loop
      vertex 7.01095 7.74273 19.8
      vertex 6.9 7.75 4.6
      vertex 7.01095 7.74273 4.6
    endloop
  endfacet
  facet normal -0.0653848 -0.99786 0
    outer loop
      vertex 6.9 7.75 3.18
      vertex 7.01095 7.74273 3.2
      vertex 6.9 7.75 3.2
    endloop
  endfacet
  facet normal -0.0653848 -0.99786 -0
    outer loop
      vertex 7.01095 7.74273 3.2
      vertex 6.9 7.75 3.18
      vertex 7.01095 7.74273 3.18
    endloop
  endfacet
  facet normal -0.555551 -0.831483 0
    outer loop
      vertex 7.325 7.63612 4.6
      vertex 7.41745 7.57435 19.8
      vertex 7.325 7.63612 19.8
    endloop
  endfacet
  facet normal -0.555551 -0.831483 -0
    outer loop
      vertex 7.41745 7.57435 19.8
      vertex 7.325 7.63612 4.6
      vertex 7.41745 7.57435 4.6
    endloop
  endfacet
  facet normal -0.555551 -0.831483 0
    outer loop
      vertex 7.325 7.63612 3.18
      vertex 7.41745 7.57435 3.2
      vertex 7.325 7.63612 3.2
    endloop
  endfacet
  facet normal -0.555551 -0.831483 -0
    outer loop
      vertex 7.41745 7.57435 3.2
      vertex 7.325 7.63612 3.18
      vertex 7.41745 7.57435 3.18
    endloop
  endfacet
  facet normal 0.321458 -0.946924 0
    outer loop
      vertex 6.57472 7.6853 4.6
      vertex 6.68 7.72104 19.8
      vertex 6.57472 7.6853 19.8
    endloop
  endfacet
  facet normal 0.321458 -0.946924 0
    outer loop
      vertex 6.68 7.72104 19.8
      vertex 6.57472 7.6853 4.6
      vertex 6.68 7.72104 4.6
    endloop
  endfacet
  facet normal 0.321458 -0.946924 0
    outer loop
      vertex 6.57472 7.6853 3.18
      vertex 6.68 7.72104 3.2
      vertex 6.57472 7.6853 3.2
    endloop
  endfacet
  facet normal 0.321458 -0.946924 0
    outer loop
      vertex 6.68 7.72104 3.2
      vertex 6.57472 7.6853 3.18
      vertex 6.68 7.72104 3.18
    endloop
  endfacet
  facet normal 0.0653848 -0.99786 0
    outer loop
      vertex 6.78905 7.74273 4.6
      vertex 6.9 7.75 19.8
      vertex 6.78905 7.74273 19.8
    endloop
  endfacet
  facet normal 0.0653848 -0.99786 0
    outer loop
      vertex 6.9 7.75 19.8
      vertex 6.78905 7.74273 4.6
      vertex 6.9 7.75 4.6
    endloop
  endfacet
  facet normal 0.0653848 -0.99786 0
    outer loop
      vertex 6.78905 7.74273 3.18
      vertex 6.9 7.75 3.2
      vertex 6.78905 7.74273 3.2
    endloop
  endfacet
  facet normal 0.0653848 -0.99786 0
    outer loop
      vertex 6.9 7.75 3.2
      vertex 6.78905 7.74273 3.18
      vertex 6.9 7.75 3.18
    endloop
  endfacet
  facet normal 0.99786 -0.0653848 0
    outer loop
      vertex 6.05 6.9 19.8
      vertex 6.05727 7.01095 4.6
      vertex 6.05727 7.01095 19.8
    endloop
  endfacet
  facet normal 0.99786 -0.0653848 0
    outer loop
      vertex 6.05727 7.01095 4.6
      vertex 6.05 6.9 19.8
      vertex 6.05 6.9 4.6
    endloop
  endfacet
  facet normal 0.99786 -0.0653848 0
    outer loop
      vertex 6.05 6.9 3.2
      vertex 6.05727 7.01095 3.18
      vertex 6.05727 7.01095 3.2
    endloop
  endfacet
  facet normal 0.99786 -0.0653848 0
    outer loop
      vertex 6.05727 7.01095 3.18
      vertex 6.05 6.9 3.2
      vertex 6.05 6.9 3.18
    endloop
  endfacet
  facet normal 0.89686 0.442314 0
    outer loop
      vertex 6.16388 6.475 19.8
      vertex 6.1147 6.57472 4.6
      vertex 6.1147 6.57472 19.8
    endloop
  endfacet
  facet normal 0.89686 0.442314 0
    outer loop
      vertex 6.1147 6.57472 4.6
      vertex 6.16388 6.475 19.8
      vertex 6.16388 6.475 4.6
    endloop
  endfacet
  facet normal 0.89686 0.442314 0
    outer loop
      vertex 6.16388 6.475 3.2
      vertex 6.1147 6.57472 3.18
      vertex 6.1147 6.57472 3.2
    endloop
  endfacet
  facet normal 0.89686 0.442314 0
    outer loop
      vertex 6.1147 6.57472 3.18
      vertex 6.16388 6.475 3.2
      vertex 6.16388 6.475 3.18
    endloop
  endfacet
  facet normal 0.442314 0.89686 -0
    outer loop
      vertex 6.57472 6.1147 4.6
      vertex 6.475 6.16388 19.8
      vertex 6.57472 6.1147 19.8
    endloop
  endfacet
  facet normal 0.442314 0.89686 0
    outer loop
      vertex 6.475 6.16388 19.8
      vertex 6.57472 6.1147 4.6
      vertex 6.475 6.16388 4.6
    endloop
  endfacet
  facet normal 0.442314 0.89686 -0
    outer loop
      vertex 6.57472 6.1147 3.18
      vertex 6.475 6.16388 3.2
      vertex 6.57472 6.1147 3.2
    endloop
  endfacet
  facet normal 0.442314 0.89686 0
    outer loop
      vertex 6.475 6.16388 3.2
      vertex 6.57472 6.1147 3.18
      vertex 6.475 6.16388 3.18
    endloop
  endfacet
  facet normal -0.659364 0.751824 0
    outer loop
      vertex 7.50104 6.29896 4.6
      vertex 7.41745 6.22565 19.8
      vertex 7.50104 6.29896 19.8
    endloop
  endfacet
  facet normal -0.659364 0.751824 0
    outer loop
      vertex 7.41745 6.22565 19.8
      vertex 7.50104 6.29896 4.6
      vertex 7.41745 6.22565 4.6
    endloop
  endfacet
  facet normal -0.659364 0.751824 0
    outer loop
      vertex 7.50104 6.29896 3.18
      vertex 7.41745 6.22565 3.2
      vertex 7.50104 6.29896 3.2
    endloop
  endfacet
  facet normal -0.659364 0.751824 0
    outer loop
      vertex 7.41745 6.22565 3.2
      vertex 7.50104 6.29896 3.18
      vertex 7.41745 6.22565 3.18
    endloop
  endfacet
  facet normal 0.831483 0.555551 0
    outer loop
      vertex 6.22565 6.38255 19.8
      vertex 6.16388 6.475 4.6
      vertex 6.16388 6.475 19.8
    endloop
  endfacet
  facet normal 0.831483 0.555551 0
    outer loop
      vertex 6.16388 6.475 4.6
      vertex 6.22565 6.38255 19.8
      vertex 6.22565 6.38255 4.6
    endloop
  endfacet
  facet normal 0.831483 0.555551 0
    outer loop
      vertex 6.22565 6.38255 3.2
      vertex 6.16388 6.475 3.18
      vertex 6.16388 6.475 3.2
    endloop
  endfacet
  facet normal 0.831483 0.555551 0
    outer loop
      vertex 6.16388 6.475 3.18
      vertex 6.22565 6.38255 3.2
      vertex 6.22565 6.38255 3.18
    endloop
  endfacet
  facet normal 0.980918 0.194423 0
    outer loop
      vertex 172.37 7.35684 3.2
      vertex 172.281 7.80587 3.18
      vertex 172.281 7.80587 3.2
    endloop
  endfacet
  facet normal 0.980918 0.194423 0
    outer loop
      vertex 172.281 7.80587 3.18
      vertex 172.37 7.35684 3.2
      vertex 172.37 7.35684 3.18
    endloop
  endfacet
  facet normal 0.980918 0.194423 0
    outer loop
      vertex 172.37 7.35684 19.8
      vertex 172.281 7.80587 4.6
      vertex 172.281 7.80587 19.8
    endloop
  endfacet
  facet normal 0.980918 0.194423 0
    outer loop
      vertex 172.281 7.80587 4.6
      vertex 172.37 7.35684 19.8
      vertex 172.37 7.35684 4.6
    endloop
  endfacet
  facet normal 0.997851 0.0655274 0
    outer loop
      vertex 172.4 6.9 3.2
      vertex 172.37 7.35684 3.18
      vertex 172.37 7.35684 3.2
    endloop
  endfacet
  facet normal 0.997851 0.0655274 0
    outer loop
      vertex 172.37 7.35684 3.18
      vertex 172.4 6.9 3.2
      vertex 172.4 6.9 3.18
    endloop
  endfacet
  facet normal 0.997851 0.0655274 0
    outer loop
      vertex 172.4 6.9 19.8
      vertex 172.37 7.35684 4.6
      vertex 172.37 7.35684 19.8
    endloop
  endfacet
  facet normal 0.997851 0.0655274 0
    outer loop
      vertex 172.37 7.35684 4.6
      vertex 172.4 6.9 19.8
      vertex 172.4 6.9 4.6
    endloop
  endfacet
  facet normal 0.321785 -0.946813 0
    outer loop
      vertex 169.806 3.51926 3.18
      vertex 170.239 3.66642 3.2
      vertex 169.806 3.51926 3.2
    endloop
  endfacet
  facet normal 0.321785 -0.946813 0
    outer loop
      vertex 170.239 3.66642 3.2
      vertex 169.806 3.51926 3.18
      vertex 170.239 3.66642 3.18
    endloop
  endfacet
  facet normal 0.321785 -0.946813 0
    outer loop
      vertex 169.806 3.51926 4.6
      vertex 170.239 3.66642 19.8
      vertex 169.806 3.51926 19.8
    endloop
  endfacet
  facet normal 0.321785 -0.946813 0
    outer loop
      vertex 170.239 3.66642 19.8
      vertex 169.806 3.51926 4.6
      vertex 170.239 3.66642 4.6
    endloop
  endfacet
  facet normal 0.831822 0.555043 0
    outer loop
      vertex 171.931 8.65 3.2
      vertex 171.677 9.03066 3.18
      vertex 171.677 9.03066 3.2
    endloop
  endfacet
  facet normal 0.831822 0.555043 0
    outer loop
      vertex 171.677 9.03066 3.18
      vertex 171.931 8.65 3.2
      vertex 171.931 8.65 3.18
    endloop
  endfacet
  facet normal 0.831822 0.555043 0
    outer loop
      vertex 171.931 8.65 19.8
      vertex 171.677 9.03066 4.6
      vertex 171.677 9.03066 19.8
    endloop
  endfacet
  facet normal 0.831822 0.555043 0
    outer loop
      vertex 171.677 9.03066 4.6
      vertex 171.931 8.65 19.8
      vertex 171.931 8.65 4.6
    endloop
  endfacet
  facet normal -0.896431 0.443183 0
    outer loop
      vertex 165.666 8.23939 4.6
      vertex 165.869 8.65 19.8
      vertex 165.869 8.65 4.6
    endloop
  endfacet
  facet normal -0.896431 0.443183 0
    outer loop
      vertex 165.869 8.65 19.8
      vertex 165.666 8.23939 4.6
      vertex 165.666 8.23939 19.8
    endloop
  endfacet
  facet normal -0.896431 0.443183 0
    outer loop
      vertex 165.666 8.23939 3.18
      vertex 165.869 8.65 3.2
      vertex 165.869 8.65 3.18
    endloop
  endfacet
  facet normal -0.896431 0.443183 0
    outer loop
      vertex 165.869 8.65 3.2
      vertex 165.666 8.23939 3.18
      vertex 165.666 8.23939 3.2
    endloop
  endfacet
  facet normal -0.555229 0.831697 0
    outer loop
      vertex 167.15 9.93109 3.18
      vertex 166.769 9.67674 3.2
      vertex 167.15 9.93109 3.2
    endloop
  endfacet
  facet normal -0.555229 0.831697 0
    outer loop
      vertex 166.769 9.67674 3.2
      vertex 167.15 9.93109 3.18
      vertex 166.769 9.67674 3.18
    endloop
  endfacet
  facet normal -0.555229 0.831697 0
    outer loop
      vertex 167.15 9.93109 4.6
      vertex 166.769 9.67674 19.8
      vertex 167.15 9.93109 19.8
    endloop
  endfacet
  facet normal -0.555229 0.831697 0
    outer loop
      vertex 166.769 9.67674 19.8
      vertex 167.15 9.93109 4.6
      vertex 166.769 9.67674 4.6
    endloop
  endfacet
  facet normal -0.659581 0.751634 0
    outer loop
      vertex 166.769 9.67674 3.18
      vertex 166.425 9.37487 3.2
      vertex 166.769 9.67674 3.2
    endloop
  endfacet
  facet normal -0.659581 0.751634 0
    outer loop
      vertex 166.425 9.37487 3.2
      vertex 166.769 9.67674 3.18
      vertex 166.425 9.37487 3.18
    endloop
  endfacet
  facet normal -0.659581 0.751634 0
    outer loop
      vertex 166.769 9.67674 4.6
      vertex 166.425 9.37487 19.8
      vertex 166.769 9.67674 19.8
    endloop
  endfacet
  facet normal -0.659581 0.751634 0
    outer loop
      vertex 166.425 9.37487 19.8
      vertex 166.769 9.67674 4.6
      vertex 166.425 9.37487 4.6
    endloop
  endfacet
  facet normal -0.751693 0.659514 0
    outer loop
      vertex 166.123 9.03066 4.6
      vertex 166.425 9.37487 19.8
      vertex 166.425 9.37487 4.6
    endloop
  endfacet
  facet normal -0.751693 0.659514 0
    outer loop
      vertex 166.425 9.37487 19.8
      vertex 166.123 9.03066 4.6
      vertex 166.123 9.03066 19.8
    endloop
  endfacet
  facet normal -0.751693 0.659514 0
    outer loop
      vertex 166.123 9.03066 3.18
      vertex 166.425 9.37487 3.2
      vertex 166.425 9.37487 3.18
    endloop
  endfacet
  facet normal -0.751693 0.659514 0
    outer loop
      vertex 166.425 9.37487 3.2
      vertex 166.123 9.03066 3.18
      vertex 166.123 9.03066 3.2
    endloop
  endfacet
  facet normal 0.947037 -0.321126 0
    outer loop
      vertex 172.134 5.56061 3.2
      vertex 172.281 5.99413 3.18
      vertex 172.281 5.99413 3.2
    endloop
  endfacet
  facet normal 0.947037 -0.321126 0
    outer loop
      vertex 172.281 5.99413 3.18
      vertex 172.134 5.56061 3.2
      vertex 172.134 5.56061 3.18
    endloop
  endfacet
  facet normal 0.947037 -0.321126 0
    outer loop
      vertex 172.134 5.56061 19.8
      vertex 172.281 5.99413 4.6
      vertex 172.281 5.99413 19.8
    endloop
  endfacet
  facet normal 0.947037 -0.321126 0
    outer loop
      vertex 172.281 5.99413 4.6
      vertex 172.134 5.56061 19.8
      vertex 172.134 5.56061 4.6
    endloop
  endfacet
  facet normal -0.997851 0.0655274 0
    outer loop
      vertex 165.4 6.9 3.18
      vertex 165.43 7.35684 3.2
      vertex 165.43 7.35684 3.18
    endloop
  endfacet
  facet normal -0.997851 0.0655274 0
    outer loop
      vertex 165.43 7.35684 3.2
      vertex 165.4 6.9 3.18
      vertex 165.4 6.9 3.2
    endloop
  endfacet
  facet normal -0.997851 0.0655274 0
    outer loop
      vertex 165.4 6.9 4.6
      vertex 165.43 7.35684 19.8
      vertex 165.43 7.35684 4.6
    endloop
  endfacet
  facet normal -0.997851 0.0655274 0
    outer loop
      vertex 165.43 7.35684 19.8
      vertex 165.4 6.9 4.6
      vertex 165.4 6.9 19.8
    endloop
  endfacet
  facet normal 0.555229 0.831697 -0
    outer loop
      vertex 171.031 9.67674 3.18
      vertex 170.65 9.93109 3.2
      vertex 171.031 9.67674 3.2
    endloop
  endfacet
  facet normal 0.555229 0.831697 0
    outer loop
      vertex 170.65 9.93109 3.2
      vertex 171.031 9.67674 3.18
      vertex 170.65 9.93109 3.18
    endloop
  endfacet
  facet normal 0.555229 0.831697 -0
    outer loop
      vertex 171.031 9.67674 4.6
      vertex 170.65 9.93109 19.8
      vertex 171.031 9.67674 19.8
    endloop
  endfacet
  facet normal 0.555229 0.831697 0
    outer loop
      vertex 170.65 9.93109 19.8
      vertex 171.031 9.67674 4.6
      vertex 170.65 9.93109 4.6
    endloop
  endfacet
  facet normal -0.321785 -0.946813 0
    outer loop
      vertex 167.561 3.66642 4.6
      vertex 167.994 3.51926 19.8
      vertex 167.561 3.66642 19.8
    endloop
  endfacet
  facet normal -0.321785 -0.946813 -0
    outer loop
      vertex 167.994 3.51926 19.8
      vertex 167.561 3.66642 4.6
      vertex 167.994 3.51926 4.6
    endloop
  endfacet
  facet normal -0.321785 -0.946813 0
    outer loop
      vertex 167.561 3.66642 3.18
      vertex 167.994 3.51926 3.2
      vertex 167.561 3.66642 3.2
    endloop
  endfacet
  facet normal -0.321785 -0.946813 -0
    outer loop
      vertex 167.994 3.51926 3.2
      vertex 167.561 3.66642 3.18
      vertex 167.994 3.51926 3.18
    endloop
  endfacet
  facet normal 0.195108 -0.980782 0
    outer loop
      vertex 169.357 3.42994 3.18
      vertex 169.806 3.51926 3.2
      vertex 169.357 3.42994 3.2
    endloop
  endfacet
  facet normal 0.195108 -0.980782 0
    outer loop
      vertex 169.806 3.51926 3.2
      vertex 169.357 3.42994 3.18
      vertex 169.806 3.51926 3.18
    endloop
  endfacet
  facet normal 0.195108 -0.980782 0
    outer loop
      vertex 169.357 3.42994 4.6
      vertex 169.806 3.51926 19.8
      vertex 169.357 3.42994 19.8
    endloop
  endfacet
  facet normal 0.195108 -0.980782 0
    outer loop
      vertex 169.806 3.51926 19.8
      vertex 169.357 3.42994 4.6
      vertex 169.806 3.51926 4.6
    endloop
  endfacet
  facet normal -0.321668 0.946853 0
    outer loop
      vertex 167.994 10.2807 4.6
      vertex 167.561 10.1336 19.8
      vertex 167.994 10.2807 19.8
    endloop
  endfacet
  facet normal -0.321668 0.946853 0
    outer loop
      vertex 167.561 10.1336 19.8
      vertex 167.994 10.2807 4.6
      vertex 167.561 10.1336 4.6
    endloop
  endfacet
  facet normal -0.321668 0.946853 0
    outer loop
      vertex 167.994 10.2807 3.18
      vertex 167.561 10.1336 3.2
      vertex 167.994 10.2807 3.2
    endloop
  endfacet
  facet normal -0.321668 0.946853 0
    outer loop
      vertex 167.561 10.1336 3.2
      vertex 167.994 10.2807 3.18
      vertex 167.561 10.1336 3.18
    endloop
  endfacet
  facet normal -0.831822 -0.555043 0
    outer loop
      vertex 166.123 4.76934 4.6
      vertex 165.869 5.15 19.8
      vertex 165.869 5.15 4.6
    endloop
  endfacet
  facet normal -0.831822 -0.555043 0
    outer loop
      vertex 165.869 5.15 19.8
      vertex 166.123 4.76934 4.6
      vertex 166.123 4.76934 19.8
    endloop
  endfacet
  facet normal -0.831822 -0.555043 0
    outer loop
      vertex 166.123 4.76934 3.18
      vertex 165.869 5.15 3.2
      vertex 165.869 5.15 3.18
    endloop
  endfacet
  facet normal -0.831822 -0.555043 0
    outer loop
      vertex 165.869 5.15 3.2
      vertex 166.123 4.76934 3.18
      vertex 166.123 4.76934 3.2
    endloop
  endfacet
  facet normal 0.555229 -0.831697 0
    outer loop
      vertex 170.65 3.86891 3.18
      vertex 171.031 4.12326 3.2
      vertex 170.65 3.86891 3.2
    endloop
  endfacet
  facet normal 0.555229 -0.831697 0
    outer loop
      vertex 171.031 4.12326 3.2
      vertex 170.65 3.86891 3.18
      vertex 171.031 4.12326 3.18
    endloop
  endfacet
  facet normal 0.555229 -0.831697 0
    outer loop
      vertex 170.65 3.86891 4.6
      vertex 171.031 4.12326 19.8
      vertex 170.65 3.86891 19.8
    endloop
  endfacet
  facet normal 0.555229 -0.831697 0
    outer loop
      vertex 171.031 4.12326 19.8
      vertex 170.65 3.86891 4.6
      vertex 171.031 4.12326 4.6
    endloop
  endfacet
  facet normal -0.947037 0.321126 0
    outer loop
      vertex 165.519 7.80587 4.6
      vertex 165.666 8.23939 19.8
      vertex 165.666 8.23939 4.6
    endloop
  endfacet
  facet normal -0.947037 0.321126 0
    outer loop
      vertex 165.666 8.23939 19.8
      vertex 165.519 7.80587 4.6
      vertex 165.519 7.80587 19.8
    endloop
  endfacet
  facet normal -0.947037 0.321126 0
    outer loop
      vertex 165.519 7.80587 3.18
      vertex 165.666 8.23939 3.2
      vertex 165.666 8.23939 3.18
    endloop
  endfacet
  facet normal -0.947037 0.321126 0
    outer loop
      vertex 165.666 8.23939 3.2
      vertex 165.519 7.80587 3.18
      vertex 165.519 7.80587 3.2
    endloop
  endfacet
  facet normal 0.321668 0.946853 -0
    outer loop
      vertex 170.239 10.1336 3.18
      vertex 169.806 10.2807 3.2
      vertex 170.239 10.1336 3.2
    endloop
  endfacet
  facet normal 0.321668 0.946853 0
    outer loop
      vertex 169.806 10.2807 3.2
      vertex 170.239 10.1336 3.18
      vertex 169.806 10.2807 3.18
    endloop
  endfacet
  facet normal 0.321668 0.946853 -0
    outer loop
      vertex 170.239 10.1336 4.6
      vertex 169.806 10.2807 19.8
      vertex 170.239 10.1336 19.8
    endloop
  endfacet
  facet normal 0.321668 0.946853 0
    outer loop
      vertex 169.806 10.2807 19.8
      vertex 170.239 10.1336 4.6
      vertex 169.806 10.2807 4.6
    endloop
  endfacet
  facet normal 0.0652871 0.997867 -0
    outer loop
      vertex 169.357 10.3701 4.6
      vertex 168.9 10.4 19.8
      vertex 169.357 10.3701 19.8
    endloop
  endfacet
  facet normal 0.0652871 0.997867 0
    outer loop
      vertex 168.9 10.4 19.8
      vertex 169.357 10.3701 4.6
      vertex 168.9 10.4 4.6
    endloop
  endfacet
  facet normal 0.0652871 0.997867 -0
    outer loop
      vertex 169.357 10.3701 3.18
      vertex 168.9 10.4 3.2
      vertex 169.357 10.3701 3.2
    endloop
  endfacet
  facet normal 0.0652871 0.997867 0
    outer loop
      vertex 168.9 10.4 3.2
      vertex 169.357 10.3701 3.18
      vertex 168.9 10.4 3.18
    endloop
  endfacet
  facet normal -0.441985 0.897022 0
    outer loop
      vertex 167.561 10.1336 4.6
      vertex 167.15 9.93109 19.8
      vertex 167.561 10.1336 19.8
    endloop
  endfacet
  facet normal -0.441985 0.897022 0
    outer loop
      vertex 167.15 9.93109 19.8
      vertex 167.561 10.1336 4.6
      vertex 167.15 9.93109 4.6
    endloop
  endfacet
  facet normal -0.441985 0.897022 0
    outer loop
      vertex 167.561 10.1336 3.18
      vertex 167.15 9.93109 3.2
      vertex 167.561 10.1336 3.2
    endloop
  endfacet
  facet normal -0.441985 0.897022 0
    outer loop
      vertex 167.15 9.93109 3.2
      vertex 167.561 10.1336 3.18
      vertex 167.15 9.93109 3.18
    endloop
  endfacet
  facet normal 0.831822 -0.555043 0
    outer loop
      vertex 171.677 4.76934 19.8
      vertex 171.931 5.15 4.6
      vertex 171.931 5.15 19.8
    endloop
  endfacet
  facet normal 0.831822 -0.555043 0
    outer loop
      vertex 171.931 5.15 4.6
      vertex 171.677 4.76934 19.8
      vertex 171.677 4.76934 4.6
    endloop
  endfacet
  facet normal 0.831822 -0.555043 0
    outer loop
      vertex 171.677 4.76934 3.2
      vertex 171.931 5.15 3.18
      vertex 171.931 5.15 3.2
    endloop
  endfacet
  facet normal 0.831822 -0.555043 0
    outer loop
      vertex 171.931 5.15 3.18
      vertex 171.677 4.76934 3.2
      vertex 171.677 4.76934 3.18
    endloop
  endfacet
  facet normal -0.997851 -0.0655274 0
    outer loop
      vertex 165.43 6.44316 3.18
      vertex 165.4 6.9 3.2
      vertex 165.4 6.9 3.18
    endloop
  endfacet
  facet normal -0.997851 -0.0655274 0
    outer loop
      vertex 165.4 6.9 3.2
      vertex 165.43 6.44316 3.18
      vertex 165.43 6.44316 3.2
    endloop
  endfacet
  facet normal -0.997851 -0.0655274 0
    outer loop
      vertex 165.43 6.44316 4.6
      vertex 165.4 6.9 19.8
      vertex 165.4 6.9 4.6
    endloop
  endfacet
  facet normal -0.997851 -0.0655274 0
    outer loop
      vertex 165.4 6.9 19.8
      vertex 165.43 6.44316 4.6
      vertex 165.43 6.44316 19.8
    endloop
  endfacet
  facet normal -0.947037 -0.321126 0
    outer loop
      vertex 165.666 5.56061 3.18
      vertex 165.519 5.99413 3.2
      vertex 165.519 5.99413 3.18
    endloop
  endfacet
  facet normal -0.947037 -0.321126 0
    outer loop
      vertex 165.519 5.99413 3.2
      vertex 165.666 5.56061 3.18
      vertex 165.666 5.56061 3.2
    endloop
  endfacet
  facet normal -0.947037 -0.321126 0
    outer loop
      vertex 165.666 5.56061 4.6
      vertex 165.519 5.99413 19.8
      vertex 165.519 5.99413 4.6
    endloop
  endfacet
  facet normal -0.947037 -0.321126 0
    outer loop
      vertex 165.519 5.99413 19.8
      vertex 165.666 5.56061 4.6
      vertex 165.666 5.56061 19.8
    endloop
  endfacet
  facet normal -0.659581 -0.751634 0
    outer loop
      vertex 166.425 4.42513 4.6
      vertex 166.769 4.12326 19.8
      vertex 166.425 4.42513 19.8
    endloop
  endfacet
  facet normal -0.659581 -0.751634 -0
    outer loop
      vertex 166.769 4.12326 19.8
      vertex 166.425 4.42513 4.6
      vertex 166.769 4.12326 4.6
    endloop
  endfacet
  facet normal -0.659581 -0.751634 0
    outer loop
      vertex 166.425 4.42513 3.18
      vertex 166.769 4.12326 3.2
      vertex 166.425 4.42513 3.2
    endloop
  endfacet
  facet normal -0.659581 -0.751634 -0
    outer loop
      vertex 166.769 4.12326 3.2
      vertex 166.425 4.42513 3.18
      vertex 166.769 4.12326 3.18
    endloop
  endfacet
  facet normal 0.441985 0.897022 -0
    outer loop
      vertex 170.65 9.93109 4.6
      vertex 170.239 10.1336 19.8
      vertex 170.65 9.93109 19.8
    endloop
  endfacet
  facet normal 0.441985 0.897022 0
    outer loop
      vertex 170.239 10.1336 19.8
      vertex 170.65 9.93109 4.6
      vertex 170.239 10.1336 4.6
    endloop
  endfacet
  facet normal 0.441985 0.897022 -0
    outer loop
      vertex 170.65 9.93109 3.18
      vertex 170.239 10.1336 3.2
      vertex 170.65 9.93109 3.2
    endloop
  endfacet
  facet normal 0.441985 0.897022 0
    outer loop
      vertex 170.239 10.1336 3.2
      vertex 170.65 9.93109 3.18
      vertex 170.239 10.1336 3.18
    endloop
  endfacet
  facet normal -0.195276 0.980748 0
    outer loop
      vertex 168.443 10.3701 4.6
      vertex 167.994 10.2807 19.8
      vertex 168.443 10.3701 19.8
    endloop
  endfacet
  facet normal -0.195276 0.980748 0
    outer loop
      vertex 167.994 10.2807 19.8
      vertex 168.443 10.3701 4.6
      vertex 167.994 10.2807 4.6
    endloop
  endfacet
  facet normal -0.195276 0.980748 0
    outer loop
      vertex 168.443 10.3701 3.18
      vertex 167.994 10.2807 3.2
      vertex 168.443 10.3701 3.2
    endloop
  endfacet
  facet normal -0.195276 0.980748 0
    outer loop
      vertex 167.994 10.2807 3.2
      vertex 168.443 10.3701 3.18
      vertex 167.994 10.2807 3.18
    endloop
  endfacet
  facet normal 0.751693 0.659514 0
    outer loop
      vertex 171.677 9.03066 3.2
      vertex 171.375 9.37487 3.18
      vertex 171.375 9.37487 3.2
    endloop
  endfacet
  facet normal 0.751693 0.659514 0
    outer loop
      vertex 171.375 9.37487 3.18
      vertex 171.677 9.03066 3.2
      vertex 171.677 9.03066 3.18
    endloop
  endfacet
  facet normal 0.751693 0.659514 0
    outer loop
      vertex 171.677 9.03066 19.8
      vertex 171.375 9.37487 4.6
      vertex 171.375 9.37487 19.8
    endloop
  endfacet
  facet normal 0.751693 0.659514 0
    outer loop
      vertex 171.375 9.37487 4.6
      vertex 171.677 9.03066 19.8
      vertex 171.677 9.03066 4.6
    endloop
  endfacet
  facet normal 0.195276 0.980748 -0
    outer loop
      vertex 169.806 10.2807 4.6
      vertex 169.357 10.3701 19.8
      vertex 169.806 10.2807 19.8
    endloop
  endfacet
  facet normal 0.195276 0.980748 0
    outer loop
      vertex 169.357 10.3701 19.8
      vertex 169.806 10.2807 4.6
      vertex 169.357 10.3701 4.6
    endloop
  endfacet
  facet normal 0.195276 0.980748 -0
    outer loop
      vertex 169.806 10.2807 3.18
      vertex 169.357 10.3701 3.2
      vertex 169.806 10.2807 3.2
    endloop
  endfacet
  facet normal 0.195276 0.980748 0
    outer loop
      vertex 169.357 10.3701 3.2
      vertex 169.806 10.2807 3.18
      vertex 169.357 10.3701 3.18
    endloop
  endfacet
  facet normal 0.751693 -0.659514 0
    outer loop
      vertex 171.375 4.42513 3.2
      vertex 171.677 4.76934 3.18
      vertex 171.677 4.76934 3.2
    endloop
  endfacet
  facet normal 0.751693 -0.659514 0
    outer loop
      vertex 171.677 4.76934 3.18
      vertex 171.375 4.42513 3.2
      vertex 171.375 4.42513 3.18
    endloop
  endfacet
  facet normal 0.751693 -0.659514 0
    outer loop
      vertex 171.375 4.42513 19.8
      vertex 171.677 4.76934 4.6
      vertex 171.677 4.76934 19.8
    endloop
  endfacet
  facet normal 0.751693 -0.659514 0
    outer loop
      vertex 171.677 4.76934 4.6
      vertex 171.375 4.42513 19.8
      vertex 171.375 4.42513 4.6
    endloop
  endfacet
  facet normal -0.44195 -0.89704 0
    outer loop
      vertex 167.15 3.86891 3.18
      vertex 167.561 3.66642 3.2
      vertex 167.15 3.86891 3.2
    endloop
  endfacet
  facet normal -0.44195 -0.89704 -0
    outer loop
      vertex 167.561 3.66642 3.2
      vertex 167.15 3.86891 3.18
      vertex 167.561 3.66642 3.18
    endloop
  endfacet
  facet normal -0.44195 -0.89704 0
    outer loop
      vertex 167.15 3.86891 4.6
      vertex 167.561 3.66642 19.8
      vertex 167.15 3.86891 19.8
    endloop
  endfacet
  facet normal -0.44195 -0.89704 -0
    outer loop
      vertex 167.561 3.66642 19.8
      vertex 167.15 3.86891 4.6
      vertex 167.561 3.66642 4.6
    endloop
  endfacet
  facet normal -0.0652871 0.997867 0
    outer loop
      vertex 168.9 10.4 4.6
      vertex 168.443 10.3701 19.8
      vertex 168.9 10.4 19.8
    endloop
  endfacet
  facet normal -0.0652871 0.997867 0
    outer loop
      vertex 168.443 10.3701 19.8
      vertex 168.9 10.4 4.6
      vertex 168.443 10.3701 4.6
    endloop
  endfacet
  facet normal -0.0652871 0.997867 0
    outer loop
      vertex 168.9 10.4 3.18
      vertex 168.443 10.3701 3.2
      vertex 168.9 10.4 3.2
    endloop
  endfacet
  facet normal -0.0652871 0.997867 0
    outer loop
      vertex 168.443 10.3701 3.2
      vertex 168.9 10.4 3.18
      vertex 168.443 10.3701 3.18
    endloop
  endfacet
  facet normal -0.980918 0.194423 0
    outer loop
      vertex 165.43 7.35684 4.6
      vertex 165.519 7.80587 19.8
      vertex 165.519 7.80587 4.6
    endloop
  endfacet
  facet normal -0.980918 0.194423 0
    outer loop
      vertex 165.519 7.80587 19.8
      vertex 165.43 7.35684 4.6
      vertex 165.43 7.35684 19.8
    endloop
  endfacet
  facet normal -0.980918 0.194423 0
    outer loop
      vertex 165.43 7.35684 3.18
      vertex 165.519 7.80587 3.2
      vertex 165.519 7.80587 3.18
    endloop
  endfacet
  facet normal -0.980918 0.194423 0
    outer loop
      vertex 165.519 7.80587 3.2
      vertex 165.43 7.35684 3.18
      vertex 165.43 7.35684 3.2
    endloop
  endfacet
  facet normal 0.0653741 -0.997861 0
    outer loop
      vertex 168.9 3.4 3.18
      vertex 169.357 3.42994 3.2
      vertex 168.9 3.4 3.2
    endloop
  endfacet
  facet normal 0.0653741 -0.997861 0
    outer loop
      vertex 169.357 3.42994 3.2
      vertex 168.9 3.4 3.18
      vertex 169.357 3.42994 3.18
    endloop
  endfacet
  facet normal 0.0653741 -0.997861 0
    outer loop
      vertex 168.9 3.4 4.6
      vertex 169.357 3.42994 19.8
      vertex 168.9 3.4 19.8
    endloop
  endfacet
  facet normal 0.0653741 -0.997861 0
    outer loop
      vertex 169.357 3.42994 19.8
      vertex 168.9 3.4 4.6
      vertex 169.357 3.42994 4.6
    endloop
  endfacet
  facet normal 0.44195 -0.89704 0
    outer loop
      vertex 170.239 3.66642 3.18
      vertex 170.65 3.86891 3.2
      vertex 170.239 3.66642 3.2
    endloop
  endfacet
  facet normal 0.44195 -0.89704 0
    outer loop
      vertex 170.65 3.86891 3.2
      vertex 170.239 3.66642 3.18
      vertex 170.65 3.86891 3.18
    endloop
  endfacet
  facet normal 0.44195 -0.89704 0
    outer loop
      vertex 170.239 3.66642 4.6
      vertex 170.65 3.86891 19.8
      vertex 170.239 3.66642 19.8
    endloop
  endfacet
  facet normal 0.44195 -0.89704 0
    outer loop
      vertex 170.65 3.86891 19.8
      vertex 170.239 3.66642 4.6
      vertex 170.65 3.86891 4.6
    endloop
  endfacet
  facet normal 0 0 -1
    outer loop
      vertex 169.75 6.9 3.18
      vertex 172.4 6.9 3.18
      vertex 172.37 6.44316 3.18
    endloop
  endfacet
  facet normal 0 0 -1
    outer loop
      vertex 169.743 6.78905 3.18
      vertex 172.37 6.44316 3.18
      vertex 172.281 5.99413 3.18
    endloop
  endfacet
  facet normal 0 0 -1
    outer loop
      vertex 172.4 6.9 3.18
      vertex 169.75 6.9 3.18
      vertex 172.37 7.35684 3.18
    endloop
  endfacet
  facet normal 0 0 -1
    outer loop
      vertex 169.721 6.68 3.18
      vertex 172.281 5.99413 3.18
      vertex 172.134 5.56061 3.18
    endloop
  endfacet
  facet normal 0 0 -1
    outer loop
      vertex 169.743 7.01095 3.18
      vertex 172.37 7.35684 3.18
      vertex 169.75 6.9 3.18
    endloop
  endfacet
  facet normal 0 0 -1
    outer loop
      vertex 169.685 6.57472 3.18
      vertex 172.134 5.56061 3.18
      vertex 171.931 5.15 3.18
    endloop
  endfacet
  facet normal -0 0 -1
    outer loop
      vertex 172.37 7.35684 3.18
      vertex 169.743 7.01095 3.18
      vertex 172.281 7.80587 3.18
    endloop
  endfacet
  facet normal 0 0 -1
    outer loop
      vertex 169.636 6.475 3.18
      vertex 171.931 5.15 3.18
      vertex 171.677 4.76934 3.18
    endloop
  endfacet
  facet normal 0 0 -1
    outer loop
      vertex 169.721 7.12 3.18
      vertex 172.281 7.80587 3.18
      vertex 169.743 7.01095 3.18
    endloop
  endfacet
  facet normal 0 0 -1
    outer loop
      vertex 169.574 6.38255 3.18
      vertex 171.677 4.76934 3.18
      vertex 171.375 4.42513 3.18
    endloop
  endfacet
  facet normal -0 0 -1
    outer loop
      vertex 172.281 7.80587 3.18
      vertex 169.721 7.12 3.18
      vertex 172.134 8.23939 3.18
    endloop
  endfacet
  facet normal 0 0 -1
    outer loop
      vertex 169.501 6.29896 3.18
      vertex 171.375 4.42513 3.18
      vertex 171.031 4.12326 3.18
    endloop
  endfacet
  facet normal 0 0 -1
    outer loop
      vertex 169.685 7.22528 3.18
      vertex 172.134 8.23939 3.18
      vertex 169.721 7.12 3.18
    endloop
  endfacet
  facet normal 0 0 -1
    outer loop
      vertex 169.417 6.22565 3.18
      vertex 171.031 4.12326 3.18
      vertex 170.65 3.86891 3.18
    endloop
  endfacet
  facet normal -0 0 -1
    outer loop
      vertex 172.134 8.23939 3.18
      vertex 169.685 7.22528 3.18
      vertex 171.931 8.65 3.18
    endloop
  endfacet
  facet normal 0 0 -1
    outer loop
      vertex 169.325 6.16388 3.18
      vertex 170.65 3.86891 3.18
      vertex 170.239 3.66642 3.18
    endloop
  endfacet
  facet normal 0 0 -1
    outer loop
      vertex 169.636 7.325 3.18
      vertex 171.931 8.65 3.18
      vertex 169.685 7.22528 3.18
    endloop
  endfacet
  facet normal 0 0 -1
    outer loop
      vertex 169.225 6.1147 3.18
      vertex 170.239 3.66642 3.18
      vertex 169.806 3.51926 3.18
    endloop
  endfacet
  facet normal -0 0 -1
    outer loop
      vertex 171.931 8.65 3.18
      vertex 169.636 7.325 3.18
      vertex 171.677 9.03066 3.18
    endloop
  endfacet
  facet normal 0 0 -1
    outer loop
      vertex 169.574 7.41745 3.18
      vertex 171.677 9.03066 3.18
      vertex 169.636 7.325 3.18
    endloop
  endfacet
  facet normal 0 0 -1
    outer loop
      vertex 172.37 6.44316 3.18
      vertex 169.743 6.78905 3.18
      vertex 169.75 6.9 3.18
    endloop
  endfacet
  facet normal 0 0 -1
    outer loop
      vertex 172.281 5.99413 3.18
      vertex 169.721 6.68 3.18
      vertex 169.743 6.78905 3.18
    endloop
  endfacet
  facet normal 0 0 -1
    outer loop
      vertex 172.134 5.56061 3.18
      vertex 169.685 6.57472 3.18
      vertex 169.721 6.68 3.18
    endloop
  endfacet
  facet normal 0 0 -1
    outer loop
      vertex 171.931 5.15 3.18
      vertex 169.636 6.475 3.18
      vertex 169.685 6.57472 3.18
    endloop
  endfacet
  facet normal 0 0 -1
    outer loop
      vertex 171.677 4.76934 3.18
      vertex 169.574 6.38255 3.18
      vertex 169.636 6.475 3.18
    endloop
  endfacet
  facet normal 0 0 -1
    outer loop
      vertex 171.375 4.42513 3.18
      vertex 169.501 6.29896 3.18
      vertex 169.574 6.38255 3.18
    endloop
  endfacet
  facet normal 0 0 -1
    outer loop
      vertex 171.031 4.12326 3.18
      vertex 169.417 6.22565 3.18
      vertex 169.501 6.29896 3.18
    endloop
  endfacet
  facet normal 0 0 -1
    outer loop
      vertex 169.12 6.07896 3.18
      vertex 169.806 3.51926 3.18
      vertex 169.357 3.42994 3.18
    endloop
  endfacet
  facet normal 0 0 -1
    outer loop
      vertex 170.65 3.86891 3.18
      vertex 169.325 6.16388 3.18
      vertex 169.417 6.22565 3.18
    endloop
  endfacet
  facet normal 0 0 -1
    outer loop
      vertex 170.239 3.66642 3.18
      vertex 169.225 6.1147 3.18
      vertex 169.325 6.16388 3.18
    endloop
  endfacet
  facet normal 0 0 -1
    outer loop
      vertex 169.806 3.51926 3.18
      vertex 169.12 6.07896 3.18
      vertex 169.225 6.1147 3.18
    endloop
  endfacet
  facet normal 0 0 -1
    outer loop
      vertex 169.357 3.42994 3.18
      vertex 169.011 6.05727 3.18
      vertex 169.12 6.07896 3.18
    endloop
  endfacet
  facet normal 0 0 -1
    outer loop
      vertex 168.9 3.4 3.18
      vertex 169.011 6.05727 3.18
      vertex 169.357 3.42994 3.18
    endloop
  endfacet
  facet normal 0 0 -1
    outer loop
      vertex 168.9 3.4 3.18
      vertex 168.9 6.05 3.18
      vertex 169.011 6.05727 3.18
    endloop
  endfacet
  facet normal 0 0 -1
    outer loop
      vertex 168.9 3.4 3.18
      vertex 168.789 6.05727 3.18
      vertex 168.9 6.05 3.18
    endloop
  endfacet
  facet normal 0 0 -1
    outer loop
      vertex 168.443 3.42994 3.18
      vertex 168.789 6.05727 3.18
      vertex 168.9 3.4 3.18
    endloop
  endfacet
  facet normal -0 0 -1
    outer loop
      vertex 168.789 6.05727 3.18
      vertex 168.443 3.42994 3.18
      vertex 168.68 6.07896 3.18
    endloop
  endfacet
  facet normal 0 0 -1
    outer loop
      vertex 167.994 3.51926 3.18
      vertex 168.68 6.07896 3.18
      vertex 168.443 3.42994 3.18
    endloop
  endfacet
  facet normal -0 0 -1
    outer loop
      vertex 168.68 6.07896 3.18
      vertex 167.994 3.51926 3.18
      vertex 168.575 6.1147 3.18
    endloop
  endfacet
  facet normal 0 0 -1
    outer loop
      vertex 167.561 3.66642 3.18
      vertex 168.575 6.1147 3.18
      vertex 167.994 3.51926 3.18
    endloop
  endfacet
  facet normal -0 0 -1
    outer loop
      vertex 168.575 6.1147 3.18
      vertex 167.561 3.66642 3.18
      vertex 168.475 6.16388 3.18
    endloop
  endfacet
  facet normal 0 0 -1
    outer loop
      vertex 167.15 3.86891 3.18
      vertex 168.475 6.16388 3.18
      vertex 167.561 3.66642 3.18
    endloop
  endfacet
  facet normal -0 0 -1
    outer loop
      vertex 168.475 6.16388 3.18
      vertex 167.15 3.86891 3.18
      vertex 168.383 6.22565 3.18
    endloop
  endfacet
  facet normal 0 0 -1
    outer loop
      vertex 166.769 4.12326 3.18
      vertex 168.383 6.22565 3.18
      vertex 167.15 3.86891 3.18
    endloop
  endfacet
  facet normal -0 0 -1
    outer loop
      vertex 168.383 6.22565 3.18
      vertex 166.769 4.12326 3.18
      vertex 168.299 6.29896 3.18
    endloop
  endfacet
  facet normal 0 0 -1
    outer loop
      vertex 166.425 4.42513 3.18
      vertex 168.299 6.29896 3.18
      vertex 166.769 4.12326 3.18
    endloop
  endfacet
  facet normal 0 0 -1
    outer loop
      vertex 166.123 4.76934 3.18
      vertex 168.226 6.38255 3.18
      vertex 166.425 4.42513 3.18
    endloop
  endfacet
  facet normal -0 0 -1
    outer loop
      vertex 168.299 6.29896 3.18
      vertex 166.425 4.42513 3.18
      vertex 168.226 6.38255 3.18
    endloop
  endfacet
  facet normal -0 0 -1
    outer loop
      vertex 171.677 9.03066 3.18
      vertex 169.574 7.41745 3.18
      vertex 171.375 9.37487 3.18
    endloop
  endfacet
  facet normal 0 0 -1
    outer loop
      vertex 169.501 7.50104 3.18
      vertex 171.375 9.37487 3.18
      vertex 169.574 7.41745 3.18
    endloop
  endfacet
  facet normal -0 0 -1
    outer loop
      vertex 171.375 9.37487 3.18
      vertex 169.501 7.50104 3.18
      vertex 171.031 9.67674 3.18
    endloop
  endfacet
  facet normal 0 0 -1
    outer loop
      vertex 169.417 7.57435 3.18
      vertex 171.031 9.67674 3.18
      vertex 169.501 7.50104 3.18
    endloop
  endfacet
  facet normal -0 0 -1
    outer loop
      vertex 171.031 9.67674 3.18
      vertex 169.417 7.57435 3.18
      vertex 170.65 9.93109 3.18
    endloop
  endfacet
  facet normal 0 0 -1
    outer loop
      vertex 169.325 7.63612 3.18
      vertex 170.65 9.93109 3.18
      vertex 169.417 7.57435 3.18
    endloop
  endfacet
  facet normal -0 0 -1
    outer loop
      vertex 170.65 9.93109 3.18
      vertex 169.325 7.63612 3.18
      vertex 170.239 10.1336 3.18
    endloop
  endfacet
  facet normal 0 0 -1
    outer loop
      vertex 169.225 7.6853 3.18
      vertex 170.239 10.1336 3.18
      vertex 169.325 7.63612 3.18
    endloop
  endfacet
  facet normal -0 0 -1
    outer loop
      vertex 170.239 10.1336 3.18
      vertex 169.225 7.6853 3.18
      vertex 169.806 10.2807 3.18
    endloop
  endfacet
  facet normal 0 0 -1
    outer loop
      vertex 169.12 7.72104 3.18
      vertex 169.806 10.2807 3.18
      vertex 169.225 7.6853 3.18
    endloop
  endfacet
  facet normal -0 0 -1
    outer loop
      vertex 169.806 10.2807 3.18
      vertex 169.12 7.72104 3.18
      vertex 169.357 10.3701 3.18
    endloop
  endfacet
  facet normal 0 0 -1
    outer loop
      vertex 169.011 7.74273 3.18
      vertex 169.357 10.3701 3.18
      vertex 169.12 7.72104 3.18
    endloop
  endfacet
  facet normal 0 0 -1
    outer loop
      vertex 168.9 7.75 3.18
      vertex 169.357 10.3701 3.18
      vertex 169.011 7.74273 3.18
    endloop
  endfacet
  facet normal 0 0 -1
    outer loop
      vertex 168.9 7.75 3.18
      vertex 168.9 10.4 3.18
      vertex 169.357 10.3701 3.18
    endloop
  endfacet
  facet normal 0 0 -1
    outer loop
      vertex 168.789 7.74273 3.18
      vertex 168.9 10.4 3.18
      vertex 168.9 7.75 3.18
    endloop
  endfacet
  facet normal 0 0 -1
    outer loop
      vertex 168.443 10.3701 3.18
      vertex 168.789 7.74273 3.18
      vertex 168.68 7.72104 3.18
    endloop
  endfacet
  facet normal 0 0 -1
    outer loop
      vertex 167.994 10.2807 3.18
      vertex 168.68 7.72104 3.18
      vertex 168.575 7.6853 3.18
    endloop
  endfacet
  facet normal 0 0 -1
    outer loop
      vertex 167.561 10.1336 3.18
      vertex 168.575 7.6853 3.18
      vertex 168.475 7.63612 3.18
    endloop
  endfacet
  facet normal 0 0 -1
    outer loop
      vertex 168.789 7.74273 3.18
      vertex 168.443 10.3701 3.18
      vertex 168.9 10.4 3.18
    endloop
  endfacet
  facet normal 0 0 -1
    outer loop
      vertex 167.15 9.93109 3.18
      vertex 168.475 7.63612 3.18
      vertex 168.383 7.57435 3.18
    endloop
  endfacet
  facet normal 0 0 -1
    outer loop
      vertex 166.769 9.67674 3.18
      vertex 168.383 7.57435 3.18
      vertex 168.299 7.50104 3.18
    endloop
  endfacet
  facet normal 0 0 -1
    outer loop
      vertex 166.425 9.37487 3.18
      vertex 168.299 7.50104 3.18
      vertex 168.226 7.41745 3.18
    endloop
  endfacet
  facet normal 0 0 -1
    outer loop
      vertex 166.123 9.03066 3.18
      vertex 168.226 7.41745 3.18
      vertex 168.164 7.325 3.18
    endloop
  endfacet
  facet normal 0 0 -1
    outer loop
      vertex 165.869 8.65 3.18
      vertex 168.164 7.325 3.18
      vertex 168.115 7.22528 3.18
    endloop
  endfacet
  facet normal 0 0 -1
    outer loop
      vertex 165.666 8.23939 3.18
      vertex 168.115 7.22528 3.18
      vertex 168.079 7.12 3.18
    endloop
  endfacet
  facet normal 0 0 -1
    outer loop
      vertex 165.519 7.80587 3.18
      vertex 168.079 7.12 3.18
      vertex 168.057 7.01095 3.18
    endloop
  endfacet
  facet normal 0 0 -1
    outer loop
      vertex 168.68 7.72104 3.18
      vertex 167.994 10.2807 3.18
      vertex 168.443 10.3701 3.18
    endloop
  endfacet
  facet normal 0 0 -1
    outer loop
      vertex 165.43 7.35684 3.18
      vertex 168.057 7.01095 3.18
      vertex 168.05 6.9 3.18
    endloop
  endfacet
  facet normal -0 0 -1
    outer loop
      vertex 168.226 6.38255 3.18
      vertex 166.123 4.76934 3.18
      vertex 168.164 6.475 3.18
    endloop
  endfacet
  facet normal 0 0 -1
    outer loop
      vertex 165.869 5.15 3.18
      vertex 168.164 6.475 3.18
      vertex 166.123 4.76934 3.18
    endloop
  endfacet
  facet normal 0 0 -1
    outer loop
      vertex 168.575 7.6853 3.18
      vertex 167.561 10.1336 3.18
      vertex 167.994 10.2807 3.18
    endloop
  endfacet
  facet normal -0 0 -1
    outer loop
      vertex 168.164 6.475 3.18
      vertex 165.869 5.15 3.18
      vertex 168.115 6.57472 3.18
    endloop
  endfacet
  facet normal 0 0 -1
    outer loop
      vertex 168.475 7.63612 3.18
      vertex 167.15 9.93109 3.18
      vertex 167.561 10.1336 3.18
    endloop
  endfacet
  facet normal 0 0 -1
    outer loop
      vertex 165.666 5.56061 3.18
      vertex 168.115 6.57472 3.18
      vertex 165.869 5.15 3.18
    endloop
  endfacet
  facet normal 0 0 -1
    outer loop
      vertex 168.383 7.57435 3.18
      vertex 166.769 9.67674 3.18
      vertex 167.15 9.93109 3.18
    endloop
  endfacet
  facet normal -0 0 -1
    outer loop
      vertex 168.115 6.57472 3.18
      vertex 165.666 5.56061 3.18
      vertex 168.079 6.68 3.18
    endloop
  endfacet
  facet normal 0 0 -1
    outer loop
      vertex 168.299 7.50104 3.18
      vertex 166.425 9.37487 3.18
      vertex 166.769 9.67674 3.18
    endloop
  endfacet
  facet normal 0 0 -1
    outer loop
      vertex 165.519 5.99413 3.18
      vertex 168.079 6.68 3.18
      vertex 165.666 5.56061 3.18
    endloop
  endfacet
  facet normal 0 0 -1
    outer loop
      vertex 168.226 7.41745 3.18
      vertex 166.123 9.03066 3.18
      vertex 166.425 9.37487 3.18
    endloop
  endfacet
  facet normal -0 0 -1
    outer loop
      vertex 168.079 6.68 3.18
      vertex 165.519 5.99413 3.18
      vertex 168.057 6.78905 3.18
    endloop
  endfacet
  facet normal 0 0 -1
    outer loop
      vertex 168.164 7.325 3.18
      vertex 165.869 8.65 3.18
      vertex 166.123 9.03066 3.18
    endloop
  endfacet
  facet normal 0 0 -1
    outer loop
      vertex 165.43 6.44316 3.18
      vertex 168.057 6.78905 3.18
      vertex 165.519 5.99413 3.18
    endloop
  endfacet
  facet normal 0 0 -1
    outer loop
      vertex 168.115 7.22528 3.18
      vertex 165.666 8.23939 3.18
      vertex 165.869 8.65 3.18
    endloop
  endfacet
  facet normal -0 0 -1
    outer loop
      vertex 168.057 6.78905 3.18
      vertex 165.43 6.44316 3.18
      vertex 168.05 6.9 3.18
    endloop
  endfacet
  facet normal 0 0 -1
    outer loop
      vertex 168.079 7.12 3.18
      vertex 165.519 7.80587 3.18
      vertex 165.666 8.23939 3.18
    endloop
  endfacet
  facet normal 0 0 -1
    outer loop
      vertex 165.4 6.9 3.18
      vertex 168.05 6.9 3.18
      vertex 165.43 6.44316 3.18
    endloop
  endfacet
  facet normal 0 0 -1
    outer loop
      vertex 168.057 7.01095 3.18
      vertex 165.43 7.35684 3.18
      vertex 165.519 7.80587 3.18
    endloop
  endfacet
  facet normal 0 0 -1
    outer loop
      vertex 168.05 6.9 3.18
      vertex 165.4 6.9 3.18
      vertex 165.43 7.35684 3.18
    endloop
  endfacet
  facet normal 0.659581 -0.751634 0
    outer loop
      vertex 171.031 4.12326 3.18
      vertex 171.375 4.42513 3.2
      vertex 171.031 4.12326 3.2
    endloop
  endfacet
  facet normal 0.659581 -0.751634 0
    outer loop
      vertex 171.375 4.42513 3.2
      vertex 171.031 4.12326 3.18
      vertex 171.375 4.42513 3.18
    endloop
  endfacet
  facet normal 0.659581 -0.751634 0
    outer loop
      vertex 171.031 4.12326 4.6
      vertex 171.375 4.42513 19.8
      vertex 171.031 4.12326 19.8
    endloop
  endfacet
  facet normal 0.659581 -0.751634 0
    outer loop
      vertex 171.375 4.42513 19.8
      vertex 171.031 4.12326 4.6
      vertex 171.375 4.42513 4.6
    endloop
  endfacet
  facet normal -0.896431 -0.443183 0
    outer loop
      vertex 165.869 5.15 3.18
      vertex 165.666 5.56061 3.2
      vertex 165.666 5.56061 3.18
    endloop
  endfacet
  facet normal -0.896431 -0.443183 0
    outer loop
      vertex 165.666 5.56061 3.2
      vertex 165.869 5.15 3.18
      vertex 165.869 5.15 3.2
    endloop
  endfacet
  facet normal -0.896431 -0.443183 0
    outer loop
      vertex 165.869 5.15 4.6
      vertex 165.666 5.56061 19.8
      vertex 165.666 5.56061 4.6
    endloop
  endfacet
  facet normal -0.896431 -0.443183 0
    outer loop
      vertex 165.666 5.56061 19.8
      vertex 165.869 5.15 4.6
      vertex 165.869 5.15 19.8
    endloop
  endfacet
  facet normal 0.896431 -0.443183 0
    outer loop
      vertex 171.931 5.15 19.8
      vertex 172.134 5.56061 4.6
      vertex 172.134 5.56061 19.8
    endloop
  endfacet
  facet normal 0.896431 -0.443183 0
    outer loop
      vertex 172.134 5.56061 4.6
      vertex 171.931 5.15 19.8
      vertex 171.931 5.15 4.6
    endloop
  endfacet
  facet normal 0.896431 -0.443183 0
    outer loop
      vertex 171.931 5.15 3.2
      vertex 172.134 5.56061 3.18
      vertex 172.134 5.56061 3.2
    endloop
  endfacet
  facet normal 0.896431 -0.443183 0
    outer loop
      vertex 172.134 5.56061 3.18
      vertex 171.931 5.15 3.2
      vertex 171.931 5.15 3.18
    endloop
  endfacet
  facet normal 0.659581 0.751634 -0
    outer loop
      vertex 171.375 9.37487 3.18
      vertex 171.031 9.67674 3.2
      vertex 171.375 9.37487 3.2
    endloop
  endfacet
  facet normal 0.659581 0.751634 0
    outer loop
      vertex 171.031 9.67674 3.2
      vertex 171.375 9.37487 3.18
      vertex 171.031 9.67674 3.18
    endloop
  endfacet
  facet normal 0.659581 0.751634 -0
    outer loop
      vertex 171.375 9.37487 4.6
      vertex 171.031 9.67674 19.8
      vertex 171.375 9.37487 19.8
    endloop
  endfacet
  facet normal 0.659581 0.751634 0
    outer loop
      vertex 171.031 9.67674 19.8
      vertex 171.375 9.37487 4.6
      vertex 171.031 9.67674 4.6
    endloop
  endfacet
  facet normal 0.997851 -0.0655274 0
    outer loop
      vertex 172.37 6.44316 3.2
      vertex 172.4 6.9 3.18
      vertex 172.4 6.9 3.2
    endloop
  endfacet
  facet normal 0.997851 -0.0655274 0
    outer loop
      vertex 172.4 6.9 3.18
      vertex 172.37 6.44316 3.2
      vertex 172.37 6.44316 3.18
    endloop
  endfacet
  facet normal 0.997851 -0.0655274 0
    outer loop
      vertex 172.37 6.44316 19.8
      vertex 172.4 6.9 4.6
      vertex 172.4 6.9 19.8
    endloop
  endfacet
  facet normal 0.997851 -0.0655274 0
    outer loop
      vertex 172.4 6.9 4.6
      vertex 172.37 6.44316 19.8
      vertex 172.37 6.44316 4.6
    endloop
  endfacet
  facet normal -0.555229 -0.831697 0
    outer loop
      vertex 166.769 4.12326 3.18
      vertex 167.15 3.86891 3.2
      vertex 166.769 4.12326 3.2
    endloop
  endfacet
  facet normal -0.555229 -0.831697 -0
    outer loop
      vertex 167.15 3.86891 3.2
      vertex 166.769 4.12326 3.18
      vertex 167.15 3.86891 3.18
    endloop
  endfacet
  facet normal -0.555229 -0.831697 0
    outer loop
      vertex 166.769 4.12326 4.6
      vertex 167.15 3.86891 19.8
      vertex 166.769 4.12326 19.8
    endloop
  endfacet
  facet normal -0.555229 -0.831697 -0
    outer loop
      vertex 167.15 3.86891 19.8
      vertex 166.769 4.12326 4.6
      vertex 167.15 3.86891 4.6
    endloop
  endfacet
  facet normal 0.896431 0.443183 0
    outer loop
      vertex 172.134 8.23939 3.2
      vertex 171.931 8.65 3.18
      vertex 171.931 8.65 3.2
    endloop
  endfacet
  facet normal 0.896431 0.443183 0
    outer loop
      vertex 171.931 8.65 3.18
      vertex 172.134 8.23939 3.2
      vertex 172.134 8.23939 3.18
    endloop
  endfacet
  facet normal 0.896431 0.443183 0
    outer loop
      vertex 172.134 8.23939 19.8
      vertex 171.931 8.65 4.6
      vertex 171.931 8.65 19.8
    endloop
  endfacet
  facet normal 0.896431 0.443183 0
    outer loop
      vertex 171.931 8.65 4.6
      vertex 172.134 8.23939 19.8
      vertex 172.134 8.23939 4.6
    endloop
  endfacet
  facet normal 0.980918 -0.194423 0
    outer loop
      vertex 172.281 5.99413 3.2
      vertex 172.37 6.44316 3.18
      vertex 172.37 6.44316 3.2
    endloop
  endfacet
  facet normal 0.980918 -0.194423 0
    outer loop
      vertex 172.37 6.44316 3.18
      vertex 172.281 5.99413 3.2
      vertex 172.281 5.99413 3.18
    endloop
  endfacet
  facet normal 0.980918 -0.194423 0
    outer loop
      vertex 172.281 5.99413 19.8
      vertex 172.37 6.44316 4.6
      vertex 172.37 6.44316 19.8
    endloop
  endfacet
  facet normal 0.980918 -0.194423 0
    outer loop
      vertex 172.37 6.44316 4.6
      vertex 172.281 5.99413 19.8
      vertex 172.281 5.99413 4.6
    endloop
  endfacet
  facet normal 0.947037 0.321126 0
    outer loop
      vertex 172.281 7.80587 3.2
      vertex 172.134 8.23939 3.18
      vertex 172.134 8.23939 3.2
    endloop
  endfacet
  facet normal 0.947037 0.321126 0
    outer loop
      vertex 172.134 8.23939 3.18
      vertex 172.281 7.80587 3.2
      vertex 172.281 7.80587 3.18
    endloop
  endfacet
  facet normal 0.947037 0.321126 0
    outer loop
      vertex 172.281 7.80587 19.8
      vertex 172.134 8.23939 4.6
      vertex 172.134 8.23939 19.8
    endloop
  endfacet
  facet normal 0.947037 0.321126 0
    outer loop
      vertex 172.134 8.23939 4.6
      vertex 172.281 7.80587 19.8
      vertex 172.281 7.80587 4.6
    endloop
  endfacet
  facet normal -0.980918 -0.194423 0
    outer loop
      vertex 165.519 5.99413 3.18
      vertex 165.43 6.44316 3.2
      vertex 165.43 6.44316 3.18
    endloop
  endfacet
  facet normal -0.980918 -0.194423 0
    outer loop
      vertex 165.43 6.44316 3.2
      vertex 165.519 5.99413 3.18
      vertex 165.519 5.99413 3.2
    endloop
  endfacet
  facet normal -0.980918 -0.194423 0
    outer loop
      vertex 165.519 5.99413 4.6
      vertex 165.43 6.44316 19.8
      vertex 165.43 6.44316 4.6
    endloop
  endfacet
  facet normal -0.980918 -0.194423 0
    outer loop
      vertex 165.43 6.44316 19.8
      vertex 165.519 5.99413 4.6
      vertex 165.519 5.99413 19.8
    endloop
  endfacet
  facet normal -0.751693 -0.659514 0
    outer loop
      vertex 166.425 4.42513 4.6
      vertex 166.123 4.76934 19.8
      vertex 166.123 4.76934 4.6
    endloop
  endfacet
  facet normal -0.751693 -0.659514 0
    outer loop
      vertex 166.123 4.76934 19.8
      vertex 166.425 4.42513 4.6
      vertex 166.425 4.42513 19.8
    endloop
  endfacet
  facet normal -0.751693 -0.659514 0
    outer loop
      vertex 166.425 4.42513 3.18
      vertex 166.123 4.76934 3.2
      vertex 166.123 4.76934 3.18
    endloop
  endfacet
  facet normal -0.751693 -0.659514 0
    outer loop
      vertex 166.123 4.76934 3.2
      vertex 166.425 4.42513 3.18
      vertex 166.425 4.42513 3.2
    endloop
  endfacet
  facet normal 0 0 1
    outer loop
      vertex 169.75 6.9 19.8
      vertex 172.4 6.9 19.8
      vertex 172.37 7.35684 19.8
    endloop
  endfacet
  facet normal 0 0 1
    outer loop
      vertex 169.743 7.01095 19.8
      vertex 172.37 7.35684 19.8
      vertex 172.281 7.80587 19.8
    endloop
  endfacet
  facet normal 0 0 1
    outer loop
      vertex 172.4 6.9 19.8
      vertex 169.75 6.9 19.8
      vertex 172.37 6.44316 19.8
    endloop
  endfacet
  facet normal 0 0 1
    outer loop
      vertex 169.721 7.12 19.8
      vertex 172.281 7.80587 19.8
      vertex 172.134 8.23939 19.8
    endloop
  endfacet
  facet normal -0 0 1
    outer loop
      vertex 169.743 6.78905 19.8
      vertex 172.37 6.44316 19.8
      vertex 169.75 6.9 19.8
    endloop
  endfacet
  facet normal 0 0 1
    outer loop
      vertex 169.685 7.22528 19.8
      vertex 172.134 8.23939 19.8
      vertex 171.931 8.65 19.8
    endloop
  endfacet
  facet normal 0 0 1
    outer loop
      vertex 172.37 6.44316 19.8
      vertex 169.743 6.78905 19.8
      vertex 172.281 5.99413 19.8
    endloop
  endfacet
  facet normal 0 0 1
    outer loop
      vertex 169.636 7.325 19.8
      vertex 171.931 8.65 19.8
      vertex 171.677 9.03066 19.8
    endloop
  endfacet
  facet normal -0 0 1
    outer loop
      vertex 169.721 6.68 19.8
      vertex 172.281 5.99413 19.8
      vertex 169.743 6.78905 19.8
    endloop
  endfacet
  facet normal 0 0 1
    outer loop
      vertex 169.574 7.41745 19.8
      vertex 171.677 9.03066 19.8
      vertex 171.375 9.37487 19.8
    endloop
  endfacet
  facet normal 0 0 1
    outer loop
      vertex 172.281 5.99413 19.8
      vertex 169.721 6.68 19.8
      vertex 172.134 5.56061 19.8
    endloop
  endfacet
  facet normal 0 0 1
    outer loop
      vertex 169.501 7.50104 19.8
      vertex 171.375 9.37487 19.8
      vertex 171.031 9.67674 19.8
    endloop
  endfacet
  facet normal -0 0 1
    outer loop
      vertex 169.685 6.57472 19.8
      vertex 172.134 5.56061 19.8
      vertex 169.721 6.68 19.8
    endloop
  endfacet
  facet normal 0 0 1
    outer loop
      vertex 169.417 7.57435 19.8
      vertex 171.031 9.67674 19.8
      vertex 170.65 9.93109 19.8
    endloop
  endfacet
  facet normal 0 0 1
    outer loop
      vertex 172.134 5.56061 19.8
      vertex 169.685 6.57472 19.8
      vertex 171.931 5.15 19.8
    endloop
  endfacet
  facet normal 0 0 1
    outer loop
      vertex 169.325 7.63612 19.8
      vertex 170.65 9.93109 19.8
      vertex 170.239 10.1336 19.8
    endloop
  endfacet
  facet normal -0 0 1
    outer loop
      vertex 169.636 6.475 19.8
      vertex 171.931 5.15 19.8
      vertex 169.685 6.57472 19.8
    endloop
  endfacet
  facet normal 0 0 1
    outer loop
      vertex 169.225 7.6853 19.8
      vertex 170.239 10.1336 19.8
      vertex 169.806 10.2807 19.8
    endloop
  endfacet
  facet normal 0 0 1
    outer loop
      vertex 171.931 5.15 19.8
      vertex 169.636 6.475 19.8
      vertex 171.677 4.76934 19.8
    endloop
  endfacet
  facet normal -0 0 1
    outer loop
      vertex 169.574 6.38255 19.8
      vertex 171.677 4.76934 19.8
      vertex 169.636 6.475 19.8
    endloop
  endfacet
  facet normal 0 0 1
    outer loop
      vertex 172.37 7.35684 19.8
      vertex 169.743 7.01095 19.8
      vertex 169.75 6.9 19.8
    endloop
  endfacet
  facet normal 0 0 1
    outer loop
      vertex 172.281 7.80587 19.8
      vertex 169.721 7.12 19.8
      vertex 169.743 7.01095 19.8
    endloop
  endfacet
  facet normal 0 0 1
    outer loop
      vertex 172.134 8.23939 19.8
      vertex 169.685 7.22528 19.8
      vertex 169.721 7.12 19.8
    endloop
  endfacet
  facet normal 0 0 1
    outer loop
      vertex 171.931 8.65 19.8
      vertex 169.636 7.325 19.8
      vertex 169.685 7.22528 19.8
    endloop
  endfacet
  facet normal 0 0 1
    outer loop
      vertex 171.677 9.03066 19.8
      vertex 169.574 7.41745 19.8
      vertex 169.636 7.325 19.8
    endloop
  endfacet
  facet normal 0 0 1
    outer loop
      vertex 171.375 9.37487 19.8
      vertex 169.501 7.50104 19.8
      vertex 169.574 7.41745 19.8
    endloop
  endfacet
  facet normal 0 0 1
    outer loop
      vertex 171.031 9.67674 19.8
      vertex 169.417 7.57435 19.8
      vertex 169.501 7.50104 19.8
    endloop
  endfacet
  facet normal 0 0 1
    outer loop
      vertex 169.12 7.72104 19.8
      vertex 169.806 10.2807 19.8
      vertex 169.357 10.3701 19.8
    endloop
  endfacet
  facet normal 0 0 1
    outer loop
      vertex 170.65 9.93109 19.8
      vertex 169.325 7.63612 19.8
      vertex 169.417 7.57435 19.8
    endloop
  endfacet
  facet normal 0 0 1
    outer loop
      vertex 170.239 10.1336 19.8
      vertex 169.225 7.6853 19.8
      vertex 169.325 7.63612 19.8
    endloop
  endfacet
  facet normal 0 0 1
    outer loop
      vertex 169.806 10.2807 19.8
      vertex 169.12 7.72104 19.8
      vertex 169.225 7.6853 19.8
    endloop
  endfacet
  facet normal 0 0 1
    outer loop
      vertex 169.357 10.3701 19.8
      vertex 169.011 7.74273 19.8
      vertex 169.12 7.72104 19.8
    endloop
  endfacet
  facet normal 0 0 1
    outer loop
      vertex 168.9 10.4 19.8
      vertex 169.011 7.74273 19.8
      vertex 169.357 10.3701 19.8
    endloop
  endfacet
  facet normal 0 0 1
    outer loop
      vertex 168.9 10.4 19.8
      vertex 168.9 7.75 19.8
      vertex 169.011 7.74273 19.8
    endloop
  endfacet
  facet normal 0 0 1
    outer loop
      vertex 168.9 10.4 19.8
      vertex 168.789 7.74273 19.8
      vertex 168.9 7.75 19.8
    endloop
  endfacet
  facet normal -0 0 1
    outer loop
      vertex 168.443 10.3701 19.8
      vertex 168.789 7.74273 19.8
      vertex 168.9 10.4 19.8
    endloop
  endfacet
  facet normal 0 0 1
    outer loop
      vertex 168.789 7.74273 19.8
      vertex 168.443 10.3701 19.8
      vertex 168.68 7.72104 19.8
    endloop
  endfacet
  facet normal -0 0 1
    outer loop
      vertex 167.994 10.2807 19.8
      vertex 168.68 7.72104 19.8
      vertex 168.443 10.3701 19.8
    endloop
  endfacet
  facet normal 0 0 1
    outer loop
      vertex 168.68 7.72104 19.8
      vertex 167.994 10.2807 19.8
      vertex 168.575 7.6853 19.8
    endloop
  endfacet
  facet normal -0 0 1
    outer loop
      vertex 167.561 10.1336 19.8
      vertex 168.575 7.6853 19.8
      vertex 167.994 10.2807 19.8
    endloop
  endfacet
  facet normal 0 0 1
    outer loop
      vertex 168.575 7.6853 19.8
      vertex 167.561 10.1336 19.8
      vertex 168.475 7.63612 19.8
    endloop
  endfacet
  facet normal -0 0 1
    outer loop
      vertex 167.15 9.93109 19.8
      vertex 168.475 7.63612 19.8
      vertex 167.561 10.1336 19.8
    endloop
  endfacet
  facet normal 0 0 1
    outer loop
      vertex 168.475 7.63612 19.8
      vertex 167.15 9.93109 19.8
      vertex 168.383 7.57435 19.8
    endloop
  endfacet
  facet normal -0 0 1
    outer loop
      vertex 166.769 9.67674 19.8
      vertex 168.383 7.57435 19.8
      vertex 167.15 9.93109 19.8
    endloop
  endfacet
  facet normal 0 0 1
    outer loop
      vertex 168.383 7.57435 19.8
      vertex 166.769 9.67674 19.8
      vertex 168.299 7.50104 19.8
    endloop
  endfacet
  facet normal -0 0 1
    outer loop
      vertex 166.425 9.37487 19.8
      vertex 168.299 7.50104 19.8
      vertex 166.769 9.67674 19.8
    endloop
  endfacet
  facet normal -0 0 1
    outer loop
      vertex 166.123 9.03066 19.8
      vertex 168.226 7.41745 19.8
      vertex 166.425 9.37487 19.8
    endloop
  endfacet
  facet normal 0 0 1
    outer loop
      vertex 168.299 7.50104 19.8
      vertex 166.425 9.37487 19.8
      vertex 168.226 7.41745 19.8
    endloop
  endfacet
  facet normal 0 0 1
    outer loop
      vertex 171.677 4.76934 19.8
      vertex 169.574 6.38255 19.8
      vertex 171.375 4.42513 19.8
    endloop
  endfacet
  facet normal -0 0 1
    outer loop
      vertex 169.501 6.29896 19.8
      vertex 171.375 4.42513 19.8
      vertex 169.574 6.38255 19.8
    endloop
  endfacet
  facet normal 0 0 1
    outer loop
      vertex 171.375 4.42513 19.8
      vertex 169.501 6.29896 19.8
      vertex 171.031 4.12326 19.8
    endloop
  endfacet
  facet normal -0 0 1
    outer loop
      vertex 169.417 6.22565 19.8
      vertex 171.031 4.12326 19.8
      vertex 169.501 6.29896 19.8
    endloop
  endfacet
  facet normal 0 0 1
    outer loop
      vertex 171.031 4.12326 19.8
      vertex 169.417 6.22565 19.8
      vertex 170.65 3.86891 19.8
    endloop
  endfacet
  facet normal -0 0 1
    outer loop
      vertex 169.325 6.16388 19.8
      vertex 170.65 3.86891 19.8
      vertex 169.417 6.22565 19.8
    endloop
  endfacet
  facet normal 0 0 1
    outer loop
      vertex 170.65 3.86891 19.8
      vertex 169.325 6.16388 19.8
      vertex 170.239 3.66642 19.8
    endloop
  endfacet
  facet normal -0 0 1
    outer loop
      vertex 169.225 6.1147 19.8
      vertex 170.239 3.66642 19.8
      vertex 169.325 6.16388 19.8
    endloop
  endfacet
  facet normal 0 0 1
    outer loop
      vertex 170.239 3.66642 19.8
      vertex 169.225 6.1147 19.8
      vertex 169.806 3.51926 19.8
    endloop
  endfacet
  facet normal -0 0 1
    outer loop
      vertex 169.12 6.07896 19.8
      vertex 169.806 3.51926 19.8
      vertex 169.225 6.1147 19.8
    endloop
  endfacet
  facet normal 0 0 1
    outer loop
      vertex 169.806 3.51926 19.8
      vertex 169.12 6.07896 19.8
      vertex 169.357 3.42994 19.8
    endloop
  endfacet
  facet normal -0 0 1
    outer loop
      vertex 169.011 6.05727 19.8
      vertex 169.357 3.42994 19.8
      vertex 169.12 6.07896 19.8
    endloop
  endfacet
  facet normal -0 0 1
    outer loop
      vertex 168.9 6.05 19.8
      vertex 169.357 3.42994 19.8
      vertex 169.011 6.05727 19.8
    endloop
  endfacet
  facet normal 0 0 1
    outer loop
      vertex 168.9 6.05 19.8
      vertex 168.9 3.4 19.8
      vertex 169.357 3.42994 19.8
    endloop
  endfacet
  facet normal 0 0 1
    outer loop
      vertex 168.789 6.05727 19.8
      vertex 168.9 3.4 19.8
      vertex 168.9 6.05 19.8
    endloop
  endfacet
  facet normal 0 0 1
    outer loop
      vertex 168.443 3.42994 19.8
      vertex 168.789 6.05727 19.8
      vertex 168.68 6.07896 19.8
    endloop
  endfacet
  facet normal 0 0 1
    outer loop
      vertex 167.994 3.51926 19.8
      vertex 168.68 6.07896 19.8
      vertex 168.575 6.1147 19.8
    endloop
  endfacet
  facet normal 0 0 1
    outer loop
      vertex 167.561 3.66642 19.8
      vertex 168.575 6.1147 19.8
      vertex 168.475 6.16388 19.8
    endloop
  endfacet
  facet normal 0 0 1
    outer loop
      vertex 168.789 6.05727 19.8
      vertex 168.443 3.42994 19.8
      vertex 168.9 3.4 19.8
    endloop
  endfacet
  facet normal 0 0 1
    outer loop
      vertex 167.15 3.86891 19.8
      vertex 168.475 6.16388 19.8
      vertex 168.383 6.22565 19.8
    endloop
  endfacet
  facet normal 0 0 1
    outer loop
      vertex 166.769 4.12326 19.8
      vertex 168.383 6.22565 19.8
      vertex 168.299 6.29896 19.8
    endloop
  endfacet
  facet normal 0 0 1
    outer loop
      vertex 166.425 4.42513 19.8
      vertex 168.299 6.29896 19.8
      vertex 168.226 6.38255 19.8
    endloop
  endfacet
  facet normal 0 0 1
    outer loop
      vertex 166.123 4.76934 19.8
      vertex 168.226 6.38255 19.8
      vertex 168.164 6.475 19.8
    endloop
  endfacet
  facet normal 0 0 1
    outer loop
      vertex 165.869 5.15 19.8
      vertex 168.164 6.475 19.8
      vertex 168.115 6.57472 19.8
    endloop
  endfacet
  facet normal 0 0 1
    outer loop
      vertex 165.666 5.56061 19.8
      vertex 168.115 6.57472 19.8
      vertex 168.079 6.68 19.8
    endloop
  endfacet
  facet normal 0 0 1
    outer loop
      vertex 165.519 5.99413 19.8
      vertex 168.079 6.68 19.8
      vertex 168.057 6.78905 19.8
    endloop
  endfacet
  facet normal 0 0 1
    outer loop
      vertex 168.68 6.07896 19.8
      vertex 167.994 3.51926 19.8
      vertex 168.443 3.42994 19.8
    endloop
  endfacet
  facet normal 0 0 1
    outer loop
      vertex 165.43 6.44316 19.8
      vertex 168.057 6.78905 19.8
      vertex 168.05 6.9 19.8
    endloop
  endfacet
  facet normal 0 0 1
    outer loop
      vertex 168.226 7.41745 19.8
      vertex 166.123 9.03066 19.8
      vertex 168.164 7.325 19.8
    endloop
  endfacet
  facet normal -0 0 1
    outer loop
      vertex 165.869 8.65 19.8
      vertex 168.164 7.325 19.8
      vertex 166.123 9.03066 19.8
    endloop
  endfacet
  facet normal 0 0 1
    outer loop
      vertex 168.575 6.1147 19.8
      vertex 167.561 3.66642 19.8
      vertex 167.994 3.51926 19.8
    endloop
  endfacet
  facet normal 0 0 1
    outer loop
      vertex 168.164 7.325 19.8
      vertex 165.869 8.65 19.8
      vertex 168.115 7.22528 19.8
    endloop
  endfacet
  facet normal 0 0 1
    outer loop
      vertex 168.475 6.16388 19.8
      vertex 167.15 3.86891 19.8
      vertex 167.561 3.66642 19.8
    endloop
  endfacet
  facet normal -0 0 1
    outer loop
      vertex 165.666 8.23939 19.8
      vertex 168.115 7.22528 19.8
      vertex 165.869 8.65 19.8
    endloop
  endfacet
  facet normal 0 0 1
    outer loop
      vertex 168.383 6.22565 19.8
      vertex 166.769 4.12326 19.8
      vertex 167.15 3.86891 19.8
    endloop
  endfacet
  facet normal 0 0 1
    outer loop
      vertex 168.115 7.22528 19.8
      vertex 165.666 8.23939 19.8
      vertex 168.079 7.12 19.8
    endloop
  endfacet
  facet normal 0 0 1
    outer loop
      vertex 168.299 6.29896 19.8
      vertex 166.425 4.42513 19.8
      vertex 166.769 4.12326 19.8
    endloop
  endfacet
  facet normal -0 0 1
    outer loop
      vertex 165.519 7.80587 19.8
      vertex 168.079 7.12 19.8
      vertex 165.666 8.23939 19.8
    endloop
  endfacet
  facet normal 0 0 1
    outer loop
      vertex 168.226 6.38255 19.8
      vertex 166.123 4.76934 19.8
      vertex 166.425 4.42513 19.8
    endloop
  endfacet
  facet normal 0 0 1
    outer loop
      vertex 168.079 7.12 19.8
      vertex 165.519 7.80587 19.8
      vertex 168.057 7.01095 19.8
    endloop
  endfacet
  facet normal 0 0 1
    outer loop
      vertex 168.164 6.475 19.8
      vertex 165.869 5.15 19.8
      vertex 166.123 4.76934 19.8
    endloop
  endfacet
  facet normal -0 0 1
    outer loop
      vertex 165.43 7.35684 19.8
      vertex 168.057 7.01095 19.8
      vertex 165.519 7.80587 19.8
    endloop
  endfacet
  facet normal 0 0 1
    outer loop
      vertex 168.115 6.57472 19.8
      vertex 165.666 5.56061 19.8
      vertex 165.869 5.15 19.8
    endloop
  endfacet
  facet normal 0 0 1
    outer loop
      vertex 168.057 7.01095 19.8
      vertex 165.43 7.35684 19.8
      vertex 168.05 6.9 19.8
    endloop
  endfacet
  facet normal 0 0 1
    outer loop
      vertex 168.079 6.68 19.8
      vertex 165.519 5.99413 19.8
      vertex 165.666 5.56061 19.8
    endloop
  endfacet
  facet normal 0 0 1
    outer loop
      vertex 165.4 6.9 19.8
      vertex 168.05 6.9 19.8
      vertex 165.43 7.35684 19.8
    endloop
  endfacet
  facet normal 0 0 1
    outer loop
      vertex 168.057 6.78905 19.8
      vertex 165.43 6.44316 19.8
      vertex 165.519 5.99413 19.8
    endloop
  endfacet
  facet normal 0 0 1
    outer loop
      vertex 168.05 6.9 19.8
      vertex 165.4 6.9 19.8
      vertex 165.43 6.44316 19.8
    endloop
  endfacet
  facet normal -0.195108 -0.980782 0
    outer loop
      vertex 167.994 3.51926 4.6
      vertex 168.443 3.42994 19.8
      vertex 167.994 3.51926 19.8
    endloop
  endfacet
  facet normal -0.195108 -0.980782 -0
    outer loop
      vertex 168.443 3.42994 19.8
      vertex 167.994 3.51926 4.6
      vertex 168.443 3.42994 4.6
    endloop
  endfacet
  facet normal -0.195108 -0.980782 0
    outer loop
      vertex 167.994 3.51926 3.18
      vertex 168.443 3.42994 3.2
      vertex 167.994 3.51926 3.2
    endloop
  endfacet
  facet normal -0.195108 -0.980782 -0
    outer loop
      vertex 168.443 3.42994 3.2
      vertex 167.994 3.51926 3.18
      vertex 168.443 3.42994 3.18
    endloop
  endfacet
  facet normal -0.831822 0.555043 0
    outer loop
      vertex 165.869 8.65 3.18
      vertex 166.123 9.03066 3.2
      vertex 166.123 9.03066 3.18
    endloop
  endfacet
  facet normal -0.831822 0.555043 0
    outer loop
      vertex 166.123 9.03066 3.2
      vertex 165.869 8.65 3.18
      vertex 165.869 8.65 3.2
    endloop
  endfacet
  facet normal -0.831822 0.555043 0
    outer loop
      vertex 165.869 8.65 4.6
      vertex 166.123 9.03066 19.8
      vertex 166.123 9.03066 4.6
    endloop
  endfacet
  facet normal -0.831822 0.555043 0
    outer loop
      vertex 166.123 9.03066 19.8
      vertex 165.869 8.65 4.6
      vertex 165.869 8.65 19.8
    endloop
  endfacet
  facet normal -0.0653741 -0.997861 0
    outer loop
      vertex 168.443 3.42994 4.6
      vertex 168.9 3.4 19.8
      vertex 168.443 3.42994 19.8
    endloop
  endfacet
  facet normal -0.0653741 -0.997861 -0
    outer loop
      vertex 168.9 3.4 19.8
      vertex 168.443 3.42994 4.6
      vertex 168.9 3.4 4.6
    endloop
  endfacet
  facet normal -0.0653741 -0.997861 0
    outer loop
      vertex 168.443 3.42994 3.18
      vertex 168.9 3.4 3.2
      vertex 168.443 3.42994 3.2
    endloop
  endfacet
  facet normal -0.0653741 -0.997861 -0
    outer loop
      vertex 168.9 3.4 3.2
      vertex 168.443 3.42994 3.18
      vertex 168.9 3.4 3.18
    endloop
  endfacet
  facet normal -0.195164 -0.980771 0
    outer loop
      vertex 169.011 7.74273 4.6
      vertex 169.12 7.72104 19.8
      vertex 169.011 7.74273 19.8
    endloop
  endfacet
  facet normal -0.195164 -0.980771 -0
    outer loop
      vertex 169.12 7.72104 19.8
      vertex 169.011 7.74273 4.6
      vertex 169.12 7.72104 4.6
    endloop
  endfacet
  facet normal -0.195164 -0.980771 0
    outer loop
      vertex 169.011 7.74273 3.18
      vertex 169.12 7.72104 3.2
      vertex 169.011 7.74273 3.2
    endloop
  endfacet
  facet normal -0.195164 -0.980771 -0
    outer loop
      vertex 169.12 7.72104 3.2
      vertex 169.011 7.74273 3.18
      vertex 169.12 7.72104 3.18
    endloop
  endfacet
  facet normal -0.980251 -0.197758 0
    outer loop
      vertex 169.743 7.01095 4.6
      vertex 169.721 7.12 19.8
      vertex 169.721 7.12 4.6
    endloop
  endfacet
  facet normal -0.980251 -0.197758 0
    outer loop
      vertex 169.721 7.12 19.8
      vertex 169.743 7.01095 4.6
      vertex 169.743 7.01095 19.8
    endloop
  endfacet
  facet normal -0.980251 -0.197758 0
    outer loop
      vertex 169.743 7.01095 3.18
      vertex 169.721 7.12 3.2
      vertex 169.721 7.12 3.18
    endloop
  endfacet
  facet normal -0.980251 -0.197758 0
    outer loop
      vertex 169.721 7.12 3.2
      vertex 169.743 7.01095 3.18
      vertex 169.743 7.01095 3.2
    endloop
  endfacet
  facet normal -0.998016 -0.0629663 0
    outer loop
      vertex 169.75 6.9 4.6
      vertex 169.743 7.01095 19.8
      vertex 169.743 7.01095 4.6
    endloop
  endfacet
  facet normal -0.998016 -0.0629663 0
    outer loop
      vertex 169.743 7.01095 19.8
      vertex 169.75 6.9 4.6
      vertex 169.75 6.9 19.8
    endloop
  endfacet
  facet normal -0.998016 -0.0629663 0
    outer loop
      vertex 169.75 6.9 3.18
      vertex 169.743 7.01095 3.2
      vertex 169.743 7.01095 3.18
    endloop
  endfacet
  facet normal -0.998016 -0.0629663 0
    outer loop
      vertex 169.743 7.01095 3.2
      vertex 169.75 6.9 3.18
      vertex 169.75 6.9 3.2
    endloop
  endfacet
  facet normal -0.94621 -0.323552 0
    outer loop
      vertex 169.721 7.12 4.6
      vertex 169.685 7.22528 19.8
      vertex 169.685 7.22528 4.6
    endloop
  endfacet
  facet normal -0.94621 -0.323552 0
    outer loop
      vertex 169.685 7.22528 19.8
      vertex 169.721 7.12 4.6
      vertex 169.721 7.12 19.8
    endloop
  endfacet
  facet normal -0.94621 -0.323552 0
    outer loop
      vertex 169.721 7.12 3.18
      vertex 169.685 7.22528 3.2
      vertex 169.685 7.22528 3.18
    endloop
  endfacet
  facet normal -0.94621 -0.323552 0
    outer loop
      vertex 169.685 7.22528 3.2
      vertex 169.721 7.12 3.18
      vertex 169.721 7.12 3.2
    endloop
  endfacet
  facet normal -0.830527 -0.556979 0
    outer loop
      vertex 169.636 7.325 4.6
      vertex 169.574 7.41745 19.8
      vertex 169.574 7.41745 4.6
    endloop
  endfacet
  facet normal -0.830527 -0.556979 0
    outer loop
      vertex 169.574 7.41745 19.8
      vertex 169.636 7.325 4.6
      vertex 169.636 7.325 19.8
    endloop
  endfacet
  facet normal -0.830527 -0.556979 0
    outer loop
      vertex 169.636 7.325 3.18
      vertex 169.574 7.41745 3.2
      vertex 169.574 7.41745 3.18
    endloop
  endfacet
  facet normal -0.830527 -0.556979 0
    outer loop
      vertex 169.574 7.41745 3.2
      vertex 169.636 7.325 3.18
      vertex 169.636 7.325 3.2
    endloop
  endfacet
  facet normal -0.322226 -0.946663 0
    outer loop
      vertex 169.12 7.72104 4.6
      vertex 169.225 7.6853 19.8
      vertex 169.12 7.72104 19.8
    endloop
  endfacet
  facet normal -0.322226 -0.946663 -0
    outer loop
      vertex 169.225 7.6853 19.8
      vertex 169.12 7.72104 4.6
      vertex 169.225 7.6853 4.6
    endloop
  endfacet
  facet normal -0.322226 -0.946663 0
    outer loop
      vertex 169.12 7.72104 3.18
      vertex 169.225 7.6853 3.2
      vertex 169.12 7.72104 3.2
    endloop
  endfacet
  facet normal -0.322226 -0.946663 -0
    outer loop
      vertex 169.225 7.6853 3.2
      vertex 169.12 7.72104 3.18
      vertex 169.225 7.6853 3.18
    endloop
  endfacet
  facet normal 0.980251 0.197758 0
    outer loop
      vertex 168.079 6.68 19.8
      vertex 168.057 6.78905 4.6
      vertex 168.057 6.78905 19.8
    endloop
  endfacet
  facet normal 0.980251 0.197758 0
    outer loop
      vertex 168.057 6.78905 4.6
      vertex 168.079 6.68 19.8
      vertex 168.079 6.68 4.6
    endloop
  endfacet
  facet normal 0.980251 0.197758 0
    outer loop
      vertex 168.079 6.68 3.2
      vertex 168.057 6.78905 3.18
      vertex 168.057 6.78905 3.2
    endloop
  endfacet
  facet normal 0.980251 0.197758 0
    outer loop
      vertex 168.057 6.78905 3.18
      vertex 168.079 6.68 3.2
      vertex 168.079 6.68 3.18
    endloop
  endfacet
  facet normal -0.998016 0.0629663 0
    outer loop
      vertex 169.743 6.78905 4.6
      vertex 169.75 6.9 19.8
      vertex 169.75 6.9 4.6
    endloop
  endfacet
  facet normal -0.998016 0.0629663 0
    outer loop
      vertex 169.75 6.9 19.8
      vertex 169.743 6.78905 4.6
      vertex 169.743 6.78905 19.8
    endloop
  endfacet
  facet normal -0.998016 0.0629663 0
    outer loop
      vertex 169.743 6.78905 3.18
      vertex 169.75 6.9 3.2
      vertex 169.75 6.9 3.18
    endloop
  endfacet
  facet normal -0.998016 0.0629663 0
    outer loop
      vertex 169.75 6.9 3.2
      vertex 169.743 6.78905 3.18
      vertex 169.743 6.78905 3.2
    endloop
  endfacet
  facet normal 0.998016 0.0629663 0
    outer loop
      vertex 168.057 6.78905 19.8
      vertex 168.05 6.9 4.6
      vertex 168.05 6.9 19.8
    endloop
  endfacet
  facet normal 0.998016 0.0629663 0
    outer loop
      vertex 168.05 6.9 4.6
      vertex 168.057 6.78905 19.8
      vertex 168.057 6.78905 4.6
    endloop
  endfacet
  facet normal 0.998016 0.0629663 0
    outer loop
      vertex 168.057 6.78905 3.2
      vertex 168.05 6.9 3.18
      vertex 168.05 6.9 3.2
    endloop
  endfacet
  facet normal 0.998016 0.0629663 0
    outer loop
      vertex 168.05 6.9 3.18
      vertex 168.057 6.78905 3.2
      vertex 168.057 6.78905 3.18
    endloop
  endfacet
  facet normal 0.322226 0.946663 -0
    outer loop
      vertex 168.68 6.07896 4.6
      vertex 168.575 6.1147 19.8
      vertex 168.68 6.07896 19.8
    endloop
  endfacet
  facet normal 0.322226 0.946663 0
    outer loop
      vertex 168.575 6.1147 19.8
      vertex 168.68 6.07896 4.6
      vertex 168.575 6.1147 4.6
    endloop
  endfacet
  facet normal 0.322226 0.946663 -0
    outer loop
      vertex 168.68 6.07896 3.18
      vertex 168.575 6.1147 3.2
      vertex 168.68 6.07896 3.2
    endloop
  endfacet
  facet normal 0.322226 0.946663 0
    outer loop
      vertex 168.575 6.1147 3.2
      vertex 168.68 6.07896 3.18
      vertex 168.575 6.1147 3.18
    endloop
  endfacet
  facet normal -0.897502 -0.441011 0
    outer loop
      vertex 169.685 7.22528 4.6
      vertex 169.636 7.325 19.8
      vertex 169.636 7.325 4.6
    endloop
  endfacet
  facet normal -0.897502 -0.441011 0
    outer loop
      vertex 169.636 7.325 19.8
      vertex 169.685 7.22528 4.6
      vertex 169.685 7.22528 19.8
    endloop
  endfacet
  facet normal -0.897502 -0.441011 0
    outer loop
      vertex 169.685 7.22528 3.18
      vertex 169.636 7.325 3.2
      vertex 169.636 7.325 3.18
    endloop
  endfacet
  facet normal -0.897502 -0.441011 0
    outer loop
      vertex 169.636 7.325 3.2
      vertex 169.685 7.22528 3.18
      vertex 169.685 7.22528 3.2
    endloop
  endfacet
  facet normal -0.753207 -0.657783 0
    outer loop
      vertex 169.574 7.41745 4.6
      vertex 169.501 7.50104 19.8
      vertex 169.501 7.50104 4.6
    endloop
  endfacet
  facet normal -0.753207 -0.657783 0
    outer loop
      vertex 169.501 7.50104 19.8
      vertex 169.574 7.41745 4.6
      vertex 169.574 7.41745 19.8
    endloop
  endfacet
  facet normal -0.753207 -0.657783 0
    outer loop
      vertex 169.574 7.41745 3.18
      vertex 169.501 7.50104 3.2
      vertex 169.501 7.50104 3.18
    endloop
  endfacet
  facet normal -0.753207 -0.657783 0
    outer loop
      vertex 169.501 7.50104 3.2
      vertex 169.574 7.41745 3.18
      vertex 169.574 7.41745 3.2
    endloop
  endfacet
  facet normal -0.94621 0.323552 0
    outer loop
      vertex 169.685 6.57472 4.6
      vertex 169.721 6.68 19.8
      vertex 169.721 6.68 4.6
    endloop
  endfacet
  facet normal -0.94621 0.323552 0
    outer loop
      vertex 169.721 6.68 19.8
      vertex 169.685 6.57472 4.6
      vertex 169.685 6.57472 19.8
    endloop
  endfacet
  facet normal -0.94621 0.323552 0
    outer loop
      vertex 169.685 6.57472 3.18
      vertex 169.721 6.68 3.2
      vertex 169.721 6.68 3.18
    endloop
  endfacet
  facet normal -0.94621 0.323552 0
    outer loop
      vertex 169.721 6.68 3.2
      vertex 169.685 6.57472 3.18
      vertex 169.685 6.57472 3.2
    endloop
  endfacet
  facet normal 0.753207 0.657783 0
    outer loop
      vertex 168.299 6.29896 19.8
      vertex 168.226 6.38255 4.6
      vertex 168.226 6.38255 19.8
    endloop
  endfacet
  facet normal 0.753207 0.657783 0
    outer loop
      vertex 168.226 6.38255 4.6
      vertex 168.299 6.29896 19.8
      vertex 168.299 6.29896 4.6
    endloop
  endfacet
  facet normal 0.753207 0.657783 0
    outer loop
      vertex 168.299 6.29896 3.2
      vertex 168.226 6.38255 3.18
      vertex 168.226 6.38255 3.2
    endloop
  endfacet
  facet normal 0.753207 0.657783 0
    outer loop
      vertex 168.226 6.38255 3.18
      vertex 168.299 6.29896 3.2
      vertex 168.299 6.29896 3.18
    endloop
  endfacet
  facet normal -0.980251 0.197758 0
    outer loop
      vertex 169.721 6.68 4.6
      vertex 169.743 6.78905 19.8
      vertex 169.743 6.78905 4.6
    endloop
  endfacet
  facet normal -0.980251 0.197758 0
    outer loop
      vertex 169.743 6.78905 19.8
      vertex 169.721 6.68 4.6
      vertex 169.721 6.68 19.8
    endloop
  endfacet
  facet normal -0.980251 0.197758 0
    outer loop
      vertex 169.721 6.68 3.18
      vertex 169.743 6.78905 3.2
      vertex 169.743 6.78905 3.18
    endloop
  endfacet
  facet normal -0.980251 0.197758 0
    outer loop
      vertex 169.743 6.78905 3.2
      vertex 169.721 6.68 3.18
      vertex 169.721 6.68 3.2
    endloop
  endfacet
  facet normal -0.0653555 0.997862 0
    outer loop
      vertex 169.011 6.05727 4.6
      vertex 168.9 6.05 19.8
      vertex 169.011 6.05727 19.8
    endloop
  endfacet
  facet normal -0.0653555 0.997862 0
    outer loop
      vertex 168.9 6.05 19.8
      vertex 169.011 6.05727 4.6
      vertex 168.9 6.05 4.6
    endloop
  endfacet
  facet normal -0.0653555 0.997862 0
    outer loop
      vertex 169.011 6.05727 3.18
      vertex 168.9 6.05 3.2
      vertex 169.011 6.05727 3.2
    endloop
  endfacet
  facet normal -0.0653555 0.997862 0
    outer loop
      vertex 168.9 6.05 3.2
      vertex 169.011 6.05727 3.18
      vertex 168.9 6.05 3.18
    endloop
  endfacet
  facet normal 0.94621 0.323552 0
    outer loop
      vertex 168.115 6.57472 19.8
      vertex 168.079 6.68 4.6
      vertex 168.079 6.68 19.8
    endloop
  endfacet
  facet normal 0.94621 0.323552 0
    outer loop
      vertex 168.079 6.68 4.6
      vertex 168.115 6.57472 19.8
      vertex 168.115 6.57472 4.6
    endloop
  endfacet
  facet normal 0.94621 0.323552 0
    outer loop
      vertex 168.115 6.57472 3.2
      vertex 168.079 6.68 3.18
      vertex 168.079 6.68 3.2
    endloop
  endfacet
  facet normal 0.94621 0.323552 0
    outer loop
      vertex 168.079 6.68 3.18
      vertex 168.115 6.57472 3.2
      vertex 168.115 6.57472 3.18
    endloop
  endfacet
  facet normal -0.830527 0.556979 0
    outer loop
      vertex 169.574 6.38255 4.6
      vertex 169.636 6.475 19.8
      vertex 169.636 6.475 4.6
    endloop
  endfacet
  facet normal -0.830527 0.556979 0
    outer loop
      vertex 169.636 6.475 19.8
      vertex 169.574 6.38255 4.6
      vertex 169.574 6.38255 19.8
    endloop
  endfacet
  facet normal -0.830527 0.556979 0
    outer loop
      vertex 169.574 6.38255 3.18
      vertex 169.636 6.475 3.2
      vertex 169.636 6.475 3.18
    endloop
  endfacet
  facet normal -0.830527 0.556979 0
    outer loop
      vertex 169.636 6.475 3.2
      vertex 169.574 6.38255 3.18
      vertex 169.574 6.38255 3.2
    endloop
  endfacet
  facet normal -0.441317 -0.897351 0
    outer loop
      vertex 169.225 7.6853 4.6
      vertex 169.325 7.63612 19.8
      vertex 169.225 7.6853 19.8
    endloop
  endfacet
  facet normal -0.441317 -0.897351 -0
    outer loop
      vertex 169.325 7.63612 19.8
      vertex 169.225 7.6853 4.6
      vertex 169.325 7.63612 4.6
    endloop
  endfacet
  facet normal -0.441317 -0.897351 0
    outer loop
      vertex 169.225 7.6853 3.18
      vertex 169.325 7.63612 3.2
      vertex 169.225 7.6853 3.2
    endloop
  endfacet
  facet normal -0.441317 -0.897351 -0
    outer loop
      vertex 169.325 7.63612 3.2
      vertex 169.225 7.6853 3.18
      vertex 169.325 7.63612 3.18
    endloop
  endfacet
  facet normal 0.441317 -0.897351 0
    outer loop
      vertex 168.475 7.63612 4.6
      vertex 168.575 7.6853 19.8
      vertex 168.475 7.63612 19.8
    endloop
  endfacet
  facet normal 0.441317 -0.897351 0
    outer loop
      vertex 168.575 7.6853 19.8
      vertex 168.475 7.63612 4.6
      vertex 168.575 7.6853 4.6
    endloop
  endfacet
  facet normal 0.441317 -0.897351 0
    outer loop
      vertex 168.475 7.63612 3.18
      vertex 168.575 7.6853 3.2
      vertex 168.475 7.63612 3.2
    endloop
  endfacet
  facet normal 0.441317 -0.897351 0
    outer loop
      vertex 168.575 7.6853 3.2
      vertex 168.475 7.63612 3.18
      vertex 168.575 7.6853 3.18
    endloop
  endfacet
  facet normal -0.441317 0.897351 0
    outer loop
      vertex 169.325 6.16388 4.6
      vertex 169.225 6.1147 19.8
      vertex 169.325 6.16388 19.8
    endloop
  endfacet
  facet normal -0.441317 0.897351 0
    outer loop
      vertex 169.225 6.1147 19.8
      vertex 169.325 6.16388 4.6
      vertex 169.225 6.1147 4.6
    endloop
  endfacet
  facet normal -0.441317 0.897351 0
    outer loop
      vertex 169.325 6.16388 3.18
      vertex 169.225 6.1147 3.2
      vertex 169.325 6.16388 3.2
    endloop
  endfacet
  facet normal -0.441317 0.897351 0
    outer loop
      vertex 169.225 6.1147 3.2
      vertex 169.325 6.16388 3.18
      vertex 169.225 6.1147 3.18
    endloop
  endfacet
  facet normal -0.322226 0.946663 0
    outer loop
      vertex 169.225 6.1147 4.6
      vertex 169.12 6.07896 19.8
      vertex 169.225 6.1147 19.8
    endloop
  endfacet
  facet normal -0.322226 0.946663 0
    outer loop
      vertex 169.12 6.07896 19.8
      vertex 169.225 6.1147 4.6
      vertex 169.12 6.07896 4.6
    endloop
  endfacet
  facet normal -0.322226 0.946663 0
    outer loop
      vertex 169.225 6.1147 3.18
      vertex 169.12 6.07896 3.2
      vertex 169.225 6.1147 3.2
    endloop
  endfacet
  facet normal -0.322226 0.946663 0
    outer loop
      vertex 169.12 6.07896 3.2
      vertex 169.225 6.1147 3.18
      vertex 169.12 6.07896 3.18
    endloop
  endfacet
  facet normal 0.195164 0.980771 -0
    outer loop
      vertex 168.789 6.05727 4.6
      vertex 168.68 6.07896 19.8
      vertex 168.789 6.05727 19.8
    endloop
  endfacet
  facet normal 0.195164 0.980771 0
    outer loop
      vertex 168.68 6.07896 19.8
      vertex 168.789 6.05727 4.6
      vertex 168.68 6.07896 4.6
    endloop
  endfacet
  facet normal 0.195164 0.980771 -0
    outer loop
      vertex 168.789 6.05727 3.18
      vertex 168.68 6.07896 3.2
      vertex 168.789 6.05727 3.2
    endloop
  endfacet
  facet normal 0.195164 0.980771 0
    outer loop
      vertex 168.68 6.07896 3.2
      vertex 168.789 6.05727 3.18
      vertex 168.68 6.07896 3.18
    endloop
  endfacet
  facet normal 0.94621 -0.323552 0
    outer loop
      vertex 168.079 7.12 19.8
      vertex 168.115 7.22528 4.6
      vertex 168.115 7.22528 19.8
    endloop
  endfacet
  facet normal 0.94621 -0.323552 0
    outer loop
      vertex 168.115 7.22528 4.6
      vertex 168.079 7.12 19.8
      vertex 168.079 7.12 4.6
    endloop
  endfacet
  facet normal 0.94621 -0.323552 0
    outer loop
      vertex 168.079 7.12 3.2
      vertex 168.115 7.22528 3.18
      vertex 168.115 7.22528 3.2
    endloop
  endfacet
  facet normal 0.94621 -0.323552 0
    outer loop
      vertex 168.115 7.22528 3.18
      vertex 168.079 7.12 3.2
      vertex 168.079 7.12 3.18
    endloop
  endfacet
  facet normal 0.195164 -0.980771 0
    outer loop
      vertex 168.68 7.72104 4.6
      vertex 168.789 7.74273 19.8
      vertex 168.68 7.72104 19.8
    endloop
  endfacet
  facet normal 0.195164 -0.980771 0
    outer loop
      vertex 168.789 7.74273 19.8
      vertex 168.68 7.72104 4.6
      vertex 168.789 7.74273 4.6
    endloop
  endfacet
  facet normal 0.195164 -0.980771 0
    outer loop
      vertex 168.68 7.72104 3.18
      vertex 168.789 7.74273 3.2
      vertex 168.68 7.72104 3.2
    endloop
  endfacet
  facet normal 0.195164 -0.980771 0
    outer loop
      vertex 168.789 7.74273 3.2
      vertex 168.68 7.72104 3.18
      vertex 168.789 7.74273 3.18
    endloop
  endfacet
  facet normal 0.557425 -0.830227 0
    outer loop
      vertex 168.383 7.57435 4.6
      vertex 168.475 7.63612 19.8
      vertex 168.383 7.57435 19.8
    endloop
  endfacet
  facet normal 0.557425 -0.830227 0
    outer loop
      vertex 168.475 7.63612 19.8
      vertex 168.383 7.57435 4.6
      vertex 168.475 7.63612 4.6
    endloop
  endfacet
  facet normal 0.557425 -0.830227 0
    outer loop
      vertex 168.383 7.57435 3.18
      vertex 168.475 7.63612 3.2
      vertex 168.383 7.57435 3.2
    endloop
  endfacet
  facet normal 0.557425 -0.830227 0
    outer loop
      vertex 168.475 7.63612 3.2
      vertex 168.383 7.57435 3.18
      vertex 168.475 7.63612 3.18
    endloop
  endfacet
  facet normal -0.557425 0.830227 0
    outer loop
      vertex 169.417 6.22565 4.6
      vertex 169.325 6.16388 19.8
      vertex 169.417 6.22565 19.8
    endloop
  endfacet
  facet normal -0.557425 0.830227 0
    outer loop
      vertex 169.325 6.16388 19.8
      vertex 169.417 6.22565 4.6
      vertex 169.325 6.16388 4.6
    endloop
  endfacet
  facet normal -0.557425 0.830227 0
    outer loop
      vertex 169.417 6.22565 3.18
      vertex 169.325 6.16388 3.2
      vertex 169.417 6.22565 3.2
    endloop
  endfacet
  facet normal -0.557425 0.830227 0
    outer loop
      vertex 169.325 6.16388 3.2
      vertex 169.417 6.22565 3.18
      vertex 169.325 6.16388 3.18
    endloop
  endfacet
  facet normal -0.195164 0.980771 0
    outer loop
      vertex 169.12 6.07896 4.6
      vertex 169.011 6.05727 19.8
      vertex 169.12 6.07896 19.8
    endloop
  endfacet
  facet normal -0.195164 0.980771 0
    outer loop
      vertex 169.011 6.05727 19.8
      vertex 169.12 6.07896 4.6
      vertex 169.011 6.05727 4.6
    endloop
  endfacet
  facet normal -0.195164 0.980771 0
    outer loop
      vertex 169.12 6.07896 3.18
      vertex 169.011 6.05727 3.2
      vertex 169.12 6.07896 3.2
    endloop
  endfacet
  facet normal -0.195164 0.980771 0
    outer loop
      vertex 169.011 6.05727 3.2
      vertex 169.12 6.07896 3.18
      vertex 169.011 6.05727 3.18
    endloop
  endfacet
  facet normal 0.897502 -0.441011 0
    outer loop
      vertex 168.115 7.22528 19.8
      vertex 168.164 7.325 4.6
      vertex 168.164 7.325 19.8
    endloop
  endfacet
  facet normal 0.897502 -0.441011 0
    outer loop
      vertex 168.164 7.325 4.6
      vertex 168.115 7.22528 19.8
      vertex 168.115 7.22528 4.6
    endloop
  endfacet
  facet normal 0.897502 -0.441011 0
    outer loop
      vertex 168.115 7.22528 3.2
      vertex 168.164 7.325 3.18
      vertex 168.164 7.325 3.2
    endloop
  endfacet
  facet normal 0.897502 -0.441011 0
    outer loop
      vertex 168.164 7.325 3.18
      vertex 168.115 7.22528 3.2
      vertex 168.115 7.22528 3.18
    endloop
  endfacet
  facet normal -0.657539 -0.753421 0
    outer loop
      vertex 169.417 7.57435 4.6
      vertex 169.501 7.50104 19.8
      vertex 169.417 7.57435 19.8
    endloop
  endfacet
  facet normal -0.657539 -0.753421 -0
    outer loop
      vertex 169.501 7.50104 19.8
      vertex 169.417 7.57435 4.6
      vertex 169.501 7.50104 4.6
    endloop
  endfacet
  facet normal -0.657539 -0.753421 0
    outer loop
      vertex 169.417 7.57435 3.18
      vertex 169.501 7.50104 3.2
      vertex 169.417 7.57435 3.2
    endloop
  endfacet
  facet normal -0.657539 -0.753421 -0
    outer loop
      vertex 169.501 7.50104 3.2
      vertex 169.417 7.57435 3.18
      vertex 169.501 7.50104 3.18
    endloop
  endfacet
  facet normal 0.830527 -0.556979 0
    outer loop
      vertex 168.164 7.325 19.8
      vertex 168.226 7.41745 4.6
      vertex 168.226 7.41745 19.8
    endloop
  endfacet
  facet normal 0.830527 -0.556979 0
    outer loop
      vertex 168.226 7.41745 4.6
      vertex 168.164 7.325 19.8
      vertex 168.164 7.325 4.6
    endloop
  endfacet
  facet normal 0.830527 -0.556979 0
    outer loop
      vertex 168.164 7.325 3.2
      vertex 168.226 7.41745 3.18
      vertex 168.226 7.41745 3.2
    endloop
  endfacet
  facet normal 0.830527 -0.556979 0
    outer loop
      vertex 168.226 7.41745 3.18
      vertex 168.164 7.325 3.2
      vertex 168.164 7.325 3.18
    endloop
  endfacet
  facet normal 0.0653555 0.997862 -0
    outer loop
      vertex 168.9 6.05 4.6
      vertex 168.789 6.05727 19.8
      vertex 168.9 6.05 19.8
    endloop
  endfacet
  facet normal 0.0653555 0.997862 0
    outer loop
      vertex 168.789 6.05727 19.8
      vertex 168.9 6.05 4.6
      vertex 168.789 6.05727 4.6
    endloop
  endfacet
  facet normal 0.0653555 0.997862 -0
    outer loop
      vertex 168.9 6.05 3.18
      vertex 168.789 6.05727 3.2
      vertex 168.9 6.05 3.2
    endloop
  endfacet
  facet normal 0.0653555 0.997862 0
    outer loop
      vertex 168.789 6.05727 3.2
      vertex 168.9 6.05 3.18
      vertex 168.789 6.05727 3.18
    endloop
  endfacet
  facet normal 0.657539 -0.753421 0
    outer loop
      vertex 168.299 7.50104 4.6
      vertex 168.383 7.57435 19.8
      vertex 168.299 7.50104 19.8
    endloop
  endfacet
  facet normal 0.657539 -0.753421 0
    outer loop
      vertex 168.383 7.57435 19.8
      vertex 168.299 7.50104 4.6
      vertex 168.383 7.57435 4.6
    endloop
  endfacet
  facet normal 0.657539 -0.753421 0
    outer loop
      vertex 168.299 7.50104 3.18
      vertex 168.383 7.57435 3.2
      vertex 168.299 7.50104 3.2
    endloop
  endfacet
  facet normal 0.657539 -0.753421 0
    outer loop
      vertex 168.383 7.57435 3.2
      vertex 168.299 7.50104 3.18
      vertex 168.383 7.57435 3.18
    endloop
  endfacet
  facet normal 0.657539 0.753421 -0
    outer loop
      vertex 168.383 6.22565 4.6
      vertex 168.299 6.29896 19.8
      vertex 168.383 6.22565 19.8
    endloop
  endfacet
  facet normal 0.657539 0.753421 0
    outer loop
      vertex 168.299 6.29896 19.8
      vertex 168.383 6.22565 4.6
      vertex 168.299 6.29896 4.6
    endloop
  endfacet
  facet normal 0.657539 0.753421 -0
    outer loop
      vertex 168.383 6.22565 3.18
      vertex 168.299 6.29896 3.2
      vertex 168.383 6.22565 3.2
    endloop
  endfacet
  facet normal 0.657539 0.753421 0
    outer loop
      vertex 168.299 6.29896 3.2
      vertex 168.383 6.22565 3.18
      vertex 168.299 6.29896 3.18
    endloop
  endfacet
  facet normal 0.753207 -0.657783 0
    outer loop
      vertex 168.226 7.41745 19.8
      vertex 168.299 7.50104 4.6
      vertex 168.299 7.50104 19.8
    endloop
  endfacet
  facet normal 0.753207 -0.657783 0
    outer loop
      vertex 168.299 7.50104 4.6
      vertex 168.226 7.41745 19.8
      vertex 168.226 7.41745 4.6
    endloop
  endfacet
  facet normal 0.753207 -0.657783 0
    outer loop
      vertex 168.226 7.41745 3.2
      vertex 168.299 7.50104 3.18
      vertex 168.299 7.50104 3.2
    endloop
  endfacet
  facet normal 0.753207 -0.657783 0
    outer loop
      vertex 168.299 7.50104 3.18
      vertex 168.226 7.41745 3.2
      vertex 168.226 7.41745 3.18
    endloop
  endfacet
  facet normal -0.753207 0.657783 0
    outer loop
      vertex 169.501 6.29896 4.6
      vertex 169.574 6.38255 19.8
      vertex 169.574 6.38255 4.6
    endloop
  endfacet
  facet normal -0.753207 0.657783 0
    outer loop
      vertex 169.574 6.38255 19.8
      vertex 169.501 6.29896 4.6
      vertex 169.501 6.29896 19.8
    endloop
  endfacet
  facet normal -0.753207 0.657783 0
    outer loop
      vertex 169.501 6.29896 3.18
      vertex 169.574 6.38255 3.2
      vertex 169.574 6.38255 3.18
    endloop
  endfacet
  facet normal -0.753207 0.657783 0
    outer loop
      vertex 169.574 6.38255 3.2
      vertex 169.501 6.29896 3.18
      vertex 169.501 6.29896 3.2
    endloop
  endfacet
  facet normal -0.897502 0.441011 0
    outer loop
      vertex 169.636 6.475 4.6
      vertex 169.685 6.57472 19.8
      vertex 169.685 6.57472 4.6
    endloop
  endfacet
  facet normal -0.897502 0.441011 0
    outer loop
      vertex 169.685 6.57472 19.8
      vertex 169.636 6.475 4.6
      vertex 169.636 6.475 19.8
    endloop
  endfacet
  facet normal -0.897502 0.441011 0
    outer loop
      vertex 169.636 6.475 3.18
      vertex 169.685 6.57472 3.2
      vertex 169.685 6.57472 3.18
    endloop
  endfacet
  facet normal -0.897502 0.441011 0
    outer loop
      vertex 169.685 6.57472 3.2
      vertex 169.636 6.475 3.18
      vertex 169.636 6.475 3.2
    endloop
  endfacet
  facet normal 0.557425 0.830227 -0
    outer loop
      vertex 168.475 6.16388 4.6
      vertex 168.383 6.22565 19.8
      vertex 168.475 6.16388 19.8
    endloop
  endfacet
  facet normal 0.557425 0.830227 0
    outer loop
      vertex 168.383 6.22565 19.8
      vertex 168.475 6.16388 4.6
      vertex 168.383 6.22565 4.6
    endloop
  endfacet
  facet normal 0.557425 0.830227 -0
    outer loop
      vertex 168.475 6.16388 3.18
      vertex 168.383 6.22565 3.2
      vertex 168.475 6.16388 3.2
    endloop
  endfacet
  facet normal 0.557425 0.830227 0
    outer loop
      vertex 168.383 6.22565 3.2
      vertex 168.475 6.16388 3.18
      vertex 168.383 6.22565 3.18
    endloop
  endfacet
  facet normal 0.980251 -0.197758 0
    outer loop
      vertex 168.057 7.01095 19.8
      vertex 168.079 7.12 4.6
      vertex 168.079 7.12 19.8
    endloop
  endfacet
  facet normal 0.980251 -0.197758 0
    outer loop
      vertex 168.079 7.12 4.6
      vertex 168.057 7.01095 19.8
      vertex 168.057 7.01095 4.6
    endloop
  endfacet
  facet normal 0.980251 -0.197758 0
    outer loop
      vertex 168.057 7.01095 3.2
      vertex 168.079 7.12 3.18
      vertex 168.079 7.12 3.2
    endloop
  endfacet
  facet normal 0.980251 -0.197758 0
    outer loop
      vertex 168.079 7.12 3.18
      vertex 168.057 7.01095 3.2
      vertex 168.057 7.01095 3.18
    endloop
  endfacet
  facet normal -0.0653555 -0.997862 0
    outer loop
      vertex 168.9 7.75 4.6
      vertex 169.011 7.74273 19.8
      vertex 168.9 7.75 19.8
    endloop
  endfacet
  facet normal -0.0653555 -0.997862 -0
    outer loop
      vertex 169.011 7.74273 19.8
      vertex 168.9 7.75 4.6
      vertex 169.011 7.74273 4.6
    endloop
  endfacet
  facet normal -0.0653555 -0.997862 0
    outer loop
      vertex 168.9 7.75 3.18
      vertex 169.011 7.74273 3.2
      vertex 168.9 7.75 3.2
    endloop
  endfacet
  facet normal -0.0653555 -0.997862 -0
    outer loop
      vertex 169.011 7.74273 3.2
      vertex 168.9 7.75 3.18
      vertex 169.011 7.74273 3.18
    endloop
  endfacet
  facet normal -0.557425 -0.830227 0
    outer loop
      vertex 169.325 7.63612 4.6
      vertex 169.417 7.57435 19.8
      vertex 169.325 7.63612 19.8
    endloop
  endfacet
  facet normal -0.557425 -0.830227 -0
    outer loop
      vertex 169.417 7.57435 19.8
      vertex 169.325 7.63612 4.6
      vertex 169.417 7.57435 4.6
    endloop
  endfacet
  facet normal -0.557425 -0.830227 0
    outer loop
      vertex 169.325 7.63612 3.18
      vertex 169.417 7.57435 3.2
      vertex 169.325 7.63612 3.2
    endloop
  endfacet
  facet normal -0.557425 -0.830227 -0
    outer loop
      vertex 169.417 7.57435 3.2
      vertex 169.325 7.63612 3.18
      vertex 169.417 7.57435 3.18
    endloop
  endfacet
  facet normal 0.322226 -0.946663 0
    outer loop
      vertex 168.575 7.6853 4.6
      vertex 168.68 7.72104 19.8
      vertex 168.575 7.6853 19.8
    endloop
  endfacet
  facet normal 0.322226 -0.946663 0
    outer loop
      vertex 168.68 7.72104 19.8
      vertex 168.575 7.6853 4.6
      vertex 168.68 7.72104 4.6
    endloop
  endfacet
  facet normal 0.322226 -0.946663 0
    outer loop
      vertex 168.575 7.6853 3.18
      vertex 168.68 7.72104 3.2
      vertex 168.575 7.6853 3.2
    endloop
  endfacet
  facet normal 0.322226 -0.946663 0
    outer loop
      vertex 168.68 7.72104 3.2
      vertex 168.575 7.6853 3.18
      vertex 168.68 7.72104 3.18
    endloop
  endfacet
  facet normal 0.0653555 -0.997862 0
    outer loop
      vertex 168.789 7.74273 4.6
      vertex 168.9 7.75 19.8
      vertex 168.789 7.74273 19.8
    endloop
  endfacet
  facet normal 0.0653555 -0.997862 0
    outer loop
      vertex 168.9 7.75 19.8
      vertex 168.789 7.74273 4.6
      vertex 168.9 7.75 4.6
    endloop
  endfacet
  facet normal 0.0653555 -0.997862 0
    outer loop
      vertex 168.789 7.74273 3.18
      vertex 168.9 7.75 3.2
      vertex 168.789 7.74273 3.2
    endloop
  endfacet
  facet normal 0.0653555 -0.997862 0
    outer loop
      vertex 168.9 7.75 3.2
      vertex 168.789 7.74273 3.18
      vertex 168.9 7.75 3.18
    endloop
  endfacet
  facet normal 0.998016 -0.0629663 0
    outer loop
      vertex 168.05 6.9 19.8
      vertex 168.057 7.01095 4.6
      vertex 168.057 7.01095 19.8
    endloop
  endfacet
  facet normal 0.998016 -0.0629663 0
    outer loop
      vertex 168.057 7.01095 4.6
      vertex 168.05 6.9 19.8
      vertex 168.05 6.9 4.6
    endloop
  endfacet
  facet normal 0.998016 -0.0629663 0
    outer loop
      vertex 168.05 6.9 3.2
      vertex 168.057 7.01095 3.18
      vertex 168.057 7.01095 3.2
    endloop
  endfacet
  facet normal 0.998016 -0.0629663 0
    outer loop
      vertex 168.057 7.01095 3.18
      vertex 168.05 6.9 3.2
      vertex 168.05 6.9 3.18
    endloop
  endfacet
  facet normal 0.897502 0.441011 0
    outer loop
      vertex 168.164 6.475 19.8
      vertex 168.115 6.57472 4.6
      vertex 168.115 6.57472 19.8
    endloop
  endfacet
  facet normal 0.897502 0.441011 0
    outer loop
      vertex 168.115 6.57472 4.6
      vertex 168.164 6.475 19.8
      vertex 168.164 6.475 4.6
    endloop
  endfacet
  facet normal 0.897502 0.441011 0
    outer loop
      vertex 168.164 6.475 3.2
      vertex 168.115 6.57472 3.18
      vertex 168.115 6.57472 3.2
    endloop
  endfacet
  facet normal 0.897502 0.441011 0
    outer loop
      vertex 168.115 6.57472 3.18
      vertex 168.164 6.475 3.2
      vertex 168.164 6.475 3.18
    endloop
  endfacet
  facet normal 0.441317 0.897351 -0
    outer loop
      vertex 168.575 6.1147 4.6
      vertex 168.475 6.16388 19.8
      vertex 168.575 6.1147 19.8
    endloop
  endfacet
  facet normal 0.441317 0.897351 0
    outer loop
      vertex 168.475 6.16388 19.8
      vertex 168.575 6.1147 4.6
      vertex 168.475 6.16388 4.6
    endloop
  endfacet
  facet normal 0.441317 0.897351 -0
    outer loop
      vertex 168.575 6.1147 3.18
      vertex 168.475 6.16388 3.2
      vertex 168.575 6.1147 3.2
    endloop
  endfacet
  facet normal 0.441317 0.897351 0
    outer loop
      vertex 168.475 6.16388 3.2
      vertex 168.575 6.1147 3.18
      vertex 168.475 6.16388 3.18
    endloop
  endfacet
  facet normal -0.657539 0.753421 0
    outer loop
      vertex 169.501 6.29896 4.6
      vertex 169.417 6.22565 19.8
      vertex 169.501 6.29896 19.8
    endloop
  endfacet
  facet normal -0.657539 0.753421 0
    outer loop
      vertex 169.417 6.22565 19.8
      vertex 169.501 6.29896 4.6
      vertex 169.417 6.22565 4.6
    endloop
  endfacet
  facet normal -0.657539 0.753421 0
    outer loop
      vertex 169.501 6.29896 3.18
      vertex 169.417 6.22565 3.2
      vertex 169.501 6.29896 3.2
    endloop
  endfacet
  facet normal -0.657539 0.753421 0
    outer loop
      vertex 169.417 6.22565 3.2
      vertex 169.501 6.29896 3.18
      vertex 169.417 6.22565 3.18
    endloop
  endfacet
  facet normal 0.830527 0.556979 0
    outer loop
      vertex 168.226 6.38255 19.8
      vertex 168.164 6.475 4.6
      vertex 168.164 6.475 19.8
    endloop
  endfacet
  facet normal 0.830527 0.556979 0
    outer loop
      vertex 168.164 6.475 4.6
      vertex 168.226 6.38255 19.8
      vertex 168.226 6.38255 4.6
    endloop
  endfacet
  facet normal 0.830527 0.556979 0
    outer loop
      vertex 168.226 6.38255 3.2
      vertex 168.164 6.475 3.18
      vertex 168.164 6.475 3.2
    endloop
  endfacet
  facet normal 0.830527 0.556979 0
    outer loop
      vertex 168.164 6.475 3.18
      vertex 168.226 6.38255 3.2
      vertex 168.226 6.38255 3.18
    endloop
  endfacet
  facet normal 0.980748 0.195276 0
    outer loop
      vertex 10.3701 113.957 3.2
      vertex 10.2807 114.406 3.18
      vertex 10.2807 114.406 3.2
    endloop
  endfacet
  facet normal 0.980748 0.195276 0
    outer loop
      vertex 10.2807 114.406 3.18
      vertex 10.3701 113.957 3.2
      vertex 10.3701 113.957 3.18
    endloop
  endfacet
  facet normal 0.980748 0.195276 0
    outer loop
      vertex 10.3701 113.957 19.8
      vertex 10.2807 114.406 4.6
      vertex 10.2807 114.406 19.8
    endloop
  endfacet
  facet normal 0.980748 0.195276 0
    outer loop
      vertex 10.2807 114.406 4.6
      vertex 10.3701 113.957 19.8
      vertex 10.3701 113.957 4.6
    endloop
  endfacet
  facet normal 0.997867 0.0652871 0
    outer loop
      vertex 10.4 113.5 3.2
      vertex 10.3701 113.957 3.18
      vertex 10.3701 113.957 3.2
    endloop
  endfacet
  facet normal 0.997867 0.0652871 0
    outer loop
      vertex 10.3701 113.957 3.18
      vertex 10.4 113.5 3.2
      vertex 10.4 113.5 3.18
    endloop
  endfacet
  facet normal 0.997867 0.0652871 0
    outer loop
      vertex 10.4 113.5 19.8
      vertex 10.3701 113.957 4.6
      vertex 10.3701 113.957 19.8
    endloop
  endfacet
  facet normal 0.997867 0.0652871 0
    outer loop
      vertex 10.3701 113.957 4.6
      vertex 10.4 113.5 19.8
      vertex 10.4 113.5 4.6
    endloop
  endfacet
  facet normal 0.321126 -0.947037 0
    outer loop
      vertex 7.80587 110.119 3.18
      vertex 8.23939 110.266 3.2
      vertex 7.80587 110.119 3.2
    endloop
  endfacet
  facet normal 0.321126 -0.947037 0
    outer loop
      vertex 8.23939 110.266 3.2
      vertex 7.80587 110.119 3.18
      vertex 8.23939 110.266 3.18
    endloop
  endfacet
  facet normal 0.321126 -0.947037 0
    outer loop
      vertex 7.80587 110.119 4.6
      vertex 8.23939 110.266 19.8
      vertex 7.80587 110.119 19.8
    endloop
  endfacet
  facet normal 0.321126 -0.947037 0
    outer loop
      vertex 8.23939 110.266 19.8
      vertex 7.80587 110.119 4.6
      vertex 8.23939 110.266 4.6
    endloop
  endfacet
  facet normal 0.831697 0.555229 0
    outer loop
      vertex 9.93109 115.25 3.2
      vertex 9.67674 115.631 3.18
      vertex 9.67674 115.631 3.2
    endloop
  endfacet
  facet normal 0.831697 0.555229 0
    outer loop
      vertex 9.67674 115.631 3.18
      vertex 9.93109 115.25 3.2
      vertex 9.93109 115.25 3.18
    endloop
  endfacet
  facet normal 0.831697 0.555229 0
    outer loop
      vertex 9.93109 115.25 19.8
      vertex 9.67674 115.631 4.6
      vertex 9.67674 115.631 19.8
    endloop
  endfacet
  facet normal 0.831697 0.555229 0
    outer loop
      vertex 9.67674 115.631 4.6
      vertex 9.93109 115.25 19.8
      vertex 9.93109 115.25 4.6
    endloop
  endfacet
  facet normal -0.89704 0.44195 0
    outer loop
      vertex 3.66642 114.839 4.6
      vertex 3.86891 115.25 19.8
      vertex 3.86891 115.25 4.6
    endloop
  endfacet
  facet normal -0.89704 0.44195 0
    outer loop
      vertex 3.86891 115.25 19.8
      vertex 3.66642 114.839 4.6
      vertex 3.66642 114.839 19.8
    endloop
  endfacet
  facet normal -0.89704 0.44195 0
    outer loop
      vertex 3.66642 114.839 3.18
      vertex 3.86891 115.25 3.2
      vertex 3.86891 115.25 3.18
    endloop
  endfacet
  facet normal -0.89704 0.44195 0
    outer loop
      vertex 3.86891 115.25 3.2
      vertex 3.66642 114.839 3.18
      vertex 3.66642 114.839 3.2
    endloop
  endfacet
  facet normal -0.555043 0.831822 0
    outer loop
      vertex 5.15 116.531 3.18
      vertex 4.76934 116.277 3.2
      vertex 5.15 116.531 3.2
    endloop
  endfacet
  facet normal -0.555043 0.831822 0
    outer loop
      vertex 4.76934 116.277 3.2
      vertex 5.15 116.531 3.18
      vertex 4.76934 116.277 3.18
    endloop
  endfacet
  facet normal -0.555043 0.831822 0
    outer loop
      vertex 5.15 116.531 4.6
      vertex 4.76934 116.277 19.8
      vertex 5.15 116.531 19.8
    endloop
  endfacet
  facet normal -0.555043 0.831822 0
    outer loop
      vertex 4.76934 116.277 19.8
      vertex 5.15 116.531 4.6
      vertex 4.76934 116.277 4.6
    endloop
  endfacet
  facet normal -0.659514 0.751693 0
    outer loop
      vertex 4.76934 116.277 3.18
      vertex 4.42513 115.975 3.2
      vertex 4.76934 116.277 3.2
    endloop
  endfacet
  facet normal -0.659514 0.751693 0
    outer loop
      vertex 4.42513 115.975 3.2
      vertex 4.76934 116.277 3.18
      vertex 4.42513 115.975 3.18
    endloop
  endfacet
  facet normal -0.659514 0.751693 0
    outer loop
      vertex 4.76934 116.277 4.6
      vertex 4.42513 115.975 19.8
      vertex 4.76934 116.277 19.8
    endloop
  endfacet
  facet normal -0.659514 0.751693 0
    outer loop
      vertex 4.42513 115.975 19.8
      vertex 4.76934 116.277 4.6
      vertex 4.42513 115.975 4.6
    endloop
  endfacet
  facet normal -0.751634 0.659581 0
    outer loop
      vertex 4.12326 115.631 4.6
      vertex 4.42513 115.975 19.8
      vertex 4.42513 115.975 4.6
    endloop
  endfacet
  facet normal -0.751634 0.659581 0
    outer loop
      vertex 4.42513 115.975 19.8
      vertex 4.12326 115.631 4.6
      vertex 4.12326 115.631 19.8
    endloop
  endfacet
  facet normal -0.751634 0.659581 0
    outer loop
      vertex 4.12326 115.631 3.18
      vertex 4.42513 115.975 3.2
      vertex 4.42513 115.975 3.18
    endloop
  endfacet
  facet normal -0.751634 0.659581 0
    outer loop
      vertex 4.42513 115.975 3.2
      vertex 4.12326 115.631 3.18
      vertex 4.12326 115.631 3.2
    endloop
  endfacet
  facet normal 0.946853 -0.321668 0
    outer loop
      vertex 10.1336 112.161 3.2
      vertex 10.2807 112.594 3.18
      vertex 10.2807 112.594 3.2
    endloop
  endfacet
  facet normal 0.946853 -0.321668 0
    outer loop
      vertex 10.2807 112.594 3.18
      vertex 10.1336 112.161 3.2
      vertex 10.1336 112.161 3.18
    endloop
  endfacet
  facet normal 0.946853 -0.321668 0
    outer loop
      vertex 10.1336 112.161 19.8
      vertex 10.2807 112.594 4.6
      vertex 10.2807 112.594 19.8
    endloop
  endfacet
  facet normal 0.946853 -0.321668 0
    outer loop
      vertex 10.2807 112.594 4.6
      vertex 10.1336 112.161 19.8
      vertex 10.1336 112.161 4.6
    endloop
  endfacet
  facet normal -0.997861 0.0653741 0
    outer loop
      vertex 3.4 113.5 3.18
      vertex 3.42994 113.957 3.2
      vertex 3.42994 113.957 3.18
    endloop
  endfacet
  facet normal -0.997861 0.0653741 0
    outer loop
      vertex 3.42994 113.957 3.2
      vertex 3.4 113.5 3.18
      vertex 3.4 113.5 3.2
    endloop
  endfacet
  facet normal -0.997861 0.0653741 0
    outer loop
      vertex 3.4 113.5 4.6
      vertex 3.42994 113.957 19.8
      vertex 3.42994 113.957 4.6
    endloop
  endfacet
  facet normal -0.997861 0.0653741 0
    outer loop
      vertex 3.42994 113.957 19.8
      vertex 3.4 113.5 4.6
      vertex 3.4 113.5 19.8
    endloop
  endfacet
  facet normal 0.555043 0.831822 -0
    outer loop
      vertex 9.03066 116.277 3.18
      vertex 8.65 116.531 3.2
      vertex 9.03066 116.277 3.2
    endloop
  endfacet
  facet normal 0.555043 0.831822 0
    outer loop
      vertex 8.65 116.531 3.2
      vertex 9.03066 116.277 3.18
      vertex 8.65 116.531 3.18
    endloop
  endfacet
  facet normal 0.555043 0.831822 -0
    outer loop
      vertex 9.03066 116.277 4.6
      vertex 8.65 116.531 19.8
      vertex 9.03066 116.277 19.8
    endloop
  endfacet
  facet normal 0.555043 0.831822 0
    outer loop
      vertex 8.65 116.531 19.8
      vertex 9.03066 116.277 4.6
      vertex 8.65 116.531 4.6
    endloop
  endfacet
  facet normal -0.321126 -0.947037 0
    outer loop
      vertex 5.56061 110.266 4.6
      vertex 5.99413 110.119 19.8
      vertex 5.56061 110.266 19.8
    endloop
  endfacet
  facet normal -0.321126 -0.947037 -0
    outer loop
      vertex 5.99413 110.119 19.8
      vertex 5.56061 110.266 4.6
      vertex 5.99413 110.119 4.6
    endloop
  endfacet
  facet normal -0.321126 -0.947037 0
    outer loop
      vertex 5.56061 110.266 3.18
      vertex 5.99413 110.119 3.2
      vertex 5.56061 110.266 3.2
    endloop
  endfacet
  facet normal -0.321126 -0.947037 -0
    outer loop
      vertex 5.99413 110.119 3.2
      vertex 5.56061 110.266 3.18
      vertex 5.99413 110.119 3.18
    endloop
  endfacet
  facet normal 0.194423 -0.980918 0
    outer loop
      vertex 7.35684 110.03 3.18
      vertex 7.80587 110.119 3.2
      vertex 7.35684 110.03 3.2
    endloop
  endfacet
  facet normal 0.194423 -0.980918 0
    outer loop
      vertex 7.80587 110.119 3.2
      vertex 7.35684 110.03 3.18
      vertex 7.80587 110.119 3.18
    endloop
  endfacet
  facet normal 0.194423 -0.980918 0
    outer loop
      vertex 7.35684 110.03 4.6
      vertex 7.80587 110.119 19.8
      vertex 7.35684 110.03 19.8
    endloop
  endfacet
  facet normal 0.194423 -0.980918 0
    outer loop
      vertex 7.80587 110.119 19.8
      vertex 7.35684 110.03 4.6
      vertex 7.80587 110.119 4.6
    endloop
  endfacet
  facet normal -0.321126 0.947037 0
    outer loop
      vertex 5.99413 116.881 4.6
      vertex 5.56061 116.734 19.8
      vertex 5.99413 116.881 19.8
    endloop
  endfacet
  facet normal -0.321126 0.947037 0
    outer loop
      vertex 5.56061 116.734 19.8
      vertex 5.99413 116.881 4.6
      vertex 5.56061 116.734 4.6
    endloop
  endfacet
  facet normal -0.321126 0.947037 0
    outer loop
      vertex 5.99413 116.881 3.18
      vertex 5.56061 116.734 3.2
      vertex 5.99413 116.881 3.2
    endloop
  endfacet
  facet normal -0.321126 0.947037 0
    outer loop
      vertex 5.56061 116.734 3.2
      vertex 5.99413 116.881 3.18
      vertex 5.56061 116.734 3.18
    endloop
  endfacet
  facet normal -0.831697 -0.555229 0
    outer loop
      vertex 4.12326 111.369 4.6
      vertex 3.86891 111.75 19.8
      vertex 3.86891 111.75 4.6
    endloop
  endfacet
  facet normal -0.831697 -0.555229 0
    outer loop
      vertex 3.86891 111.75 19.8
      vertex 4.12326 111.369 4.6
      vertex 4.12326 111.369 19.8
    endloop
  endfacet
  facet normal -0.831697 -0.555229 0
    outer loop
      vertex 4.12326 111.369 3.18
      vertex 3.86891 111.75 3.2
      vertex 3.86891 111.75 3.18
    endloop
  endfacet
  facet normal -0.831697 -0.555229 0
    outer loop
      vertex 3.86891 111.75 3.2
      vertex 4.12326 111.369 3.18
      vertex 4.12326 111.369 3.2
    endloop
  endfacet
  facet normal 0.555043 -0.831822 0
    outer loop
      vertex 8.65 110.469 3.18
      vertex 9.03066 110.723 3.2
      vertex 8.65 110.469 3.2
    endloop
  endfacet
  facet normal 0.555043 -0.831822 0
    outer loop
      vertex 9.03066 110.723 3.2
      vertex 8.65 110.469 3.18
      vertex 9.03066 110.723 3.18
    endloop
  endfacet
  facet normal 0.555043 -0.831822 0
    outer loop
      vertex 8.65 110.469 4.6
      vertex 9.03066 110.723 19.8
      vertex 8.65 110.469 19.8
    endloop
  endfacet
  facet normal 0.555043 -0.831822 0
    outer loop
      vertex 9.03066 110.723 19.8
      vertex 8.65 110.469 4.6
      vertex 9.03066 110.723 4.6
    endloop
  endfacet
  facet normal -0.946813 0.321785 0
    outer loop
      vertex 3.51926 114.406 4.6
      vertex 3.66642 114.839 19.8
      vertex 3.66642 114.839 4.6
    endloop
  endfacet
  facet normal -0.946813 0.321785 0
    outer loop
      vertex 3.66642 114.839 19.8
      vertex 3.51926 114.406 4.6
      vertex 3.51926 114.406 19.8
    endloop
  endfacet
  facet normal -0.946813 0.321785 0
    outer loop
      vertex 3.51926 114.406 3.18
      vertex 3.66642 114.839 3.2
      vertex 3.66642 114.839 3.18
    endloop
  endfacet
  facet normal -0.946813 0.321785 0
    outer loop
      vertex 3.66642 114.839 3.2
      vertex 3.51926 114.406 3.18
      vertex 3.51926 114.406 3.2
    endloop
  endfacet
  facet normal 0.321126 0.947037 -0
    outer loop
      vertex 8.23939 116.734 3.18
      vertex 7.80587 116.881 3.2
      vertex 8.23939 116.734 3.2
    endloop
  endfacet
  facet normal 0.321126 0.947037 0
    outer loop
      vertex 7.80587 116.881 3.2
      vertex 8.23939 116.734 3.18
      vertex 7.80587 116.881 3.18
    endloop
  endfacet
  facet normal 0.321126 0.947037 -0
    outer loop
      vertex 8.23939 116.734 4.6
      vertex 7.80587 116.881 19.8
      vertex 8.23939 116.734 19.8
    endloop
  endfacet
  facet normal 0.321126 0.947037 0
    outer loop
      vertex 7.80587 116.881 19.8
      vertex 8.23939 116.734 4.6
      vertex 7.80587 116.881 4.6
    endloop
  endfacet
  facet normal 0.0655274 0.997851 -0
    outer loop
      vertex 7.35684 116.97 4.6
      vertex 6.9 117 19.8
      vertex 7.35684 116.97 19.8
    endloop
  endfacet
  facet normal 0.0655274 0.997851 0
    outer loop
      vertex 6.9 117 19.8
      vertex 7.35684 116.97 4.6
      vertex 6.9 117 4.6
    endloop
  endfacet
  facet normal 0.0655274 0.997851 -0
    outer loop
      vertex 7.35684 116.97 3.18
      vertex 6.9 117 3.2
      vertex 7.35684 116.97 3.2
    endloop
  endfacet
  facet normal 0.0655274 0.997851 0
    outer loop
      vertex 6.9 117 3.2
      vertex 7.35684 116.97 3.18
      vertex 6.9 117 3.18
    endloop
  endfacet
  facet normal -0.443183 0.896431 0
    outer loop
      vertex 5.56061 116.734 4.6
      vertex 5.15 116.531 19.8
      vertex 5.56061 116.734 19.8
    endloop
  endfacet
  facet normal -0.443183 0.896431 0
    outer loop
      vertex 5.15 116.531 19.8
      vertex 5.56061 116.734 4.6
      vertex 5.15 116.531 4.6
    endloop
  endfacet
  facet normal -0.443183 0.896431 0
    outer loop
      vertex 5.56061 116.734 3.18
      vertex 5.15 116.531 3.2
      vertex 5.56061 116.734 3.2
    endloop
  endfacet
  facet normal -0.443183 0.896431 0
    outer loop
      vertex 5.15 116.531 3.2
      vertex 5.56061 116.734 3.18
      vertex 5.15 116.531 3.18
    endloop
  endfacet
  facet normal 0.831697 -0.555229 0
    outer loop
      vertex 9.67674 111.369 19.8
      vertex 9.93109 111.75 4.6
      vertex 9.93109 111.75 19.8
    endloop
  endfacet
  facet normal 0.831697 -0.555229 0
    outer loop
      vertex 9.93109 111.75 4.6
      vertex 9.67674 111.369 19.8
      vertex 9.67674 111.369 4.6
    endloop
  endfacet
  facet normal 0.831697 -0.555229 0
    outer loop
      vertex 9.67674 111.369 3.2
      vertex 9.93109 111.75 3.18
      vertex 9.93109 111.75 3.2
    endloop
  endfacet
  facet normal 0.831697 -0.555229 0
    outer loop
      vertex 9.93109 111.75 3.18
      vertex 9.67674 111.369 3.2
      vertex 9.67674 111.369 3.18
    endloop
  endfacet
  facet normal -0.997861 -0.0653741 0
    outer loop
      vertex 3.42994 113.043 3.18
      vertex 3.4 113.5 3.2
      vertex 3.4 113.5 3.18
    endloop
  endfacet
  facet normal -0.997861 -0.0653741 0
    outer loop
      vertex 3.4 113.5 3.2
      vertex 3.42994 113.043 3.18
      vertex 3.42994 113.043 3.2
    endloop
  endfacet
  facet normal -0.997861 -0.0653741 0
    outer loop
      vertex 3.42994 113.043 4.6
      vertex 3.4 113.5 19.8
      vertex 3.4 113.5 4.6
    endloop
  endfacet
  facet normal -0.997861 -0.0653741 0
    outer loop
      vertex 3.4 113.5 19.8
      vertex 3.42994 113.043 4.6
      vertex 3.42994 113.043 19.8
    endloop
  endfacet
  facet normal -0.946813 -0.321785 0
    outer loop
      vertex 3.66642 112.161 3.18
      vertex 3.51926 112.594 3.2
      vertex 3.51926 112.594 3.18
    endloop
  endfacet
  facet normal -0.946813 -0.321785 0
    outer loop
      vertex 3.51926 112.594 3.2
      vertex 3.66642 112.161 3.18
      vertex 3.66642 112.161 3.2
    endloop
  endfacet
  facet normal -0.946813 -0.321785 0
    outer loop
      vertex 3.66642 112.161 4.6
      vertex 3.51926 112.594 19.8
      vertex 3.51926 112.594 4.6
    endloop
  endfacet
  facet normal -0.946813 -0.321785 0
    outer loop
      vertex 3.51926 112.594 19.8
      vertex 3.66642 112.161 4.6
      vertex 3.66642 112.161 19.8
    endloop
  endfacet
  facet normal -0.659514 -0.751693 0
    outer loop
      vertex 4.42513 111.025 4.6
      vertex 4.76934 110.723 19.8
      vertex 4.42513 111.025 19.8
    endloop
  endfacet
  facet normal -0.659514 -0.751693 -0
    outer loop
      vertex 4.76934 110.723 19.8
      vertex 4.42513 111.025 4.6
      vertex 4.76934 110.723 4.6
    endloop
  endfacet
  facet normal -0.659514 -0.751693 0
    outer loop
      vertex 4.42513 111.025 3.18
      vertex 4.76934 110.723 3.2
      vertex 4.42513 111.025 3.2
    endloop
  endfacet
  facet normal -0.659514 -0.751693 -0
    outer loop
      vertex 4.76934 110.723 3.2
      vertex 4.42513 111.025 3.18
      vertex 4.76934 110.723 3.18
    endloop
  endfacet
  facet normal 0.443183 0.896431 -0
    outer loop
      vertex 8.65 116.531 4.6
      vertex 8.23939 116.734 19.8
      vertex 8.65 116.531 19.8
    endloop
  endfacet
  facet normal 0.443183 0.896431 0
    outer loop
      vertex 8.23939 116.734 19.8
      vertex 8.65 116.531 4.6
      vertex 8.23939 116.734 4.6
    endloop
  endfacet
  facet normal 0.443183 0.896431 -0
    outer loop
      vertex 8.65 116.531 3.18
      vertex 8.23939 116.734 3.2
      vertex 8.65 116.531 3.2
    endloop
  endfacet
  facet normal 0.443183 0.896431 0
    outer loop
      vertex 8.23939 116.734 3.2
      vertex 8.65 116.531 3.18
      vertex 8.23939 116.734 3.18
    endloop
  endfacet
  facet normal -0.194423 0.980918 0
    outer loop
      vertex 6.44316 116.97 4.6
      vertex 5.99413 116.881 19.8
      vertex 6.44316 116.97 19.8
    endloop
  endfacet
  facet normal -0.194423 0.980918 0
    outer loop
      vertex 5.99413 116.881 19.8
      vertex 6.44316 116.97 4.6
      vertex 5.99413 116.881 4.6
    endloop
  endfacet
  facet normal -0.194423 0.980918 0
    outer loop
      vertex 6.44316 116.97 3.18
      vertex 5.99413 116.881 3.2
      vertex 6.44316 116.97 3.2
    endloop
  endfacet
  facet normal -0.194423 0.980918 0
    outer loop
      vertex 5.99413 116.881 3.2
      vertex 6.44316 116.97 3.18
      vertex 5.99413 116.881 3.18
    endloop
  endfacet
  facet normal 0.751634 0.659581 0
    outer loop
      vertex 9.67674 115.631 3.2
      vertex 9.37487 115.975 3.18
      vertex 9.37487 115.975 3.2
    endloop
  endfacet
  facet normal 0.751634 0.659581 0
    outer loop
      vertex 9.37487 115.975 3.18
      vertex 9.67674 115.631 3.2
      vertex 9.67674 115.631 3.18
    endloop
  endfacet
  facet normal 0.751634 0.659581 0
    outer loop
      vertex 9.67674 115.631 19.8
      vertex 9.37487 115.975 4.6
      vertex 9.37487 115.975 19.8
    endloop
  endfacet
  facet normal 0.751634 0.659581 0
    outer loop
      vertex 9.37487 115.975 4.6
      vertex 9.67674 115.631 19.8
      vertex 9.67674 115.631 4.6
    endloop
  endfacet
  facet normal 0.194423 0.980918 -0
    outer loop
      vertex 7.80587 116.881 4.6
      vertex 7.35684 116.97 19.8
      vertex 7.80587 116.881 19.8
    endloop
  endfacet
  facet normal 0.194423 0.980918 0
    outer loop
      vertex 7.35684 116.97 19.8
      vertex 7.80587 116.881 4.6
      vertex 7.35684 116.97 4.6
    endloop
  endfacet
  facet normal 0.194423 0.980918 -0
    outer loop
      vertex 7.80587 116.881 3.18
      vertex 7.35684 116.97 3.2
      vertex 7.80587 116.881 3.2
    endloop
  endfacet
  facet normal 0.194423 0.980918 0
    outer loop
      vertex 7.35684 116.97 3.2
      vertex 7.80587 116.881 3.18
      vertex 7.35684 116.97 3.18
    endloop
  endfacet
  facet normal 0.751634 -0.659581 0
    outer loop
      vertex 9.37487 111.025 3.2
      vertex 9.67674 111.369 3.18
      vertex 9.67674 111.369 3.2
    endloop
  endfacet
  facet normal 0.751634 -0.659581 0
    outer loop
      vertex 9.67674 111.369 3.18
      vertex 9.37487 111.025 3.2
      vertex 9.37487 111.025 3.18
    endloop
  endfacet
  facet normal 0.751634 -0.659581 0
    outer loop
      vertex 9.37487 111.025 19.8
      vertex 9.67674 111.369 4.6
      vertex 9.67674 111.369 19.8
    endloop
  endfacet
  facet normal 0.751634 -0.659581 0
    outer loop
      vertex 9.67674 111.369 4.6
      vertex 9.37487 111.025 19.8
      vertex 9.37487 111.025 4.6
    endloop
  endfacet
  facet normal -0.443183 -0.896431 0
    outer loop
      vertex 5.15 110.469 3.18
      vertex 5.56061 110.266 3.2
      vertex 5.15 110.469 3.2
    endloop
  endfacet
  facet normal -0.443183 -0.896431 -0
    outer loop
      vertex 5.56061 110.266 3.2
      vertex 5.15 110.469 3.18
      vertex 5.56061 110.266 3.18
    endloop
  endfacet
  facet normal -0.443183 -0.896431 0
    outer loop
      vertex 5.15 110.469 4.6
      vertex 5.56061 110.266 19.8
      vertex 5.15 110.469 19.8
    endloop
  endfacet
  facet normal -0.443183 -0.896431 -0
    outer loop
      vertex 5.56061 110.266 19.8
      vertex 5.15 110.469 4.6
      vertex 5.56061 110.266 4.6
    endloop
  endfacet
  facet normal -0.0655274 0.997851 0
    outer loop
      vertex 6.9 117 4.6
      vertex 6.44316 116.97 19.8
      vertex 6.9 117 19.8
    endloop
  endfacet
  facet normal -0.0655274 0.997851 0
    outer loop
      vertex 6.44316 116.97 19.8
      vertex 6.9 117 4.6
      vertex 6.44316 116.97 4.6
    endloop
  endfacet
  facet normal -0.0655274 0.997851 0
    outer loop
      vertex 6.9 117 3.18
      vertex 6.44316 116.97 3.2
      vertex 6.9 117 3.2
    endloop
  endfacet
  facet normal -0.0655274 0.997851 0
    outer loop
      vertex 6.44316 116.97 3.2
      vertex 6.9 117 3.18
      vertex 6.44316 116.97 3.18
    endloop
  endfacet
  facet normal -0.980782 0.195108 0
    outer loop
      vertex 3.42994 113.957 4.6
      vertex 3.51926 114.406 19.8
      vertex 3.51926 114.406 4.6
    endloop
  endfacet
  facet normal -0.980782 0.195108 0
    outer loop
      vertex 3.51926 114.406 19.8
      vertex 3.42994 113.957 4.6
      vertex 3.42994 113.957 19.8
    endloop
  endfacet
  facet normal -0.980782 0.195108 0
    outer loop
      vertex 3.42994 113.957 3.18
      vertex 3.51926 114.406 3.2
      vertex 3.51926 114.406 3.18
    endloop
  endfacet
  facet normal -0.980782 0.195108 0
    outer loop
      vertex 3.51926 114.406 3.2
      vertex 3.42994 113.957 3.18
      vertex 3.42994 113.957 3.2
    endloop
  endfacet
  facet normal 0.0655274 -0.997851 0
    outer loop
      vertex 6.9 110 3.18
      vertex 7.35684 110.03 3.2
      vertex 6.9 110 3.2
    endloop
  endfacet
  facet normal 0.0655274 -0.997851 0
    outer loop
      vertex 7.35684 110.03 3.2
      vertex 6.9 110 3.18
      vertex 7.35684 110.03 3.18
    endloop
  endfacet
  facet normal 0.0655274 -0.997851 0
    outer loop
      vertex 6.9 110 4.6
      vertex 7.35684 110.03 19.8
      vertex 6.9 110 19.8
    endloop
  endfacet
  facet normal 0.0655274 -0.997851 0
    outer loop
      vertex 7.35684 110.03 19.8
      vertex 6.9 110 4.6
      vertex 7.35684 110.03 4.6
    endloop
  endfacet
  facet normal 0.443183 -0.896431 0
    outer loop
      vertex 8.23939 110.266 3.18
      vertex 8.65 110.469 3.2
      vertex 8.23939 110.266 3.2
    endloop
  endfacet
  facet normal 0.443183 -0.896431 0
    outer loop
      vertex 8.65 110.469 3.2
      vertex 8.23939 110.266 3.18
      vertex 8.65 110.469 3.18
    endloop
  endfacet
  facet normal 0.443183 -0.896431 0
    outer loop
      vertex 8.23939 110.266 4.6
      vertex 8.65 110.469 19.8
      vertex 8.23939 110.266 19.8
    endloop
  endfacet
  facet normal 0.443183 -0.896431 0
    outer loop
      vertex 8.65 110.469 19.8
      vertex 8.23939 110.266 4.6
      vertex 8.65 110.469 4.6
    endloop
  endfacet
  facet normal 0 0 -1
    outer loop
      vertex 7.75 113.5 3.18
      vertex 10.4 113.5 3.18
      vertex 10.3701 113.043 3.18
    endloop
  endfacet
  facet normal 0 0 -1
    outer loop
      vertex 7.74273 113.389 3.18
      vertex 10.3701 113.043 3.18
      vertex 10.2807 112.594 3.18
    endloop
  endfacet
  facet normal 0 0 -1
    outer loop
      vertex 10.4 113.5 3.18
      vertex 7.75 113.5 3.18
      vertex 10.3701 113.957 3.18
    endloop
  endfacet
  facet normal 0 0 -1
    outer loop
      vertex 7.72104 113.28 3.18
      vertex 10.2807 112.594 3.18
      vertex 10.1336 112.161 3.18
    endloop
  endfacet
  facet normal 0 0 -1
    outer loop
      vertex 7.74273 113.611 3.18
      vertex 10.3701 113.957 3.18
      vertex 7.75 113.5 3.18
    endloop
  endfacet
  facet normal 0 0 -1
    outer loop
      vertex 7.6853 113.175 3.18
      vertex 10.1336 112.161 3.18
      vertex 9.93109 111.75 3.18
    endloop
  endfacet
  facet normal -0 0 -1
    outer loop
      vertex 10.3701 113.957 3.18
      vertex 7.74273 113.611 3.18
      vertex 10.2807 114.406 3.18
    endloop
  endfacet
  facet normal 0 0 -1
    outer loop
      vertex 7.63612 113.075 3.18
      vertex 9.93109 111.75 3.18
      vertex 9.67674 111.369 3.18
    endloop
  endfacet
  facet normal 0 0 -1
    outer loop
      vertex 7.72104 113.72 3.18
      vertex 10.2807 114.406 3.18
      vertex 7.74273 113.611 3.18
    endloop
  endfacet
  facet normal 0 0 -1
    outer loop
      vertex 7.57435 112.983 3.18
      vertex 9.67674 111.369 3.18
      vertex 9.37487 111.025 3.18
    endloop
  endfacet
  facet normal -0 0 -1
    outer loop
      vertex 10.2807 114.406 3.18
      vertex 7.72104 113.72 3.18
      vertex 10.1336 114.839 3.18
    endloop
  endfacet
  facet normal 0 0 -1
    outer loop
      vertex 7.50104 112.899 3.18
      vertex 9.37487 111.025 3.18
      vertex 9.03066 110.723 3.18
    endloop
  endfacet
  facet normal 0 0 -1
    outer loop
      vertex 7.6853 113.825 3.18
      vertex 10.1336 114.839 3.18
      vertex 7.72104 113.72 3.18
    endloop
  endfacet
  facet normal 0 0 -1
    outer loop
      vertex 7.41745 112.826 3.18
      vertex 9.03066 110.723 3.18
      vertex 8.65 110.469 3.18
    endloop
  endfacet
  facet normal -0 0 -1
    outer loop
      vertex 10.1336 114.839 3.18
      vertex 7.6853 113.825 3.18
      vertex 9.93109 115.25 3.18
    endloop
  endfacet
  facet normal 0 0 -1
    outer loop
      vertex 7.325 112.764 3.18
      vertex 8.65 110.469 3.18
      vertex 8.23939 110.266 3.18
    endloop
  endfacet
  facet normal 0 0 -1
    outer loop
      vertex 7.63612 113.925 3.18
      vertex 9.93109 115.25 3.18
      vertex 7.6853 113.825 3.18
    endloop
  endfacet
  facet normal 0 0 -1
    outer loop
      vertex 7.22528 112.715 3.18
      vertex 8.23939 110.266 3.18
      vertex 7.80587 110.119 3.18
    endloop
  endfacet
  facet normal -0 0 -1
    outer loop
      vertex 9.93109 115.25 3.18
      vertex 7.63612 113.925 3.18
      vertex 9.67674 115.631 3.18
    endloop
  endfacet
  facet normal 0 0 -1
    outer loop
      vertex 7.57435 114.017 3.18
      vertex 9.67674 115.631 3.18
      vertex 7.63612 113.925 3.18
    endloop
  endfacet
  facet normal 0 0 -1
    outer loop
      vertex 10.3701 113.043 3.18
      vertex 7.74273 113.389 3.18
      vertex 7.75 113.5 3.18
    endloop
  endfacet
  facet normal 0 0 -1
    outer loop
      vertex 10.2807 112.594 3.18
      vertex 7.72104 113.28 3.18
      vertex 7.74273 113.389 3.18
    endloop
  endfacet
  facet normal 0 0 -1
    outer loop
      vertex 10.1336 112.161 3.18
      vertex 7.6853 113.175 3.18
      vertex 7.72104 113.28 3.18
    endloop
  endfacet
  facet normal 0 0 -1
    outer loop
      vertex 9.93109 111.75 3.18
      vertex 7.63612 113.075 3.18
      vertex 7.6853 113.175 3.18
    endloop
  endfacet
  facet normal 0 0 -1
    outer loop
      vertex 9.67674 111.369 3.18
      vertex 7.57435 112.983 3.18
      vertex 7.63612 113.075 3.18
    endloop
  endfacet
  facet normal 0 0 -1
    outer loop
      vertex 9.37487 111.025 3.18
      vertex 7.50104 112.899 3.18
      vertex 7.57435 112.983 3.18
    endloop
  endfacet
  facet normal 0 0 -1
    outer loop
      vertex 9.03066 110.723 3.18
      vertex 7.41745 112.826 3.18
      vertex 7.50104 112.899 3.18
    endloop
  endfacet
  facet normal 0 0 -1
    outer loop
      vertex 7.12 112.679 3.18
      vertex 7.80587 110.119 3.18
      vertex 7.35684 110.03 3.18
    endloop
  endfacet
  facet normal 0 0 -1
    outer loop
      vertex 8.65 110.469 3.18
      vertex 7.325 112.764 3.18
      vertex 7.41745 112.826 3.18
    endloop
  endfacet
  facet normal 0 0 -1
    outer loop
      vertex 8.23939 110.266 3.18
      vertex 7.22528 112.715 3.18
      vertex 7.325 112.764 3.18
    endloop
  endfacet
  facet normal 0 0 -1
    outer loop
      vertex 7.80587 110.119 3.18
      vertex 7.12 112.679 3.18
      vertex 7.22528 112.715 3.18
    endloop
  endfacet
  facet normal 0 0 -1
    outer loop
      vertex 7.35684 110.03 3.18
      vertex 7.01095 112.657 3.18
      vertex 7.12 112.679 3.18
    endloop
  endfacet
  facet normal 0 0 -1
    outer loop
      vertex 6.9 110 3.18
      vertex 7.01095 112.657 3.18
      vertex 7.35684 110.03 3.18
    endloop
  endfacet
  facet normal 0 0 -1
    outer loop
      vertex 6.9 110 3.18
      vertex 6.9 112.65 3.18
      vertex 7.01095 112.657 3.18
    endloop
  endfacet
  facet normal 0 0 -1
    outer loop
      vertex 6.9 110 3.18
      vertex 6.78905 112.657 3.18
      vertex 6.9 112.65 3.18
    endloop
  endfacet
  facet normal 0 0 -1
    outer loop
      vertex 6.44316 110.03 3.18
      vertex 6.78905 112.657 3.18
      vertex 6.9 110 3.18
    endloop
  endfacet
  facet normal -0 0 -1
    outer loop
      vertex 6.78905 112.657 3.18
      vertex 6.44316 110.03 3.18
      vertex 6.68 112.679 3.18
    endloop
  endfacet
  facet normal 0 0 -1
    outer loop
      vertex 5.99413 110.119 3.18
      vertex 6.68 112.679 3.18
      vertex 6.44316 110.03 3.18
    endloop
  endfacet
  facet normal -0 0 -1
    outer loop
      vertex 6.68 112.679 3.18
      vertex 5.99413 110.119 3.18
      vertex 6.57472 112.715 3.18
    endloop
  endfacet
  facet normal 0 0 -1
    outer loop
      vertex 5.56061 110.266 3.18
      vertex 6.57472 112.715 3.18
      vertex 5.99413 110.119 3.18
    endloop
  endfacet
  facet normal -0 0 -1
    outer loop
      vertex 6.57472 112.715 3.18
      vertex 5.56061 110.266 3.18
      vertex 6.475 112.764 3.18
    endloop
  endfacet
  facet normal 0 0 -1
    outer loop
      vertex 5.15 110.469 3.18
      vertex 6.475 112.764 3.18
      vertex 5.56061 110.266 3.18
    endloop
  endfacet
  facet normal -0 0 -1
    outer loop
      vertex 6.475 112.764 3.18
      vertex 5.15 110.469 3.18
      vertex 6.38255 112.826 3.18
    endloop
  endfacet
  facet normal 0 0 -1
    outer loop
      vertex 4.76934 110.723 3.18
      vertex 6.38255 112.826 3.18
      vertex 5.15 110.469 3.18
    endloop
  endfacet
  facet normal -0 0 -1
    outer loop
      vertex 6.38255 112.826 3.18
      vertex 4.76934 110.723 3.18
      vertex 6.29896 112.899 3.18
    endloop
  endfacet
  facet normal 0 0 -1
    outer loop
      vertex 4.42513 111.025 3.18
      vertex 6.29896 112.899 3.18
      vertex 4.76934 110.723 3.18
    endloop
  endfacet
  facet normal 0 0 -1
    outer loop
      vertex 4.12326 111.369 3.18
      vertex 6.22565 112.983 3.18
      vertex 4.42513 111.025 3.18
    endloop
  endfacet
  facet normal -0 0 -1
    outer loop
      vertex 6.29896 112.899 3.18
      vertex 4.42513 111.025 3.18
      vertex 6.22565 112.983 3.18
    endloop
  endfacet
  facet normal -0 0 -1
    outer loop
      vertex 9.67674 115.631 3.18
      vertex 7.57435 114.017 3.18
      vertex 9.37487 115.975 3.18
    endloop
  endfacet
  facet normal 0 0 -1
    outer loop
      vertex 7.50104 114.101 3.18
      vertex 9.37487 115.975 3.18
      vertex 7.57435 114.017 3.18
    endloop
  endfacet
  facet normal -0 0 -1
    outer loop
      vertex 9.37487 115.975 3.18
      vertex 7.50104 114.101 3.18
      vertex 9.03066 116.277 3.18
    endloop
  endfacet
  facet normal 0 0 -1
    outer loop
      vertex 7.41745 114.174 3.18
      vertex 9.03066 116.277 3.18
      vertex 7.50104 114.101 3.18
    endloop
  endfacet
  facet normal -0 0 -1
    outer loop
      vertex 9.03066 116.277 3.18
      vertex 7.41745 114.174 3.18
      vertex 8.65 116.531 3.18
    endloop
  endfacet
  facet normal 0 0 -1
    outer loop
      vertex 7.325 114.236 3.18
      vertex 8.65 116.531 3.18
      vertex 7.41745 114.174 3.18
    endloop
  endfacet
  facet normal -0 0 -1
    outer loop
      vertex 8.65 116.531 3.18
      vertex 7.325 114.236 3.18
      vertex 8.23939 116.734 3.18
    endloop
  endfacet
  facet normal 0 0 -1
    outer loop
      vertex 7.22528 114.285 3.18
      vertex 8.23939 116.734 3.18
      vertex 7.325 114.236 3.18
    endloop
  endfacet
  facet normal -0 0 -1
    outer loop
      vertex 8.23939 116.734 3.18
      vertex 7.22528 114.285 3.18
      vertex 7.80587 116.881 3.18
    endloop
  endfacet
  facet normal 0 0 -1
    outer loop
      vertex 7.12 114.321 3.18
      vertex 7.80587 116.881 3.18
      vertex 7.22528 114.285 3.18
    endloop
  endfacet
  facet normal -0 0 -1
    outer loop
      vertex 7.80587 116.881 3.18
      vertex 7.12 114.321 3.18
      vertex 7.35684 116.97 3.18
    endloop
  endfacet
  facet normal 0 0 -1
    outer loop
      vertex 7.01095 114.343 3.18
      vertex 7.35684 116.97 3.18
      vertex 7.12 114.321 3.18
    endloop
  endfacet
  facet normal 0 0 -1
    outer loop
      vertex 6.9 114.35 3.18
      vertex 7.35684 116.97 3.18
      vertex 7.01095 114.343 3.18
    endloop
  endfacet
  facet normal 0 0 -1
    outer loop
      vertex 6.9 114.35 3.18
      vertex 6.9 117 3.18
      vertex 7.35684 116.97 3.18
    endloop
  endfacet
  facet normal 0 0 -1
    outer loop
      vertex 6.78905 114.343 3.18
      vertex 6.9 117 3.18
      vertex 6.9 114.35 3.18
    endloop
  endfacet
  facet normal 0 0 -1
    outer loop
      vertex 6.44316 116.97 3.18
      vertex 6.78905 114.343 3.18
      vertex 6.68 114.321 3.18
    endloop
  endfacet
  facet normal 0 0 -1
    outer loop
      vertex 5.99413 116.881 3.18
      vertex 6.68 114.321 3.18
      vertex 6.57472 114.285 3.18
    endloop
  endfacet
  facet normal 0 0 -1
    outer loop
      vertex 5.56061 116.734 3.18
      vertex 6.57472 114.285 3.18
      vertex 6.475 114.236 3.18
    endloop
  endfacet
  facet normal 0 0 -1
    outer loop
      vertex 6.78905 114.343 3.18
      vertex 6.44316 116.97 3.18
      vertex 6.9 117 3.18
    endloop
  endfacet
  facet normal 0 0 -1
    outer loop
      vertex 5.15 116.531 3.18
      vertex 6.475 114.236 3.18
      vertex 6.38255 114.174 3.18
    endloop
  endfacet
  facet normal 0 0 -1
    outer loop
      vertex 4.76934 116.277 3.18
      vertex 6.38255 114.174 3.18
      vertex 6.29896 114.101 3.18
    endloop
  endfacet
  facet normal 0 0 -1
    outer loop
      vertex 4.42513 115.975 3.18
      vertex 6.29896 114.101 3.18
      vertex 6.22565 114.017 3.18
    endloop
  endfacet
  facet normal 0 0 -1
    outer loop
      vertex 4.12326 115.631 3.18
      vertex 6.22565 114.017 3.18
      vertex 6.16388 113.925 3.18
    endloop
  endfacet
  facet normal 0 0 -1
    outer loop
      vertex 3.86891 115.25 3.18
      vertex 6.16388 113.925 3.18
      vertex 6.1147 113.825 3.18
    endloop
  endfacet
  facet normal 0 0 -1
    outer loop
      vertex 3.66642 114.839 3.18
      vertex 6.1147 113.825 3.18
      vertex 6.07896 113.72 3.18
    endloop
  endfacet
  facet normal 0 0 -1
    outer loop
      vertex 3.51926 114.406 3.18
      vertex 6.07896 113.72 3.18
      vertex 6.05727 113.611 3.18
    endloop
  endfacet
  facet normal 0 0 -1
    outer loop
      vertex 6.68 114.321 3.18
      vertex 5.99413 116.881 3.18
      vertex 6.44316 116.97 3.18
    endloop
  endfacet
  facet normal 0 0 -1
    outer loop
      vertex 3.42994 113.957 3.18
      vertex 6.05727 113.611 3.18
      vertex 6.05 113.5 3.18
    endloop
  endfacet
  facet normal -0 0 -1
    outer loop
      vertex 6.22565 112.983 3.18
      vertex 4.12326 111.369 3.18
      vertex 6.16388 113.075 3.18
    endloop
  endfacet
  facet normal 0 0 -1
    outer loop
      vertex 3.86891 111.75 3.18
      vertex 6.16388 113.075 3.18
      vertex 4.12326 111.369 3.18
    endloop
  endfacet
  facet normal 0 0 -1
    outer loop
      vertex 6.57472 114.285 3.18
      vertex 5.56061 116.734 3.18
      vertex 5.99413 116.881 3.18
    endloop
  endfacet
  facet normal -0 0 -1
    outer loop
      vertex 6.16388 113.075 3.18
      vertex 3.86891 111.75 3.18
      vertex 6.1147 113.175 3.18
    endloop
  endfacet
  facet normal 0 0 -1
    outer loop
      vertex 6.475 114.236 3.18
      vertex 5.15 116.531 3.18
      vertex 5.56061 116.734 3.18
    endloop
  endfacet
  facet normal 0 0 -1
    outer loop
      vertex 3.66642 112.161 3.18
      vertex 6.1147 113.175 3.18
      vertex 3.86891 111.75 3.18
    endloop
  endfacet
  facet normal 0 0 -1
    outer loop
      vertex 6.38255 114.174 3.18
      vertex 4.76934 116.277 3.18
      vertex 5.15 116.531 3.18
    endloop
  endfacet
  facet normal -0 0 -1
    outer loop
      vertex 6.1147 113.175 3.18
      vertex 3.66642 112.161 3.18
      vertex 6.07896 113.28 3.18
    endloop
  endfacet
  facet normal 0 0 -1
    outer loop
      vertex 6.29896 114.101 3.18
      vertex 4.42513 115.975 3.18
      vertex 4.76934 116.277 3.18
    endloop
  endfacet
  facet normal 0 0 -1
    outer loop
      vertex 3.51926 112.594 3.18
      vertex 6.07896 113.28 3.18
      vertex 3.66642 112.161 3.18
    endloop
  endfacet
  facet normal 0 0 -1
    outer loop
      vertex 6.22565 114.017 3.18
      vertex 4.12326 115.631 3.18
      vertex 4.42513 115.975 3.18
    endloop
  endfacet
  facet normal -0 0 -1
    outer loop
      vertex 6.07896 113.28 3.18
      vertex 3.51926 112.594 3.18
      vertex 6.05727 113.389 3.18
    endloop
  endfacet
  facet normal 0 0 -1
    outer loop
      vertex 6.16388 113.925 3.18
      vertex 3.86891 115.25 3.18
      vertex 4.12326 115.631 3.18
    endloop
  endfacet
  facet normal 0 0 -1
    outer loop
      vertex 3.42994 113.043 3.18
      vertex 6.05727 113.389 3.18
      vertex 3.51926 112.594 3.18
    endloop
  endfacet
  facet normal 0 0 -1
    outer loop
      vertex 6.1147 113.825 3.18
      vertex 3.66642 114.839 3.18
      vertex 3.86891 115.25 3.18
    endloop
  endfacet
  facet normal -0 0 -1
    outer loop
      vertex 6.05727 113.389 3.18
      vertex 3.42994 113.043 3.18
      vertex 6.05 113.5 3.18
    endloop
  endfacet
  facet normal 0 0 -1
    outer loop
      vertex 6.07896 113.72 3.18
      vertex 3.51926 114.406 3.18
      vertex 3.66642 114.839 3.18
    endloop
  endfacet
  facet normal 0 0 -1
    outer loop
      vertex 3.4 113.5 3.18
      vertex 6.05 113.5 3.18
      vertex 3.42994 113.043 3.18
    endloop
  endfacet
  facet normal 0 0 -1
    outer loop
      vertex 6.05727 113.611 3.18
      vertex 3.42994 113.957 3.18
      vertex 3.51926 114.406 3.18
    endloop
  endfacet
  facet normal 0 0 -1
    outer loop
      vertex 6.05 113.5 3.18
      vertex 3.4 113.5 3.18
      vertex 3.42994 113.957 3.18
    endloop
  endfacet
  facet normal 0.659514 -0.751693 0
    outer loop
      vertex 9.03066 110.723 3.18
      vertex 9.37487 111.025 3.2
      vertex 9.03066 110.723 3.2
    endloop
  endfacet
  facet normal 0.659514 -0.751693 0
    outer loop
      vertex 9.37487 111.025 3.2
      vertex 9.03066 110.723 3.18
      vertex 9.37487 111.025 3.18
    endloop
  endfacet
  facet normal 0.659514 -0.751693 0
    outer loop
      vertex 9.03066 110.723 4.6
      vertex 9.37487 111.025 19.8
      vertex 9.03066 110.723 19.8
    endloop
  endfacet
  facet normal 0.659514 -0.751693 0
    outer loop
      vertex 9.37487 111.025 19.8
      vertex 9.03066 110.723 4.6
      vertex 9.37487 111.025 4.6
    endloop
  endfacet
  facet normal -0.89704 -0.44195 0
    outer loop
      vertex 3.86891 111.75 3.18
      vertex 3.66642 112.161 3.2
      vertex 3.66642 112.161 3.18
    endloop
  endfacet
  facet normal -0.89704 -0.44195 0
    outer loop
      vertex 3.66642 112.161 3.2
      vertex 3.86891 111.75 3.18
      vertex 3.86891 111.75 3.2
    endloop
  endfacet
  facet normal -0.89704 -0.44195 0
    outer loop
      vertex 3.86891 111.75 4.6
      vertex 3.66642 112.161 19.8
      vertex 3.66642 112.161 4.6
    endloop
  endfacet
  facet normal -0.89704 -0.44195 0
    outer loop
      vertex 3.66642 112.161 19.8
      vertex 3.86891 111.75 4.6
      vertex 3.86891 111.75 19.8
    endloop
  endfacet
  facet normal 0.897022 -0.441985 0
    outer loop
      vertex 9.93109 111.75 19.8
      vertex 10.1336 112.161 4.6
      vertex 10.1336 112.161 19.8
    endloop
  endfacet
  facet normal 0.897022 -0.441985 0
    outer loop
      vertex 10.1336 112.161 4.6
      vertex 9.93109 111.75 19.8
      vertex 9.93109 111.75 4.6
    endloop
  endfacet
  facet normal 0.897022 -0.441985 0
    outer loop
      vertex 9.93109 111.75 3.2
      vertex 10.1336 112.161 3.18
      vertex 10.1336 112.161 3.2
    endloop
  endfacet
  facet normal 0.897022 -0.441985 0
    outer loop
      vertex 10.1336 112.161 3.18
      vertex 9.93109 111.75 3.2
      vertex 9.93109 111.75 3.18
    endloop
  endfacet
  facet normal 0.659514 0.751693 -0
    outer loop
      vertex 9.37487 115.975 3.18
      vertex 9.03066 116.277 3.2
      vertex 9.37487 115.975 3.2
    endloop
  endfacet
  facet normal 0.659514 0.751693 0
    outer loop
      vertex 9.03066 116.277 3.2
      vertex 9.37487 115.975 3.18
      vertex 9.03066 116.277 3.18
    endloop
  endfacet
  facet normal 0.659514 0.751693 -0
    outer loop
      vertex 9.37487 115.975 4.6
      vertex 9.03066 116.277 19.8
      vertex 9.37487 115.975 19.8
    endloop
  endfacet
  facet normal 0.659514 0.751693 0
    outer loop
      vertex 9.03066 116.277 19.8
      vertex 9.37487 115.975 4.6
      vertex 9.03066 116.277 4.6
    endloop
  endfacet
  facet normal 0.997867 -0.0652871 0
    outer loop
      vertex 10.3701 113.043 3.2
      vertex 10.4 113.5 3.18
      vertex 10.4 113.5 3.2
    endloop
  endfacet
  facet normal 0.997867 -0.0652871 0
    outer loop
      vertex 10.4 113.5 3.18
      vertex 10.3701 113.043 3.2
      vertex 10.3701 113.043 3.18
    endloop
  endfacet
  facet normal 0.997867 -0.0652871 0
    outer loop
      vertex 10.3701 113.043 19.8
      vertex 10.4 113.5 4.6
      vertex 10.4 113.5 19.8
    endloop
  endfacet
  facet normal 0.997867 -0.0652871 0
    outer loop
      vertex 10.4 113.5 4.6
      vertex 10.3701 113.043 19.8
      vertex 10.3701 113.043 4.6
    endloop
  endfacet
  facet normal -0.555043 -0.831822 0
    outer loop
      vertex 4.76934 110.723 3.18
      vertex 5.15 110.469 3.2
      vertex 4.76934 110.723 3.2
    endloop
  endfacet
  facet normal -0.555043 -0.831822 -0
    outer loop
      vertex 5.15 110.469 3.2
      vertex 4.76934 110.723 3.18
      vertex 5.15 110.469 3.18
    endloop
  endfacet
  facet normal -0.555043 -0.831822 0
    outer loop
      vertex 4.76934 110.723 4.6
      vertex 5.15 110.469 19.8
      vertex 4.76934 110.723 19.8
    endloop
  endfacet
  facet normal -0.555043 -0.831822 -0
    outer loop
      vertex 5.15 110.469 19.8
      vertex 4.76934 110.723 4.6
      vertex 5.15 110.469 4.6
    endloop
  endfacet
  facet normal 0.897022 0.441985 0
    outer loop
      vertex 10.1336 114.839 3.2
      vertex 9.93109 115.25 3.18
      vertex 9.93109 115.25 3.2
    endloop
  endfacet
  facet normal 0.897022 0.441985 0
    outer loop
      vertex 9.93109 115.25 3.18
      vertex 10.1336 114.839 3.2
      vertex 10.1336 114.839 3.18
    endloop
  endfacet
  facet normal 0.897022 0.441985 0
    outer loop
      vertex 10.1336 114.839 19.8
      vertex 9.93109 115.25 4.6
      vertex 9.93109 115.25 19.8
    endloop
  endfacet
  facet normal 0.897022 0.441985 0
    outer loop
      vertex 9.93109 115.25 4.6
      vertex 10.1336 114.839 19.8
      vertex 10.1336 114.839 4.6
    endloop
  endfacet
  facet normal 0.980748 -0.195276 0
    outer loop
      vertex 10.2807 112.594 3.2
      vertex 10.3701 113.043 3.18
      vertex 10.3701 113.043 3.2
    endloop
  endfacet
  facet normal 0.980748 -0.195276 0
    outer loop
      vertex 10.3701 113.043 3.18
      vertex 10.2807 112.594 3.2
      vertex 10.2807 112.594 3.18
    endloop
  endfacet
  facet normal 0.980748 -0.195276 0
    outer loop
      vertex 10.2807 112.594 19.8
      vertex 10.3701 113.043 4.6
      vertex 10.3701 113.043 19.8
    endloop
  endfacet
  facet normal 0.980748 -0.195276 0
    outer loop
      vertex 10.3701 113.043 4.6
      vertex 10.2807 112.594 19.8
      vertex 10.2807 112.594 4.6
    endloop
  endfacet
  facet normal 0.946853 0.321668 0
    outer loop
      vertex 10.2807 114.406 3.2
      vertex 10.1336 114.839 3.18
      vertex 10.1336 114.839 3.2
    endloop
  endfacet
  facet normal 0.946853 0.321668 0
    outer loop
      vertex 10.1336 114.839 3.18
      vertex 10.2807 114.406 3.2
      vertex 10.2807 114.406 3.18
    endloop
  endfacet
  facet normal 0.946853 0.321668 0
    outer loop
      vertex 10.2807 114.406 19.8
      vertex 10.1336 114.839 4.6
      vertex 10.1336 114.839 19.8
    endloop
  endfacet
  facet normal 0.946853 0.321668 0
    outer loop
      vertex 10.1336 114.839 4.6
      vertex 10.2807 114.406 19.8
      vertex 10.2807 114.406 4.6
    endloop
  endfacet
  facet normal -0.980782 -0.195108 0
    outer loop
      vertex 3.51926 112.594 3.18
      vertex 3.42994 113.043 3.2
      vertex 3.42994 113.043 3.18
    endloop
  endfacet
  facet normal -0.980782 -0.195108 0
    outer loop
      vertex 3.42994 113.043 3.2
      vertex 3.51926 112.594 3.18
      vertex 3.51926 112.594 3.2
    endloop
  endfacet
  facet normal -0.980782 -0.195108 0
    outer loop
      vertex 3.51926 112.594 4.6
      vertex 3.42994 113.043 19.8
      vertex 3.42994 113.043 4.6
    endloop
  endfacet
  facet normal -0.980782 -0.195108 0
    outer loop
      vertex 3.42994 113.043 19.8
      vertex 3.51926 112.594 4.6
      vertex 3.51926 112.594 19.8
    endloop
  endfacet
  facet normal -0.751634 -0.659581 0
    outer loop
      vertex 4.42513 111.025 4.6
      vertex 4.12326 111.369 19.8
      vertex 4.12326 111.369 4.6
    endloop
  endfacet
  facet normal -0.751634 -0.659581 0
    outer loop
      vertex 4.12326 111.369 19.8
      vertex 4.42513 111.025 4.6
      vertex 4.42513 111.025 19.8
    endloop
  endfacet
  facet normal -0.751634 -0.659581 0
    outer loop
      vertex 4.42513 111.025 3.18
      vertex 4.12326 111.369 3.2
      vertex 4.12326 111.369 3.18
    endloop
  endfacet
  facet normal -0.751634 -0.659581 0
    outer loop
      vertex 4.12326 111.369 3.2
      vertex 4.42513 111.025 3.18
      vertex 4.42513 111.025 3.2
    endloop
  endfacet
  facet normal 0 0 1
    outer loop
      vertex 7.75 113.5 19.8
      vertex 10.4 113.5 19.8
      vertex 10.3701 113.957 19.8
    endloop
  endfacet
  facet normal 0 0 1
    outer loop
      vertex 7.74273 113.611 19.8
      vertex 10.3701 113.957 19.8
      vertex 10.2807 114.406 19.8
    endloop
  endfacet
  facet normal 0 0 1
    outer loop
      vertex 10.4 113.5 19.8
      vertex 7.75 113.5 19.8
      vertex 10.3701 113.043 19.8
    endloop
  endfacet
  facet normal 0 0 1
    outer loop
      vertex 7.72104 113.72 19.8
      vertex 10.2807 114.406 19.8
      vertex 10.1336 114.839 19.8
    endloop
  endfacet
  facet normal -0 0 1
    outer loop
      vertex 7.74273 113.389 19.8
      vertex 10.3701 113.043 19.8
      vertex 7.75 113.5 19.8
    endloop
  endfacet
  facet normal 0 0 1
    outer loop
      vertex 7.6853 113.825 19.8
      vertex 10.1336 114.839 19.8
      vertex 9.93109 115.25 19.8
    endloop
  endfacet
  facet normal 0 0 1
    outer loop
      vertex 10.3701 113.043 19.8
      vertex 7.74273 113.389 19.8
      vertex 10.2807 112.594 19.8
    endloop
  endfacet
  facet normal 0 0 1
    outer loop
      vertex 7.63612 113.925 19.8
      vertex 9.93109 115.25 19.8
      vertex 9.67674 115.631 19.8
    endloop
  endfacet
  facet normal -0 0 1
    outer loop
      vertex 7.72104 113.28 19.8
      vertex 10.2807 112.594 19.8
      vertex 7.74273 113.389 19.8
    endloop
  endfacet
  facet normal 0 0 1
    outer loop
      vertex 7.57435 114.017 19.8
      vertex 9.67674 115.631 19.8
      vertex 9.37487 115.975 19.8
    endloop
  endfacet
  facet normal 0 0 1
    outer loop
      vertex 10.2807 112.594 19.8
      vertex 7.72104 113.28 19.8
      vertex 10.1336 112.161 19.8
    endloop
  endfacet
  facet normal 0 0 1
    outer loop
      vertex 7.50104 114.101 19.8
      vertex 9.37487 115.975 19.8
      vertex 9.03066 116.277 19.8
    endloop
  endfacet
  facet normal -0 0 1
    outer loop
      vertex 7.6853 113.175 19.8
      vertex 10.1336 112.161 19.8
      vertex 7.72104 113.28 19.8
    endloop
  endfacet
  facet normal 0 0 1
    outer loop
      vertex 7.41745 114.174 19.8
      vertex 9.03066 116.277 19.8
      vertex 8.65 116.531 19.8
    endloop
  endfacet
  facet normal 0 0 1
    outer loop
      vertex 10.1336 112.161 19.8
      vertex 7.6853 113.175 19.8
      vertex 9.93109 111.75 19.8
    endloop
  endfacet
  facet normal 0 0 1
    outer loop
      vertex 7.325 114.236 19.8
      vertex 8.65 116.531 19.8
      vertex 8.23939 116.734 19.8
    endloop
  endfacet
  facet normal -0 0 1
    outer loop
      vertex 7.63612 113.075 19.8
      vertex 9.93109 111.75 19.8
      vertex 7.6853 113.175 19.8
    endloop
  endfacet
  facet normal 0 0 1
    outer loop
      vertex 7.22528 114.285 19.8
      vertex 8.23939 116.734 19.8
      vertex 7.80587 116.881 19.8
    endloop
  endfacet
  facet normal 0 0 1
    outer loop
      vertex 9.93109 111.75 19.8
      vertex 7.63612 113.075 19.8
      vertex 9.67674 111.369 19.8
    endloop
  endfacet
  facet normal -0 0 1
    outer loop
      vertex 7.57435 112.983 19.8
      vertex 9.67674 111.369 19.8
      vertex 7.63612 113.075 19.8
    endloop
  endfacet
  facet normal 0 0 1
    outer loop
      vertex 10.3701 113.957 19.8
      vertex 7.74273 113.611 19.8
      vertex 7.75 113.5 19.8
    endloop
  endfacet
  facet normal 0 0 1
    outer loop
      vertex 10.2807 114.406 19.8
      vertex 7.72104 113.72 19.8
      vertex 7.74273 113.611 19.8
    endloop
  endfacet
  facet normal 0 0 1
    outer loop
      vertex 10.1336 114.839 19.8
      vertex 7.6853 113.825 19.8
      vertex 7.72104 113.72 19.8
    endloop
  endfacet
  facet normal 0 0 1
    outer loop
      vertex 9.93109 115.25 19.8
      vertex 7.63612 113.925 19.8
      vertex 7.6853 113.825 19.8
    endloop
  endfacet
  facet normal 0 0 1
    outer loop
      vertex 9.67674 115.631 19.8
      vertex 7.57435 114.017 19.8
      vertex 7.63612 113.925 19.8
    endloop
  endfacet
  facet normal 0 0 1
    outer loop
      vertex 9.37487 115.975 19.8
      vertex 7.50104 114.101 19.8
      vertex 7.57435 114.017 19.8
    endloop
  endfacet
  facet normal 0 0 1
    outer loop
      vertex 9.03066 116.277 19.8
      vertex 7.41745 114.174 19.8
      vertex 7.50104 114.101 19.8
    endloop
  endfacet
  facet normal 0 0 1
    outer loop
      vertex 7.12 114.321 19.8
      vertex 7.80587 116.881 19.8
      vertex 7.35684 116.97 19.8
    endloop
  endfacet
  facet normal 0 0 1
    outer loop
      vertex 8.65 116.531 19.8
      vertex 7.325 114.236 19.8
      vertex 7.41745 114.174 19.8
    endloop
  endfacet
  facet normal 0 0 1
    outer loop
      vertex 8.23939 116.734 19.8
      vertex 7.22528 114.285 19.8
      vertex 7.325 114.236 19.8
    endloop
  endfacet
  facet normal 0 0 1
    outer loop
      vertex 7.80587 116.881 19.8
      vertex 7.12 114.321 19.8
      vertex 7.22528 114.285 19.8
    endloop
  endfacet
  facet normal 0 0 1
    outer loop
      vertex 7.35684 116.97 19.8
      vertex 7.01095 114.343 19.8
      vertex 7.12 114.321 19.8
    endloop
  endfacet
  facet normal 0 0 1
    outer loop
      vertex 6.9 117 19.8
      vertex 7.01095 114.343 19.8
      vertex 7.35684 116.97 19.8
    endloop
  endfacet
  facet normal 0 0 1
    outer loop
      vertex 6.9 117 19.8
      vertex 6.9 114.35 19.8
      vertex 7.01095 114.343 19.8
    endloop
  endfacet
  facet normal 0 0 1
    outer loop
      vertex 6.9 117 19.8
      vertex 6.78905 114.343 19.8
      vertex 6.9 114.35 19.8
    endloop
  endfacet
  facet normal -0 0 1
    outer loop
      vertex 6.44316 116.97 19.8
      vertex 6.78905 114.343 19.8
      vertex 6.9 117 19.8
    endloop
  endfacet
  facet normal 0 0 1
    outer loop
      vertex 6.78905 114.343 19.8
      vertex 6.44316 116.97 19.8
      vertex 6.68 114.321 19.8
    endloop
  endfacet
  facet normal -0 0 1
    outer loop
      vertex 5.99413 116.881 19.8
      vertex 6.68 114.321 19.8
      vertex 6.44316 116.97 19.8
    endloop
  endfacet
  facet normal 0 0 1
    outer loop
      vertex 6.68 114.321 19.8
      vertex 5.99413 116.881 19.8
      vertex 6.57472 114.285 19.8
    endloop
  endfacet
  facet normal -0 0 1
    outer loop
      vertex 5.56061 116.734 19.8
      vertex 6.57472 114.285 19.8
      vertex 5.99413 116.881 19.8
    endloop
  endfacet
  facet normal 0 0 1
    outer loop
      vertex 6.57472 114.285 19.8
      vertex 5.56061 116.734 19.8
      vertex 6.475 114.236 19.8
    endloop
  endfacet
  facet normal -0 0 1
    outer loop
      vertex 5.15 116.531 19.8
      vertex 6.475 114.236 19.8
      vertex 5.56061 116.734 19.8
    endloop
  endfacet
  facet normal 0 0 1
    outer loop
      vertex 6.475 114.236 19.8
      vertex 5.15 116.531 19.8
      vertex 6.38255 114.174 19.8
    endloop
  endfacet
  facet normal -0 0 1
    outer loop
      vertex 4.76934 116.277 19.8
      vertex 6.38255 114.174 19.8
      vertex 5.15 116.531 19.8
    endloop
  endfacet
  facet normal 0 0 1
    outer loop
      vertex 6.38255 114.174 19.8
      vertex 4.76934 116.277 19.8
      vertex 6.29896 114.101 19.8
    endloop
  endfacet
  facet normal -0 0 1
    outer loop
      vertex 4.42513 115.975 19.8
      vertex 6.29896 114.101 19.8
      vertex 4.76934 116.277 19.8
    endloop
  endfacet
  facet normal -0 0 1
    outer loop
      vertex 4.12326 115.631 19.8
      vertex 6.22565 114.017 19.8
      vertex 4.42513 115.975 19.8
    endloop
  endfacet
  facet normal 0 0 1
    outer loop
      vertex 6.29896 114.101 19.8
      vertex 4.42513 115.975 19.8
      vertex 6.22565 114.017 19.8
    endloop
  endfacet
  facet normal 0 0 1
    outer loop
      vertex 9.67674 111.369 19.8
      vertex 7.57435 112.983 19.8
      vertex 9.37487 111.025 19.8
    endloop
  endfacet
  facet normal -0 0 1
    outer loop
      vertex 7.50104 112.899 19.8
      vertex 9.37487 111.025 19.8
      vertex 7.57435 112.983 19.8
    endloop
  endfacet
  facet normal 0 0 1
    outer loop
      vertex 9.37487 111.025 19.8
      vertex 7.50104 112.899 19.8
      vertex 9.03066 110.723 19.8
    endloop
  endfacet
  facet normal -0 0 1
    outer loop
      vertex 7.41745 112.826 19.8
      vertex 9.03066 110.723 19.8
      vertex 7.50104 112.899 19.8
    endloop
  endfacet
  facet normal 0 0 1
    outer loop
      vertex 9.03066 110.723 19.8
      vertex 7.41745 112.826 19.8
      vertex 8.65 110.469 19.8
    endloop
  endfacet
  facet normal -0 0 1
    outer loop
      vertex 7.325 112.764 19.8
      vertex 8.65 110.469 19.8
      vertex 7.41745 112.826 19.8
    endloop
  endfacet
  facet normal 0 0 1
    outer loop
      vertex 8.65 110.469 19.8
      vertex 7.325 112.764 19.8
      vertex 8.23939 110.266 19.8
    endloop
  endfacet
  facet normal -0 0 1
    outer loop
      vertex 7.22528 112.715 19.8
      vertex 8.23939 110.266 19.8
      vertex 7.325 112.764 19.8
    endloop
  endfacet
  facet normal 0 0 1
    outer loop
      vertex 8.23939 110.266 19.8
      vertex 7.22528 112.715 19.8
      vertex 7.80587 110.119 19.8
    endloop
  endfacet
  facet normal -0 0 1
    outer loop
      vertex 7.12 112.679 19.8
      vertex 7.80587 110.119 19.8
      vertex 7.22528 112.715 19.8
    endloop
  endfacet
  facet normal 0 0 1
    outer loop
      vertex 7.80587 110.119 19.8
      vertex 7.12 112.679 19.8
      vertex 7.35684 110.03 19.8
    endloop
  endfacet
  facet normal -0 0 1
    outer loop
      vertex 7.01095 112.657 19.8
      vertex 7.35684 110.03 19.8
      vertex 7.12 112.679 19.8
    endloop
  endfacet
  facet normal -0 0 1
    outer loop
      vertex 6.9 112.65 19.8
      vertex 7.35684 110.03 19.8
      vertex 7.01095 112.657 19.8
    endloop
  endfacet
  facet normal 0 0 1
    outer loop
      vertex 6.9 112.65 19.8
      vertex 6.9 110 19.8
      vertex 7.35684 110.03 19.8
    endloop
  endfacet
  facet normal 0 0 1
    outer loop
      vertex 6.78905 112.657 19.8
      vertex 6.9 110 19.8
      vertex 6.9 112.65 19.8
    endloop
  endfacet
  facet normal 0 0 1
    outer loop
      vertex 6.44316 110.03 19.8
      vertex 6.78905 112.657 19.8
      vertex 6.68 112.679 19.8
    endloop
  endfacet
  facet normal 0 0 1
    outer loop
      vertex 5.99413 110.119 19.8
      vertex 6.68 112.679 19.8
      vertex 6.57472 112.715 19.8
    endloop
  endfacet
  facet normal 0 0 1
    outer loop
      vertex 5.56061 110.266 19.8
      vertex 6.57472 112.715 19.8
      vertex 6.475 112.764 19.8
    endloop
  endfacet
  facet normal 0 0 1
    outer loop
      vertex 6.78905 112.657 19.8
      vertex 6.44316 110.03 19.8
      vertex 6.9 110 19.8
    endloop
  endfacet
  facet normal 0 0 1
    outer loop
      vertex 5.15 110.469 19.8
      vertex 6.475 112.764 19.8
      vertex 6.38255 112.826 19.8
    endloop
  endfacet
  facet normal 0 0 1
    outer loop
      vertex 4.76934 110.723 19.8
      vertex 6.38255 112.826 19.8
      vertex 6.29896 112.899 19.8
    endloop
  endfacet
  facet normal 0 0 1
    outer loop
      vertex 4.42513 111.025 19.8
      vertex 6.29896 112.899 19.8
      vertex 6.22565 112.983 19.8
    endloop
  endfacet
  facet normal 0 0 1
    outer loop
      vertex 4.12326 111.369 19.8
      vertex 6.22565 112.983 19.8
      vertex 6.16388 113.075 19.8
    endloop
  endfacet
  facet normal 0 0 1
    outer loop
      vertex 3.86891 111.75 19.8
      vertex 6.16388 113.075 19.8
      vertex 6.1147 113.175 19.8
    endloop
  endfacet
  facet normal 0 0 1
    outer loop
      vertex 3.66642 112.161 19.8
      vertex 6.1147 113.175 19.8
      vertex 6.07896 113.28 19.8
    endloop
  endfacet
  facet normal 0 0 1
    outer loop
      vertex 3.51926 112.594 19.8
      vertex 6.07896 113.28 19.8
      vertex 6.05727 113.389 19.8
    endloop
  endfacet
  facet normal 0 0 1
    outer loop
      vertex 6.68 112.679 19.8
      vertex 5.99413 110.119 19.8
      vertex 6.44316 110.03 19.8
    endloop
  endfacet
  facet normal 0 0 1
    outer loop
      vertex 3.42994 113.043 19.8
      vertex 6.05727 113.389 19.8
      vertex 6.05 113.5 19.8
    endloop
  endfacet
  facet normal 0 0 1
    outer loop
      vertex 6.22565 114.017 19.8
      vertex 4.12326 115.631 19.8
      vertex 6.16388 113.925 19.8
    endloop
  endfacet
  facet normal -0 0 1
    outer loop
      vertex 3.86891 115.25 19.8
      vertex 6.16388 113.925 19.8
      vertex 4.12326 115.631 19.8
    endloop
  endfacet
  facet normal 0 0 1
    outer loop
      vertex 6.57472 112.715 19.8
      vertex 5.56061 110.266 19.8
      vertex 5.99413 110.119 19.8
    endloop
  endfacet
  facet normal 0 0 1
    outer loop
      vertex 6.16388 113.925 19.8
      vertex 3.86891 115.25 19.8
      vertex 6.1147 113.825 19.8
    endloop
  endfacet
  facet normal 0 0 1
    outer loop
      vertex 6.475 112.764 19.8
      vertex 5.15 110.469 19.8
      vertex 5.56061 110.266 19.8
    endloop
  endfacet
  facet normal -0 0 1
    outer loop
      vertex 3.66642 114.839 19.8
      vertex 6.1147 113.825 19.8
      vertex 3.86891 115.25 19.8
    endloop
  endfacet
  facet normal 0 0 1
    outer loop
      vertex 6.38255 112.826 19.8
      vertex 4.76934 110.723 19.8
      vertex 5.15 110.469 19.8
    endloop
  endfacet
  facet normal 0 0 1
    outer loop
      vertex 6.1147 113.825 19.8
      vertex 3.66642 114.839 19.8
      vertex 6.07896 113.72 19.8
    endloop
  endfacet
  facet normal 0 0 1
    outer loop
      vertex 6.29896 112.899 19.8
      vertex 4.42513 111.025 19.8
      vertex 4.76934 110.723 19.8
    endloop
  endfacet
  facet normal -0 0 1
    outer loop
      vertex 3.51926 114.406 19.8
      vertex 6.07896 113.72 19.8
      vertex 3.66642 114.839 19.8
    endloop
  endfacet
  facet normal 0 0 1
    outer loop
      vertex 6.22565 112.983 19.8
      vertex 4.12326 111.369 19.8
      vertex 4.42513 111.025 19.8
    endloop
  endfacet
  facet normal 0 0 1
    outer loop
      vertex 6.07896 113.72 19.8
      vertex 3.51926 114.406 19.8
      vertex 6.05727 113.611 19.8
    endloop
  endfacet
  facet normal 0 0 1
    outer loop
      vertex 6.16388 113.075 19.8
      vertex 3.86891 111.75 19.8
      vertex 4.12326 111.369 19.8
    endloop
  endfacet
  facet normal -0 0 1
    outer loop
      vertex 3.42994 113.957 19.8
      vertex 6.05727 113.611 19.8
      vertex 3.51926 114.406 19.8
    endloop
  endfacet
  facet normal 0 0 1
    outer loop
      vertex 6.1147 113.175 19.8
      vertex 3.66642 112.161 19.8
      vertex 3.86891 111.75 19.8
    endloop
  endfacet
  facet normal 0 0 1
    outer loop
      vertex 6.05727 113.611 19.8
      vertex 3.42994 113.957 19.8
      vertex 6.05 113.5 19.8
    endloop
  endfacet
  facet normal 0 0 1
    outer loop
      vertex 6.07896 113.28 19.8
      vertex 3.51926 112.594 19.8
      vertex 3.66642 112.161 19.8
    endloop
  endfacet
  facet normal 0 0 1
    outer loop
      vertex 3.4 113.5 19.8
      vertex 6.05 113.5 19.8
      vertex 3.42994 113.957 19.8
    endloop
  endfacet
  facet normal 0 0 1
    outer loop
      vertex 6.05727 113.389 19.8
      vertex 3.42994 113.043 19.8
      vertex 3.51926 112.594 19.8
    endloop
  endfacet
  facet normal 0 0 1
    outer loop
      vertex 6.05 113.5 19.8
      vertex 3.4 113.5 19.8
      vertex 3.42994 113.043 19.8
    endloop
  endfacet
  facet normal -0.194423 -0.980918 0
    outer loop
      vertex 5.99413 110.119 4.6
      vertex 6.44316 110.03 19.8
      vertex 5.99413 110.119 19.8
    endloop
  endfacet
  facet normal -0.194423 -0.980918 -0
    outer loop
      vertex 6.44316 110.03 19.8
      vertex 5.99413 110.119 4.6
      vertex 6.44316 110.03 4.6
    endloop
  endfacet
  facet normal -0.194423 -0.980918 0
    outer loop
      vertex 5.99413 110.119 3.18
      vertex 6.44316 110.03 3.2
      vertex 5.99413 110.119 3.2
    endloop
  endfacet
  facet normal -0.194423 -0.980918 -0
    outer loop
      vertex 6.44316 110.03 3.2
      vertex 5.99413 110.119 3.18
      vertex 6.44316 110.03 3.18
    endloop
  endfacet
  facet normal -0.831697 0.555229 0
    outer loop
      vertex 3.86891 115.25 3.18
      vertex 4.12326 115.631 3.2
      vertex 4.12326 115.631 3.18
    endloop
  endfacet
  facet normal -0.831697 0.555229 0
    outer loop
      vertex 4.12326 115.631 3.2
      vertex 3.86891 115.25 3.18
      vertex 3.86891 115.25 3.2
    endloop
  endfacet
  facet normal -0.831697 0.555229 0
    outer loop
      vertex 3.86891 115.25 4.6
      vertex 4.12326 115.631 19.8
      vertex 4.12326 115.631 4.6
    endloop
  endfacet
  facet normal -0.831697 0.555229 0
    outer loop
      vertex 4.12326 115.631 19.8
      vertex 3.86891 115.25 4.6
      vertex 3.86891 115.25 19.8
    endloop
  endfacet
  facet normal -0.0655274 -0.997851 0
    outer loop
      vertex 6.44316 110.03 4.6
      vertex 6.9 110 19.8
      vertex 6.44316 110.03 19.8
    endloop
  endfacet
  facet normal -0.0655274 -0.997851 -0
    outer loop
      vertex 6.9 110 19.8
      vertex 6.44316 110.03 4.6
      vertex 6.9 110 4.6
    endloop
  endfacet
  facet normal -0.0655274 -0.997851 0
    outer loop
      vertex 6.44316 110.03 3.18
      vertex 6.9 110 3.2
      vertex 6.44316 110.03 3.2
    endloop
  endfacet
  facet normal -0.0655274 -0.997851 -0
    outer loop
      vertex 6.9 110 3.2
      vertex 6.44316 110.03 3.18
      vertex 6.9 110 3.18
    endloop
  endfacet
  facet normal -0.197758 -0.980251 0
    outer loop
      vertex 7.01095 114.343 4.6
      vertex 7.12 114.321 19.8
      vertex 7.01095 114.343 19.8
    endloop
  endfacet
  facet normal -0.197758 -0.980251 -0
    outer loop
      vertex 7.12 114.321 19.8
      vertex 7.01095 114.343 4.6
      vertex 7.12 114.321 4.6
    endloop
  endfacet
  facet normal -0.197758 -0.980251 0
    outer loop
      vertex 7.01095 114.343 3.18
      vertex 7.12 114.321 3.2
      vertex 7.01095 114.343 3.2
    endloop
  endfacet
  facet normal -0.197758 -0.980251 -0
    outer loop
      vertex 7.12 114.321 3.2
      vertex 7.01095 114.343 3.18
      vertex 7.12 114.321 3.18
    endloop
  endfacet
  facet normal -0.980771 -0.195164 0
    outer loop
      vertex 7.74273 113.611 4.6
      vertex 7.72104 113.72 19.8
      vertex 7.72104 113.72 4.6
    endloop
  endfacet
  facet normal -0.980771 -0.195164 0
    outer loop
      vertex 7.72104 113.72 19.8
      vertex 7.74273 113.611 4.6
      vertex 7.74273 113.611 19.8
    endloop
  endfacet
  facet normal -0.980771 -0.195164 0
    outer loop
      vertex 7.74273 113.611 3.18
      vertex 7.72104 113.72 3.2
      vertex 7.72104 113.72 3.18
    endloop
  endfacet
  facet normal -0.980771 -0.195164 0
    outer loop
      vertex 7.72104 113.72 3.2
      vertex 7.74273 113.611 3.18
      vertex 7.74273 113.611 3.2
    endloop
  endfacet
  facet normal -0.997862 -0.0653555 0
    outer loop
      vertex 7.75 113.5 4.6
      vertex 7.74273 113.611 19.8
      vertex 7.74273 113.611 4.6
    endloop
  endfacet
  facet normal -0.997862 -0.0653555 0
    outer loop
      vertex 7.74273 113.611 19.8
      vertex 7.75 113.5 4.6
      vertex 7.75 113.5 19.8
    endloop
  endfacet
  facet normal -0.997862 -0.0653555 0
    outer loop
      vertex 7.75 113.5 3.18
      vertex 7.74273 113.611 3.2
      vertex 7.74273 113.611 3.18
    endloop
  endfacet
  facet normal -0.997862 -0.0653555 0
    outer loop
      vertex 7.74273 113.611 3.2
      vertex 7.75 113.5 3.18
      vertex 7.75 113.5 3.2
    endloop
  endfacet
  facet normal -0.946663 -0.322226 0
    outer loop
      vertex 7.72104 113.72 4.6
      vertex 7.6853 113.825 19.8
      vertex 7.6853 113.825 4.6
    endloop
  endfacet
  facet normal -0.946663 -0.322226 0
    outer loop
      vertex 7.6853 113.825 19.8
      vertex 7.72104 113.72 4.6
      vertex 7.72104 113.72 19.8
    endloop
  endfacet
  facet normal -0.946663 -0.322226 0
    outer loop
      vertex 7.72104 113.72 3.18
      vertex 7.6853 113.825 3.2
      vertex 7.6853 113.825 3.18
    endloop
  endfacet
  facet normal -0.946663 -0.322226 0
    outer loop
      vertex 7.6853 113.825 3.2
      vertex 7.72104 113.72 3.18
      vertex 7.72104 113.72 3.2
    endloop
  endfacet
  facet normal -0.830227 -0.557425 0
    outer loop
      vertex 7.63612 113.925 4.6
      vertex 7.57435 114.017 19.8
      vertex 7.57435 114.017 4.6
    endloop
  endfacet
  facet normal -0.830227 -0.557425 0
    outer loop
      vertex 7.57435 114.017 19.8
      vertex 7.63612 113.925 4.6
      vertex 7.63612 113.925 19.8
    endloop
  endfacet
  facet normal -0.830227 -0.557425 0
    outer loop
      vertex 7.63612 113.925 3.18
      vertex 7.57435 114.017 3.2
      vertex 7.57435 114.017 3.18
    endloop
  endfacet
  facet normal -0.830227 -0.557425 0
    outer loop
      vertex 7.57435 114.017 3.2
      vertex 7.63612 113.925 3.18
      vertex 7.63612 113.925 3.2
    endloop
  endfacet
  facet normal -0.323552 -0.94621 0
    outer loop
      vertex 7.12 114.321 4.6
      vertex 7.22528 114.285 19.8
      vertex 7.12 114.321 19.8
    endloop
  endfacet
  facet normal -0.323552 -0.94621 -0
    outer loop
      vertex 7.22528 114.285 19.8
      vertex 7.12 114.321 4.6
      vertex 7.22528 114.285 4.6
    endloop
  endfacet
  facet normal -0.323552 -0.94621 0
    outer loop
      vertex 7.12 114.321 3.18
      vertex 7.22528 114.285 3.2
      vertex 7.12 114.321 3.2
    endloop
  endfacet
  facet normal -0.323552 -0.94621 -0
    outer loop
      vertex 7.22528 114.285 3.2
      vertex 7.12 114.321 3.18
      vertex 7.22528 114.285 3.18
    endloop
  endfacet
  facet normal 0.980771 0.195164 0
    outer loop
      vertex 6.07896 113.28 19.8
      vertex 6.05727 113.389 4.6
      vertex 6.05727 113.389 19.8
    endloop
  endfacet
  facet normal 0.980771 0.195164 0
    outer loop
      vertex 6.05727 113.389 4.6
      vertex 6.07896 113.28 19.8
      vertex 6.07896 113.28 4.6
    endloop
  endfacet
  facet normal 0.980771 0.195164 0
    outer loop
      vertex 6.07896 113.28 3.2
      vertex 6.05727 113.389 3.18
      vertex 6.05727 113.389 3.2
    endloop
  endfacet
  facet normal 0.980771 0.195164 0
    outer loop
      vertex 6.05727 113.389 3.18
      vertex 6.07896 113.28 3.2
      vertex 6.07896 113.28 3.18
    endloop
  endfacet
  facet normal -0.997862 0.0653555 0
    outer loop
      vertex 7.74273 113.389 4.6
      vertex 7.75 113.5 19.8
      vertex 7.75 113.5 4.6
    endloop
  endfacet
  facet normal -0.997862 0.0653555 0
    outer loop
      vertex 7.75 113.5 19.8
      vertex 7.74273 113.389 4.6
      vertex 7.74273 113.389 19.8
    endloop
  endfacet
  facet normal -0.997862 0.0653555 0
    outer loop
      vertex 7.74273 113.389 3.18
      vertex 7.75 113.5 3.2
      vertex 7.75 113.5 3.18
    endloop
  endfacet
  facet normal -0.997862 0.0653555 0
    outer loop
      vertex 7.75 113.5 3.2
      vertex 7.74273 113.389 3.18
      vertex 7.74273 113.389 3.2
    endloop
  endfacet
  facet normal 0.997862 0.0653555 0
    outer loop
      vertex 6.05727 113.389 19.8
      vertex 6.05 113.5 4.6
      vertex 6.05 113.5 19.8
    endloop
  endfacet
  facet normal 0.997862 0.0653555 0
    outer loop
      vertex 6.05 113.5 4.6
      vertex 6.05727 113.389 19.8
      vertex 6.05727 113.389 4.6
    endloop
  endfacet
  facet normal 0.997862 0.0653555 0
    outer loop
      vertex 6.05727 113.389 3.2
      vertex 6.05 113.5 3.18
      vertex 6.05 113.5 3.2
    endloop
  endfacet
  facet normal 0.997862 0.0653555 0
    outer loop
      vertex 6.05 113.5 3.18
      vertex 6.05727 113.389 3.2
      vertex 6.05727 113.389 3.18
    endloop
  endfacet
  facet normal 0.323552 0.94621 -0
    outer loop
      vertex 6.68 112.679 4.6
      vertex 6.57472 112.715 19.8
      vertex 6.68 112.679 19.8
    endloop
  endfacet
  facet normal 0.323552 0.94621 0
    outer loop
      vertex 6.57472 112.715 19.8
      vertex 6.68 112.679 4.6
      vertex 6.57472 112.715 4.6
    endloop
  endfacet
  facet normal 0.323552 0.94621 -0
    outer loop
      vertex 6.68 112.679 3.18
      vertex 6.57472 112.715 3.2
      vertex 6.68 112.679 3.2
    endloop
  endfacet
  facet normal 0.323552 0.94621 0
    outer loop
      vertex 6.57472 112.715 3.2
      vertex 6.68 112.679 3.18
      vertex 6.57472 112.715 3.18
    endloop
  endfacet
  facet normal -0.897351 -0.441317 0
    outer loop
      vertex 7.6853 113.825 4.6
      vertex 7.63612 113.925 19.8
      vertex 7.63612 113.925 4.6
    endloop
  endfacet
  facet normal -0.897351 -0.441317 0
    outer loop
      vertex 7.63612 113.925 19.8
      vertex 7.6853 113.825 4.6
      vertex 7.6853 113.825 19.8
    endloop
  endfacet
  facet normal -0.897351 -0.441317 0
    outer loop
      vertex 7.6853 113.825 3.18
      vertex 7.63612 113.925 3.2
      vertex 7.63612 113.925 3.18
    endloop
  endfacet
  facet normal -0.897351 -0.441317 0
    outer loop
      vertex 7.63612 113.925 3.2
      vertex 7.6853 113.825 3.18
      vertex 7.6853 113.825 3.2
    endloop
  endfacet
  facet normal -0.753421 -0.657539 0
    outer loop
      vertex 7.57435 114.017 4.6
      vertex 7.50104 114.101 19.8
      vertex 7.50104 114.101 4.6
    endloop
  endfacet
  facet normal -0.753421 -0.657539 0
    outer loop
      vertex 7.50104 114.101 19.8
      vertex 7.57435 114.017 4.6
      vertex 7.57435 114.017 19.8
    endloop
  endfacet
  facet normal -0.753421 -0.657539 0
    outer loop
      vertex 7.57435 114.017 3.18
      vertex 7.50104 114.101 3.2
      vertex 7.50104 114.101 3.18
    endloop
  endfacet
  facet normal -0.753421 -0.657539 0
    outer loop
      vertex 7.50104 114.101 3.2
      vertex 7.57435 114.017 3.18
      vertex 7.57435 114.017 3.2
    endloop
  endfacet
  facet normal -0.946663 0.322226 0
    outer loop
      vertex 7.6853 113.175 4.6
      vertex 7.72104 113.28 19.8
      vertex 7.72104 113.28 4.6
    endloop
  endfacet
  facet normal -0.946663 0.322226 0
    outer loop
      vertex 7.72104 113.28 19.8
      vertex 7.6853 113.175 4.6
      vertex 7.6853 113.175 19.8
    endloop
  endfacet
  facet normal -0.946663 0.322226 0
    outer loop
      vertex 7.6853 113.175 3.18
      vertex 7.72104 113.28 3.2
      vertex 7.72104 113.28 3.18
    endloop
  endfacet
  facet normal -0.946663 0.322226 0
    outer loop
      vertex 7.72104 113.28 3.2
      vertex 7.6853 113.175 3.18
      vertex 7.6853 113.175 3.2
    endloop
  endfacet
  facet normal 0.753421 0.657539 0
    outer loop
      vertex 6.29896 112.899 19.8
      vertex 6.22565 112.983 4.6
      vertex 6.22565 112.983 19.8
    endloop
  endfacet
  facet normal 0.753421 0.657539 0
    outer loop
      vertex 6.22565 112.983 4.6
      vertex 6.29896 112.899 19.8
      vertex 6.29896 112.899 4.6
    endloop
  endfacet
  facet normal 0.753421 0.657539 0
    outer loop
      vertex 6.29896 112.899 3.2
      vertex 6.22565 112.983 3.18
      vertex 6.22565 112.983 3.2
    endloop
  endfacet
  facet normal 0.753421 0.657539 0
    outer loop
      vertex 6.22565 112.983 3.18
      vertex 6.29896 112.899 3.2
      vertex 6.29896 112.899 3.18
    endloop
  endfacet
  facet normal -0.980771 0.195164 0
    outer loop
      vertex 7.72104 113.28 4.6
      vertex 7.74273 113.389 19.8
      vertex 7.74273 113.389 4.6
    endloop
  endfacet
  facet normal -0.980771 0.195164 0
    outer loop
      vertex 7.74273 113.389 19.8
      vertex 7.72104 113.28 4.6
      vertex 7.72104 113.28 19.8
    endloop
  endfacet
  facet normal -0.980771 0.195164 0
    outer loop
      vertex 7.72104 113.28 3.18
      vertex 7.74273 113.389 3.2
      vertex 7.74273 113.389 3.18
    endloop
  endfacet
  facet normal -0.980771 0.195164 0
    outer loop
      vertex 7.74273 113.389 3.2
      vertex 7.72104 113.28 3.18
      vertex 7.72104 113.28 3.2
    endloop
  endfacet
  facet normal -0.0629663 0.998016 0
    outer loop
      vertex 7.01095 112.657 4.6
      vertex 6.9 112.65 19.8
      vertex 7.01095 112.657 19.8
    endloop
  endfacet
  facet normal -0.0629663 0.998016 0
    outer loop
      vertex 6.9 112.65 19.8
      vertex 7.01095 112.657 4.6
      vertex 6.9 112.65 4.6
    endloop
  endfacet
  facet normal -0.0629663 0.998016 0
    outer loop
      vertex 7.01095 112.657 3.18
      vertex 6.9 112.65 3.2
      vertex 7.01095 112.657 3.2
    endloop
  endfacet
  facet normal -0.0629663 0.998016 0
    outer loop
      vertex 6.9 112.65 3.2
      vertex 7.01095 112.657 3.18
      vertex 6.9 112.65 3.18
    endloop
  endfacet
  facet normal 0.946663 0.322226 0
    outer loop
      vertex 6.1147 113.175 19.8
      vertex 6.07896 113.28 4.6
      vertex 6.07896 113.28 19.8
    endloop
  endfacet
  facet normal 0.946663 0.322226 0
    outer loop
      vertex 6.07896 113.28 4.6
      vertex 6.1147 113.175 19.8
      vertex 6.1147 113.175 4.6
    endloop
  endfacet
  facet normal 0.946663 0.322226 0
    outer loop
      vertex 6.1147 113.175 3.2
      vertex 6.07896 113.28 3.18
      vertex 6.07896 113.28 3.2
    endloop
  endfacet
  facet normal 0.946663 0.322226 0
    outer loop
      vertex 6.07896 113.28 3.18
      vertex 6.1147 113.175 3.2
      vertex 6.1147 113.175 3.18
    endloop
  endfacet
  facet normal -0.830227 0.557425 0
    outer loop
      vertex 7.57435 112.983 4.6
      vertex 7.63612 113.075 19.8
      vertex 7.63612 113.075 4.6
    endloop
  endfacet
  facet normal -0.830227 0.557425 0
    outer loop
      vertex 7.63612 113.075 19.8
      vertex 7.57435 112.983 4.6
      vertex 7.57435 112.983 19.8
    endloop
  endfacet
  facet normal -0.830227 0.557425 0
    outer loop
      vertex 7.57435 112.983 3.18
      vertex 7.63612 113.075 3.2
      vertex 7.63612 113.075 3.18
    endloop
  endfacet
  facet normal -0.830227 0.557425 0
    outer loop
      vertex 7.63612 113.075 3.2
      vertex 7.57435 112.983 3.18
      vertex 7.57435 112.983 3.2
    endloop
  endfacet
  facet normal -0.441011 -0.897502 0
    outer loop
      vertex 7.22528 114.285 4.6
      vertex 7.325 114.236 19.8
      vertex 7.22528 114.285 19.8
    endloop
  endfacet
  facet normal -0.441011 -0.897502 -0
    outer loop
      vertex 7.325 114.236 19.8
      vertex 7.22528 114.285 4.6
      vertex 7.325 114.236 4.6
    endloop
  endfacet
  facet normal -0.441011 -0.897502 0
    outer loop
      vertex 7.22528 114.285 3.18
      vertex 7.325 114.236 3.2
      vertex 7.22528 114.285 3.2
    endloop
  endfacet
  facet normal -0.441011 -0.897502 -0
    outer loop
      vertex 7.325 114.236 3.2
      vertex 7.22528 114.285 3.18
      vertex 7.325 114.236 3.18
    endloop
  endfacet
  facet normal 0.441011 -0.897502 0
    outer loop
      vertex 6.475 114.236 4.6
      vertex 6.57472 114.285 19.8
      vertex 6.475 114.236 19.8
    endloop
  endfacet
  facet normal 0.441011 -0.897502 0
    outer loop
      vertex 6.57472 114.285 19.8
      vertex 6.475 114.236 4.6
      vertex 6.57472 114.285 4.6
    endloop
  endfacet
  facet normal 0.441011 -0.897502 0
    outer loop
      vertex 6.475 114.236 3.18
      vertex 6.57472 114.285 3.2
      vertex 6.475 114.236 3.2
    endloop
  endfacet
  facet normal 0.441011 -0.897502 0
    outer loop
      vertex 6.57472 114.285 3.2
      vertex 6.475 114.236 3.18
      vertex 6.57472 114.285 3.18
    endloop
  endfacet
  facet normal -0.441011 0.897502 0
    outer loop
      vertex 7.325 112.764 4.6
      vertex 7.22528 112.715 19.8
      vertex 7.325 112.764 19.8
    endloop
  endfacet
  facet normal -0.441011 0.897502 0
    outer loop
      vertex 7.22528 112.715 19.8
      vertex 7.325 112.764 4.6
      vertex 7.22528 112.715 4.6
    endloop
  endfacet
  facet normal -0.441011 0.897502 0
    outer loop
      vertex 7.325 112.764 3.18
      vertex 7.22528 112.715 3.2
      vertex 7.325 112.764 3.2
    endloop
  endfacet
  facet normal -0.441011 0.897502 0
    outer loop
      vertex 7.22528 112.715 3.2
      vertex 7.325 112.764 3.18
      vertex 7.22528 112.715 3.18
    endloop
  endfacet
  facet normal -0.323552 0.94621 0
    outer loop
      vertex 7.22528 112.715 4.6
      vertex 7.12 112.679 19.8
      vertex 7.22528 112.715 19.8
    endloop
  endfacet
  facet normal -0.323552 0.94621 0
    outer loop
      vertex 7.12 112.679 19.8
      vertex 7.22528 112.715 4.6
      vertex 7.12 112.679 4.6
    endloop
  endfacet
  facet normal -0.323552 0.94621 0
    outer loop
      vertex 7.22528 112.715 3.18
      vertex 7.12 112.679 3.2
      vertex 7.22528 112.715 3.2
    endloop
  endfacet
  facet normal -0.323552 0.94621 0
    outer loop
      vertex 7.12 112.679 3.2
      vertex 7.22528 112.715 3.18
      vertex 7.12 112.679 3.18
    endloop
  endfacet
  facet normal 0.197758 0.980251 -0
    outer loop
      vertex 6.78905 112.657 4.6
      vertex 6.68 112.679 19.8
      vertex 6.78905 112.657 19.8
    endloop
  endfacet
  facet normal 0.197758 0.980251 0
    outer loop
      vertex 6.68 112.679 19.8
      vertex 6.78905 112.657 4.6
      vertex 6.68 112.679 4.6
    endloop
  endfacet
  facet normal 0.197758 0.980251 -0
    outer loop
      vertex 6.78905 112.657 3.18
      vertex 6.68 112.679 3.2
      vertex 6.78905 112.657 3.2
    endloop
  endfacet
  facet normal 0.197758 0.980251 0
    outer loop
      vertex 6.68 112.679 3.2
      vertex 6.78905 112.657 3.18
      vertex 6.68 112.679 3.18
    endloop
  endfacet
  facet normal 0.946663 -0.322226 0
    outer loop
      vertex 6.07896 113.72 19.8
      vertex 6.1147 113.825 4.6
      vertex 6.1147 113.825 19.8
    endloop
  endfacet
  facet normal 0.946663 -0.322226 0
    outer loop
      vertex 6.1147 113.825 4.6
      vertex 6.07896 113.72 19.8
      vertex 6.07896 113.72 4.6
    endloop
  endfacet
  facet normal 0.946663 -0.322226 0
    outer loop
      vertex 6.07896 113.72 3.2
      vertex 6.1147 113.825 3.18
      vertex 6.1147 113.825 3.2
    endloop
  endfacet
  facet normal 0.946663 -0.322226 0
    outer loop
      vertex 6.1147 113.825 3.18
      vertex 6.07896 113.72 3.2
      vertex 6.07896 113.72 3.18
    endloop
  endfacet
  facet normal 0.197758 -0.980251 0
    outer loop
      vertex 6.68 114.321 4.6
      vertex 6.78905 114.343 19.8
      vertex 6.68 114.321 19.8
    endloop
  endfacet
  facet normal 0.197758 -0.980251 0
    outer loop
      vertex 6.78905 114.343 19.8
      vertex 6.68 114.321 4.6
      vertex 6.78905 114.343 4.6
    endloop
  endfacet
  facet normal 0.197758 -0.980251 0
    outer loop
      vertex 6.68 114.321 3.18
      vertex 6.78905 114.343 3.2
      vertex 6.68 114.321 3.2
    endloop
  endfacet
  facet normal 0.197758 -0.980251 0
    outer loop
      vertex 6.78905 114.343 3.2
      vertex 6.68 114.321 3.18
      vertex 6.78905 114.343 3.18
    endloop
  endfacet
  facet normal 0.556979 -0.830527 0
    outer loop
      vertex 6.38255 114.174 4.6
      vertex 6.475 114.236 19.8
      vertex 6.38255 114.174 19.8
    endloop
  endfacet
  facet normal 0.556979 -0.830527 0
    outer loop
      vertex 6.475 114.236 19.8
      vertex 6.38255 114.174 4.6
      vertex 6.475 114.236 4.6
    endloop
  endfacet
  facet normal 0.556979 -0.830527 0
    outer loop
      vertex 6.38255 114.174 3.18
      vertex 6.475 114.236 3.2
      vertex 6.38255 114.174 3.2
    endloop
  endfacet
  facet normal 0.556979 -0.830527 0
    outer loop
      vertex 6.475 114.236 3.2
      vertex 6.38255 114.174 3.18
      vertex 6.475 114.236 3.18
    endloop
  endfacet
  facet normal -0.556979 0.830527 0
    outer loop
      vertex 7.41745 112.826 4.6
      vertex 7.325 112.764 19.8
      vertex 7.41745 112.826 19.8
    endloop
  endfacet
  facet normal -0.556979 0.830527 0
    outer loop
      vertex 7.325 112.764 19.8
      vertex 7.41745 112.826 4.6
      vertex 7.325 112.764 4.6
    endloop
  endfacet
  facet normal -0.556979 0.830527 0
    outer loop
      vertex 7.41745 112.826 3.18
      vertex 7.325 112.764 3.2
      vertex 7.41745 112.826 3.2
    endloop
  endfacet
  facet normal -0.556979 0.830527 0
    outer loop
      vertex 7.325 112.764 3.2
      vertex 7.41745 112.826 3.18
      vertex 7.325 112.764 3.18
    endloop
  endfacet
  facet normal -0.197758 0.980251 0
    outer loop
      vertex 7.12 112.679 4.6
      vertex 7.01095 112.657 19.8
      vertex 7.12 112.679 19.8
    endloop
  endfacet
  facet normal -0.197758 0.980251 0
    outer loop
      vertex 7.01095 112.657 19.8
      vertex 7.12 112.679 4.6
      vertex 7.01095 112.657 4.6
    endloop
  endfacet
  facet normal -0.197758 0.980251 0
    outer loop
      vertex 7.12 112.679 3.18
      vertex 7.01095 112.657 3.2
      vertex 7.12 112.679 3.2
    endloop
  endfacet
  facet normal -0.197758 0.980251 0
    outer loop
      vertex 7.01095 112.657 3.2
      vertex 7.12 112.679 3.18
      vertex 7.01095 112.657 3.18
    endloop
  endfacet
  facet normal 0.897351 -0.441317 0
    outer loop
      vertex 6.1147 113.825 19.8
      vertex 6.16388 113.925 4.6
      vertex 6.16388 113.925 19.8
    endloop
  endfacet
  facet normal 0.897351 -0.441317 0
    outer loop
      vertex 6.16388 113.925 4.6
      vertex 6.1147 113.825 19.8
      vertex 6.1147 113.825 4.6
    endloop
  endfacet
  facet normal 0.897351 -0.441317 0
    outer loop
      vertex 6.1147 113.825 3.2
      vertex 6.16388 113.925 3.18
      vertex 6.16388 113.925 3.2
    endloop
  endfacet
  facet normal 0.897351 -0.441317 0
    outer loop
      vertex 6.16388 113.925 3.18
      vertex 6.1147 113.825 3.2
      vertex 6.1147 113.825 3.18
    endloop
  endfacet
  facet normal -0.657783 -0.753207 0
    outer loop
      vertex 7.41745 114.174 4.6
      vertex 7.50104 114.101 19.8
      vertex 7.41745 114.174 19.8
    endloop
  endfacet
  facet normal -0.657783 -0.753207 -0
    outer loop
      vertex 7.50104 114.101 19.8
      vertex 7.41745 114.174 4.6
      vertex 7.50104 114.101 4.6
    endloop
  endfacet
  facet normal -0.657783 -0.753207 0
    outer loop
      vertex 7.41745 114.174 3.18
      vertex 7.50104 114.101 3.2
      vertex 7.41745 114.174 3.2
    endloop
  endfacet
  facet normal -0.657783 -0.753207 -0
    outer loop
      vertex 7.50104 114.101 3.2
      vertex 7.41745 114.174 3.18
      vertex 7.50104 114.101 3.18
    endloop
  endfacet
  facet normal 0.830227 -0.557425 0
    outer loop
      vertex 6.16388 113.925 19.8
      vertex 6.22565 114.017 4.6
      vertex 6.22565 114.017 19.8
    endloop
  endfacet
  facet normal 0.830227 -0.557425 0
    outer loop
      vertex 6.22565 114.017 4.6
      vertex 6.16388 113.925 19.8
      vertex 6.16388 113.925 4.6
    endloop
  endfacet
  facet normal 0.830227 -0.557425 0
    outer loop
      vertex 6.16388 113.925 3.2
      vertex 6.22565 114.017 3.18
      vertex 6.22565 114.017 3.2
    endloop
  endfacet
  facet normal 0.830227 -0.557425 0
    outer loop
      vertex 6.22565 114.017 3.18
      vertex 6.16388 113.925 3.2
      vertex 6.16388 113.925 3.18
    endloop
  endfacet
  facet normal 0.0629663 0.998016 -0
    outer loop
      vertex 6.9 112.65 4.6
      vertex 6.78905 112.657 19.8
      vertex 6.9 112.65 19.8
    endloop
  endfacet
  facet normal 0.0629663 0.998016 0
    outer loop
      vertex 6.78905 112.657 19.8
      vertex 6.9 112.65 4.6
      vertex 6.78905 112.657 4.6
    endloop
  endfacet
  facet normal 0.0629663 0.998016 -0
    outer loop
      vertex 6.9 112.65 3.18
      vertex 6.78905 112.657 3.2
      vertex 6.9 112.65 3.2
    endloop
  endfacet
  facet normal 0.0629663 0.998016 0
    outer loop
      vertex 6.78905 112.657 3.2
      vertex 6.9 112.65 3.18
      vertex 6.78905 112.657 3.18
    endloop
  endfacet
  facet normal 0.657783 -0.753207 0
    outer loop
      vertex 6.29896 114.101 4.6
      vertex 6.38255 114.174 19.8
      vertex 6.29896 114.101 19.8
    endloop
  endfacet
  facet normal 0.657783 -0.753207 0
    outer loop
      vertex 6.38255 114.174 19.8
      vertex 6.29896 114.101 4.6
      vertex 6.38255 114.174 4.6
    endloop
  endfacet
  facet normal 0.657783 -0.753207 0
    outer loop
      vertex 6.29896 114.101 3.18
      vertex 6.38255 114.174 3.2
      vertex 6.29896 114.101 3.2
    endloop
  endfacet
  facet normal 0.657783 -0.753207 0
    outer loop
      vertex 6.38255 114.174 3.2
      vertex 6.29896 114.101 3.18
      vertex 6.38255 114.174 3.18
    endloop
  endfacet
  facet normal 0.657783 0.753207 -0
    outer loop
      vertex 6.38255 112.826 4.6
      vertex 6.29896 112.899 19.8
      vertex 6.38255 112.826 19.8
    endloop
  endfacet
  facet normal 0.657783 0.753207 0
    outer loop
      vertex 6.29896 112.899 19.8
      vertex 6.38255 112.826 4.6
      vertex 6.29896 112.899 4.6
    endloop
  endfacet
  facet normal 0.657783 0.753207 -0
    outer loop
      vertex 6.38255 112.826 3.18
      vertex 6.29896 112.899 3.2
      vertex 6.38255 112.826 3.2
    endloop
  endfacet
  facet normal 0.657783 0.753207 0
    outer loop
      vertex 6.29896 112.899 3.2
      vertex 6.38255 112.826 3.18
      vertex 6.29896 112.899 3.18
    endloop
  endfacet
  facet normal 0.753421 -0.657539 0
    outer loop
      vertex 6.22565 114.017 19.8
      vertex 6.29896 114.101 4.6
      vertex 6.29896 114.101 19.8
    endloop
  endfacet
  facet normal 0.753421 -0.657539 0
    outer loop
      vertex 6.29896 114.101 4.6
      vertex 6.22565 114.017 19.8
      vertex 6.22565 114.017 4.6
    endloop
  endfacet
  facet normal 0.753421 -0.657539 0
    outer loop
      vertex 6.22565 114.017 3.2
      vertex 6.29896 114.101 3.18
      vertex 6.29896 114.101 3.2
    endloop
  endfacet
  facet normal 0.753421 -0.657539 0
    outer loop
      vertex 6.29896 114.101 3.18
      vertex 6.22565 114.017 3.2
      vertex 6.22565 114.017 3.18
    endloop
  endfacet
  facet normal -0.753421 0.657539 0
    outer loop
      vertex 7.50104 112.899 4.6
      vertex 7.57435 112.983 19.8
      vertex 7.57435 112.983 4.6
    endloop
  endfacet
  facet normal -0.753421 0.657539 0
    outer loop
      vertex 7.57435 112.983 19.8
      vertex 7.50104 112.899 4.6
      vertex 7.50104 112.899 19.8
    endloop
  endfacet
  facet normal -0.753421 0.657539 0
    outer loop
      vertex 7.50104 112.899 3.18
      vertex 7.57435 112.983 3.2
      vertex 7.57435 112.983 3.18
    endloop
  endfacet
  facet normal -0.753421 0.657539 0
    outer loop
      vertex 7.57435 112.983 3.2
      vertex 7.50104 112.899 3.18
      vertex 7.50104 112.899 3.2
    endloop
  endfacet
  facet normal -0.897351 0.441317 0
    outer loop
      vertex 7.63612 113.075 4.6
      vertex 7.6853 113.175 19.8
      vertex 7.6853 113.175 4.6
    endloop
  endfacet
  facet normal -0.897351 0.441317 0
    outer loop
      vertex 7.6853 113.175 19.8
      vertex 7.63612 113.075 4.6
      vertex 7.63612 113.075 19.8
    endloop
  endfacet
  facet normal -0.897351 0.441317 0
    outer loop
      vertex 7.63612 113.075 3.18
      vertex 7.6853 113.175 3.2
      vertex 7.6853 113.175 3.18
    endloop
  endfacet
  facet normal -0.897351 0.441317 0
    outer loop
      vertex 7.6853 113.175 3.2
      vertex 7.63612 113.075 3.18
      vertex 7.63612 113.075 3.2
    endloop
  endfacet
  facet normal 0.556979 0.830527 -0
    outer loop
      vertex 6.475 112.764 4.6
      vertex 6.38255 112.826 19.8
      vertex 6.475 112.764 19.8
    endloop
  endfacet
  facet normal 0.556979 0.830527 0
    outer loop
      vertex 6.38255 112.826 19.8
      vertex 6.475 112.764 4.6
      vertex 6.38255 112.826 4.6
    endloop
  endfacet
  facet normal 0.556979 0.830527 -0
    outer loop
      vertex 6.475 112.764 3.18
      vertex 6.38255 112.826 3.2
      vertex 6.475 112.764 3.2
    endloop
  endfacet
  facet normal 0.556979 0.830527 0
    outer loop
      vertex 6.38255 112.826 3.2
      vertex 6.475 112.764 3.18
      vertex 6.38255 112.826 3.18
    endloop
  endfacet
  facet normal 0.980771 -0.195164 0
    outer loop
      vertex 6.05727 113.611 19.8
      vertex 6.07896 113.72 4.6
      vertex 6.07896 113.72 19.8
    endloop
  endfacet
  facet normal 0.980771 -0.195164 0
    outer loop
      vertex 6.07896 113.72 4.6
      vertex 6.05727 113.611 19.8
      vertex 6.05727 113.611 4.6
    endloop
  endfacet
  facet normal 0.980771 -0.195164 0
    outer loop
      vertex 6.05727 113.611 3.2
      vertex 6.07896 113.72 3.18
      vertex 6.07896 113.72 3.2
    endloop
  endfacet
  facet normal 0.980771 -0.195164 0
    outer loop
      vertex 6.07896 113.72 3.18
      vertex 6.05727 113.611 3.2
      vertex 6.05727 113.611 3.18
    endloop
  endfacet
  facet normal -0.0629663 -0.998016 0
    outer loop
      vertex 6.9 114.35 4.6
      vertex 7.01095 114.343 19.8
      vertex 6.9 114.35 19.8
    endloop
  endfacet
  facet normal -0.0629663 -0.998016 -0
    outer loop
      vertex 7.01095 114.343 19.8
      vertex 6.9 114.35 4.6
      vertex 7.01095 114.343 4.6
    endloop
  endfacet
  facet normal -0.0629663 -0.998016 0
    outer loop
      vertex 6.9 114.35 3.18
      vertex 7.01095 114.343 3.2
      vertex 6.9 114.35 3.2
    endloop
  endfacet
  facet normal -0.0629663 -0.998016 -0
    outer loop
      vertex 7.01095 114.343 3.2
      vertex 6.9 114.35 3.18
      vertex 7.01095 114.343 3.18
    endloop
  endfacet
  facet normal -0.556979 -0.830527 0
    outer loop
      vertex 7.325 114.236 4.6
      vertex 7.41745 114.174 19.8
      vertex 7.325 114.236 19.8
    endloop
  endfacet
  facet normal -0.556979 -0.830527 -0
    outer loop
      vertex 7.41745 114.174 19.8
      vertex 7.325 114.236 4.6
      vertex 7.41745 114.174 4.6
    endloop
  endfacet
  facet normal -0.556979 -0.830527 0
    outer loop
      vertex 7.325 114.236 3.18
      vertex 7.41745 114.174 3.2
      vertex 7.325 114.236 3.2
    endloop
  endfacet
  facet normal -0.556979 -0.830527 -0
    outer loop
      vertex 7.41745 114.174 3.2
      vertex 7.325 114.236 3.18
      vertex 7.41745 114.174 3.18
    endloop
  endfacet
  facet normal 0.323552 -0.94621 0
    outer loop
      vertex 6.57472 114.285 4.6
      vertex 6.68 114.321 19.8
      vertex 6.57472 114.285 19.8
    endloop
  endfacet
  facet normal 0.323552 -0.94621 0
    outer loop
      vertex 6.68 114.321 19.8
      vertex 6.57472 114.285 4.6
      vertex 6.68 114.321 4.6
    endloop
  endfacet
  facet normal 0.323552 -0.94621 0
    outer loop
      vertex 6.57472 114.285 3.18
      vertex 6.68 114.321 3.2
      vertex 6.57472 114.285 3.2
    endloop
  endfacet
  facet normal 0.323552 -0.94621 0
    outer loop
      vertex 6.68 114.321 3.2
      vertex 6.57472 114.285 3.18
      vertex 6.68 114.321 3.18
    endloop
  endfacet
  facet normal 0.0629663 -0.998016 0
    outer loop
      vertex 6.78905 114.343 4.6
      vertex 6.9 114.35 19.8
      vertex 6.78905 114.343 19.8
    endloop
  endfacet
  facet normal 0.0629663 -0.998016 0
    outer loop
      vertex 6.9 114.35 19.8
      vertex 6.78905 114.343 4.6
      vertex 6.9 114.35 4.6
    endloop
  endfacet
  facet normal 0.0629663 -0.998016 0
    outer loop
      vertex 6.78905 114.343 3.18
      vertex 6.9 114.35 3.2
      vertex 6.78905 114.343 3.2
    endloop
  endfacet
  facet normal 0.0629663 -0.998016 0
    outer loop
      vertex 6.9 114.35 3.2
      vertex 6.78905 114.343 3.18
      vertex 6.9 114.35 3.18
    endloop
  endfacet
  facet normal 0.997862 -0.0653555 0
    outer loop
      vertex 6.05 113.5 19.8
      vertex 6.05727 113.611 4.6
      vertex 6.05727 113.611 19.8
    endloop
  endfacet
  facet normal 0.997862 -0.0653555 0
    outer loop
      vertex 6.05727 113.611 4.6
      vertex 6.05 113.5 19.8
      vertex 6.05 113.5 4.6
    endloop
  endfacet
  facet normal 0.997862 -0.0653555 0
    outer loop
      vertex 6.05 113.5 3.2
      vertex 6.05727 113.611 3.18
      vertex 6.05727 113.611 3.2
    endloop
  endfacet
  facet normal 0.997862 -0.0653555 0
    outer loop
      vertex 6.05727 113.611 3.18
      vertex 6.05 113.5 3.2
      vertex 6.05 113.5 3.18
    endloop
  endfacet
  facet normal 0.897351 0.441317 0
    outer loop
      vertex 6.16388 113.075 19.8
      vertex 6.1147 113.175 4.6
      vertex 6.1147 113.175 19.8
    endloop
  endfacet
  facet normal 0.897351 0.441317 0
    outer loop
      vertex 6.1147 113.175 4.6
      vertex 6.16388 113.075 19.8
      vertex 6.16388 113.075 4.6
    endloop
  endfacet
  facet normal 0.897351 0.441317 0
    outer loop
      vertex 6.16388 113.075 3.2
      vertex 6.1147 113.175 3.18
      vertex 6.1147 113.175 3.2
    endloop
  endfacet
  facet normal 0.897351 0.441317 0
    outer loop
      vertex 6.1147 113.175 3.18
      vertex 6.16388 113.075 3.2
      vertex 6.16388 113.075 3.18
    endloop
  endfacet
  facet normal 0.441011 0.897502 -0
    outer loop
      vertex 6.57472 112.715 4.6
      vertex 6.475 112.764 19.8
      vertex 6.57472 112.715 19.8
    endloop
  endfacet
  facet normal 0.441011 0.897502 0
    outer loop
      vertex 6.475 112.764 19.8
      vertex 6.57472 112.715 4.6
      vertex 6.475 112.764 4.6
    endloop
  endfacet
  facet normal 0.441011 0.897502 -0
    outer loop
      vertex 6.57472 112.715 3.18
      vertex 6.475 112.764 3.2
      vertex 6.57472 112.715 3.2
    endloop
  endfacet
  facet normal 0.441011 0.897502 0
    outer loop
      vertex 6.475 112.764 3.2
      vertex 6.57472 112.715 3.18
      vertex 6.475 112.764 3.18
    endloop
  endfacet
  facet normal -0.657783 0.753207 0
    outer loop
      vertex 7.50104 112.899 4.6
      vertex 7.41745 112.826 19.8
      vertex 7.50104 112.899 19.8
    endloop
  endfacet
  facet normal -0.657783 0.753207 0
    outer loop
      vertex 7.41745 112.826 19.8
      vertex 7.50104 112.899 4.6
      vertex 7.41745 112.826 4.6
    endloop
  endfacet
  facet normal -0.657783 0.753207 0
    outer loop
      vertex 7.50104 112.899 3.18
      vertex 7.41745 112.826 3.2
      vertex 7.50104 112.899 3.2
    endloop
  endfacet
  facet normal -0.657783 0.753207 0
    outer loop
      vertex 7.41745 112.826 3.2
      vertex 7.50104 112.899 3.18
      vertex 7.41745 112.826 3.18
    endloop
  endfacet
  facet normal 0.830227 0.557425 0
    outer loop
      vertex 6.22565 112.983 19.8
      vertex 6.16388 113.075 4.6
      vertex 6.16388 113.075 19.8
    endloop
  endfacet
  facet normal 0.830227 0.557425 0
    outer loop
      vertex 6.16388 113.075 4.6
      vertex 6.22565 112.983 19.8
      vertex 6.22565 112.983 4.6
    endloop
  endfacet
  facet normal 0.830227 0.557425 0
    outer loop
      vertex 6.22565 112.983 3.2
      vertex 6.16388 113.075 3.18
      vertex 6.16388 113.075 3.2
    endloop
  endfacet
  facet normal 0.830227 0.557425 0
    outer loop
      vertex 6.16388 113.075 3.18
      vertex 6.22565 112.983 3.2
      vertex 6.22565 112.983 3.18
    endloop
  endfacet
  facet normal 0.980915 0.194435 0
    outer loop
      vertex 172.37 113.957 3.2
      vertex 172.281 114.406 3.18
      vertex 172.281 114.406 3.2
    endloop
  endfacet
  facet normal 0.980915 0.194435 0
    outer loop
      vertex 172.281 114.406 3.18
      vertex 172.37 113.957 3.2
      vertex 172.37 113.957 3.18
    endloop
  endfacet
  facet normal 0.980915 0.194435 0
    outer loop
      vertex 172.37 113.957 19.8
      vertex 172.281 114.406 4.6
      vertex 172.281 114.406 19.8
    endloop
  endfacet
  facet normal 0.980915 0.194435 0
    outer loop
      vertex 172.281 114.406 4.6
      vertex 172.37 113.957 19.8
      vertex 172.37 113.957 4.6
    endloop
  endfacet
  facet normal 0.997852 0.0655045 0
    outer loop
      vertex 172.4 113.5 3.2
      vertex 172.37 113.957 3.18
      vertex 172.37 113.957 3.2
    endloop
  endfacet
  facet normal 0.997852 0.0655045 0
    outer loop
      vertex 172.37 113.957 3.18
      vertex 172.4 113.5 3.2
      vertex 172.4 113.5 3.18
    endloop
  endfacet
  facet normal 0.997852 0.0655045 0
    outer loop
      vertex 172.4 113.5 19.8
      vertex 172.37 113.957 4.6
      vertex 172.37 113.957 19.8
    endloop
  endfacet
  facet normal 0.997852 0.0655045 0
    outer loop
      vertex 172.37 113.957 4.6
      vertex 172.4 113.5 19.8
      vertex 172.4 113.5 4.6
    endloop
  endfacet
  facet normal 0.321471 -0.946919 0
    outer loop
      vertex 169.806 110.119 3.18
      vertex 170.239 110.266 3.2
      vertex 169.806 110.119 3.2
    endloop
  endfacet
  facet normal 0.321471 -0.946919 0
    outer loop
      vertex 170.239 110.266 3.2
      vertex 169.806 110.119 3.18
      vertex 170.239 110.266 3.18
    endloop
  endfacet
  facet normal 0.321471 -0.946919 0
    outer loop
      vertex 169.806 110.119 4.6
      vertex 170.239 110.266 19.8
      vertex 169.806 110.119 19.8
    endloop
  endfacet
  facet normal 0.321471 -0.946919 0
    outer loop
      vertex 170.239 110.266 19.8
      vertex 169.806 110.119 4.6
      vertex 170.239 110.266 4.6
    endloop
  endfacet
  facet normal 0.83205 0.5547 0
    outer loop
      vertex 171.931 115.25 3.2
      vertex 171.677 115.631 3.18
      vertex 171.677 115.631 3.2
    endloop
  endfacet
  facet normal 0.83205 0.5547 0
    outer loop
      vertex 171.677 115.631 3.18
      vertex 171.931 115.25 3.2
      vertex 171.931 115.25 3.18
    endloop
  endfacet
  facet normal 0.83205 0.5547 0
    outer loop
      vertex 171.931 115.25 19.8
      vertex 171.677 115.631 4.6
      vertex 171.677 115.631 19.8
    endloop
  endfacet
  facet normal 0.83205 0.5547 0
    outer loop
      vertex 171.677 115.631 4.6
      vertex 171.931 115.25 19.8
      vertex 171.931 115.25 4.6
    endloop
  endfacet
  facet normal -0.896598 0.442845 0
    outer loop
      vertex 165.666 114.839 4.6
      vertex 165.869 115.25 19.8
      vertex 165.869 115.25 4.6
    endloop
  endfacet
  facet normal -0.896598 0.442845 0
    outer loop
      vertex 165.869 115.25 19.8
      vertex 165.666 114.839 4.6
      vertex 165.666 114.839 19.8
    endloop
  endfacet
  facet normal -0.896598 0.442845 0
    outer loop
      vertex 165.666 114.839 3.18
      vertex 165.869 115.25 3.2
      vertex 165.869 115.25 3.18
    endloop
  endfacet
  facet normal -0.896598 0.442845 0
    outer loop
      vertex 165.869 115.25 3.2
      vertex 165.666 114.839 3.18
      vertex 165.666 114.839 3.2
    endloop
  endfacet
  facet normal -0.5547 0.83205 0
    outer loop
      vertex 167.15 116.531 3.18
      vertex 166.769 116.277 3.2
      vertex 167.15 116.531 3.2
    endloop
  endfacet
  facet normal -0.5547 0.83205 0
    outer loop
      vertex 166.769 116.277 3.2
      vertex 167.15 116.531 3.18
      vertex 166.769 116.277 3.18
    endloop
  endfacet
  facet normal -0.5547 0.83205 0
    outer loop
      vertex 167.15 116.531 4.6
      vertex 166.769 116.277 19.8
      vertex 167.15 116.531 19.8
    endloop
  endfacet
  facet normal -0.5547 0.83205 0
    outer loop
      vertex 166.769 116.277 19.8
      vertex 167.15 116.531 4.6
      vertex 166.769 116.277 4.6
    endloop
  endfacet
  facet normal -0.659741 0.751493 0
    outer loop
      vertex 166.769 116.277 3.18
      vertex 166.425 115.975 3.2
      vertex 166.769 116.277 3.2
    endloop
  endfacet
  facet normal -0.659741 0.751493 0
    outer loop
      vertex 166.425 115.975 3.2
      vertex 166.769 116.277 3.18
      vertex 166.425 115.975 3.18
    endloop
  endfacet
  facet normal -0.659741 0.751493 0
    outer loop
      vertex 166.769 116.277 4.6
      vertex 166.425 115.975 19.8
      vertex 166.769 116.277 19.8
    endloop
  endfacet
  facet normal -0.659741 0.751493 0
    outer loop
      vertex 166.425 115.975 19.8
      vertex 166.769 116.277 4.6
      vertex 166.425 115.975 4.6
    endloop
  endfacet
  facet normal -0.751493 0.659741 0
    outer loop
      vertex 166.123 115.631 4.6
      vertex 166.425 115.975 19.8
      vertex 166.425 115.975 4.6
    endloop
  endfacet
  facet normal -0.751493 0.659741 0
    outer loop
      vertex 166.425 115.975 19.8
      vertex 166.123 115.631 4.6
      vertex 166.123 115.631 19.8
    endloop
  endfacet
  facet normal -0.751493 0.659741 0
    outer loop
      vertex 166.123 115.631 3.18
      vertex 166.425 115.975 3.2
      vertex 166.425 115.975 3.18
    endloop
  endfacet
  facet normal -0.751493 0.659741 0
    outer loop
      vertex 166.425 115.975 3.2
      vertex 166.123 115.631 3.18
      vertex 166.123 115.631 3.2
    endloop
  endfacet
  facet normal 0.946919 -0.321471 0
    outer loop
      vertex 172.134 112.161 3.2
      vertex 172.281 112.594 3.18
      vertex 172.281 112.594 3.2
    endloop
  endfacet
  facet normal 0.946919 -0.321471 0
    outer loop
      vertex 172.281 112.594 3.18
      vertex 172.134 112.161 3.2
      vertex 172.134 112.161 3.18
    endloop
  endfacet
  facet normal 0.946919 -0.321471 0
    outer loop
      vertex 172.134 112.161 19.8
      vertex 172.281 112.594 4.6
      vertex 172.281 112.594 19.8
    endloop
  endfacet
  facet normal 0.946919 -0.321471 0
    outer loop
      vertex 172.281 112.594 4.6
      vertex 172.134 112.161 19.8
      vertex 172.134 112.161 4.6
    endloop
  endfacet
  facet normal -0.997852 0.0655045 0
    outer loop
      vertex 165.4 113.5 3.18
      vertex 165.43 113.957 3.2
      vertex 165.43 113.957 3.18
    endloop
  endfacet
  facet normal -0.997852 0.0655045 0
    outer loop
      vertex 165.43 113.957 3.2
      vertex 165.4 113.5 3.18
      vertex 165.4 113.5 3.2
    endloop
  endfacet
  facet normal -0.997852 0.0655045 0
    outer loop
      vertex 165.4 113.5 4.6
      vertex 165.43 113.957 19.8
      vertex 165.43 113.957 4.6
    endloop
  endfacet
  facet normal -0.997852 0.0655045 0
    outer loop
      vertex 165.43 113.957 19.8
      vertex 165.4 113.5 4.6
      vertex 165.4 113.5 19.8
    endloop
  endfacet
  facet normal 0.5547 0.83205 -0
    outer loop
      vertex 171.031 116.277 3.18
      vertex 170.65 116.531 3.2
      vertex 171.031 116.277 3.2
    endloop
  endfacet
  facet normal 0.5547 0.83205 0
    outer loop
      vertex 170.65 116.531 3.2
      vertex 171.031 116.277 3.18
      vertex 170.65 116.531 3.18
    endloop
  endfacet
  facet normal 0.5547 0.83205 -0
    outer loop
      vertex 171.031 116.277 4.6
      vertex 170.65 116.531 19.8
      vertex 171.031 116.277 19.8
    endloop
  endfacet
  facet normal 0.5547 0.83205 0
    outer loop
      vertex 170.65 116.531 19.8
      vertex 171.031 116.277 4.6
      vertex 170.65 116.531 4.6
    endloop
  endfacet
  facet normal -0.321471 -0.946919 0
    outer loop
      vertex 167.561 110.266 4.6
      vertex 167.994 110.119 19.8
      vertex 167.561 110.266 19.8
    endloop
  endfacet
  facet normal -0.321471 -0.946919 -0
    outer loop
      vertex 167.994 110.119 19.8
      vertex 167.561 110.266 4.6
      vertex 167.994 110.119 4.6
    endloop
  endfacet
  facet normal -0.321471 -0.946919 0
    outer loop
      vertex 167.561 110.266 3.18
      vertex 167.994 110.119 3.2
      vertex 167.561 110.266 3.2
    endloop
  endfacet
  facet normal -0.321471 -0.946919 -0
    outer loop
      vertex 167.994 110.119 3.2
      vertex 167.561 110.266 3.18
      vertex 167.994 110.119 3.18
    endloop
  endfacet
  facet normal 0.194435 -0.980915 0
    outer loop
      vertex 169.357 110.03 3.18
      vertex 169.806 110.119 3.2
      vertex 169.357 110.03 3.2
    endloop
  endfacet
  facet normal 0.194435 -0.980915 0
    outer loop
      vertex 169.806 110.119 3.2
      vertex 169.357 110.03 3.18
      vertex 169.806 110.119 3.18
    endloop
  endfacet
  facet normal 0.194435 -0.980915 0
    outer loop
      vertex 169.357 110.03 4.6
      vertex 169.806 110.119 19.8
      vertex 169.357 110.03 19.8
    endloop
  endfacet
  facet normal 0.194435 -0.980915 0
    outer loop
      vertex 169.806 110.119 19.8
      vertex 169.357 110.03 4.6
      vertex 169.806 110.119 4.6
    endloop
  endfacet
  facet normal -0.321471 0.946919 0
    outer loop
      vertex 167.994 116.881 4.6
      vertex 167.561 116.734 19.8
      vertex 167.994 116.881 19.8
    endloop
  endfacet
  facet normal -0.321471 0.946919 0
    outer loop
      vertex 167.561 116.734 19.8
      vertex 167.994 116.881 4.6
      vertex 167.561 116.734 4.6
    endloop
  endfacet
  facet normal -0.321471 0.946919 0
    outer loop
      vertex 167.994 116.881 3.18
      vertex 167.561 116.734 3.2
      vertex 167.994 116.881 3.2
    endloop
  endfacet
  facet normal -0.321471 0.946919 0
    outer loop
      vertex 167.561 116.734 3.2
      vertex 167.994 116.881 3.18
      vertex 167.561 116.734 3.18
    endloop
  endfacet
  facet normal -0.83205 -0.5547 0
    outer loop
      vertex 166.123 111.369 4.6
      vertex 165.869 111.75 19.8
      vertex 165.869 111.75 4.6
    endloop
  endfacet
  facet normal -0.83205 -0.5547 0
    outer loop
      vertex 165.869 111.75 19.8
      vertex 166.123 111.369 4.6
      vertex 166.123 111.369 19.8
    endloop
  endfacet
  facet normal -0.83205 -0.5547 0
    outer loop
      vertex 166.123 111.369 3.18
      vertex 165.869 111.75 3.2
      vertex 165.869 111.75 3.18
    endloop
  endfacet
  facet normal -0.83205 -0.5547 0
    outer loop
      vertex 165.869 111.75 3.2
      vertex 166.123 111.369 3.18
      vertex 166.123 111.369 3.2
    endloop
  endfacet
  facet normal 0.5547 -0.83205 0
    outer loop
      vertex 170.65 110.469 3.18
      vertex 171.031 110.723 3.2
      vertex 170.65 110.469 3.2
    endloop
  endfacet
  facet normal 0.5547 -0.83205 0
    outer loop
      vertex 171.031 110.723 3.2
      vertex 170.65 110.469 3.18
      vertex 171.031 110.723 3.18
    endloop
  endfacet
  facet normal 0.5547 -0.83205 0
    outer loop
      vertex 170.65 110.469 4.6
      vertex 171.031 110.723 19.8
      vertex 170.65 110.469 19.8
    endloop
  endfacet
  facet normal 0.5547 -0.83205 0
    outer loop
      vertex 171.031 110.723 19.8
      vertex 170.65 110.469 4.6
      vertex 171.031 110.723 4.6
    endloop
  endfacet
  facet normal -0.946919 0.321471 0
    outer loop
      vertex 165.519 114.406 4.6
      vertex 165.666 114.839 19.8
      vertex 165.666 114.839 4.6
    endloop
  endfacet
  facet normal -0.946919 0.321471 0
    outer loop
      vertex 165.666 114.839 19.8
      vertex 165.519 114.406 4.6
      vertex 165.519 114.406 19.8
    endloop
  endfacet
  facet normal -0.946919 0.321471 0
    outer loop
      vertex 165.519 114.406 3.18
      vertex 165.666 114.839 3.2
      vertex 165.666 114.839 3.18
    endloop
  endfacet
  facet normal -0.946919 0.321471 0
    outer loop
      vertex 165.666 114.839 3.2
      vertex 165.519 114.406 3.18
      vertex 165.519 114.406 3.2
    endloop
  endfacet
  facet normal 0.321471 0.946919 -0
    outer loop
      vertex 170.239 116.734 3.18
      vertex 169.806 116.881 3.2
      vertex 170.239 116.734 3.2
    endloop
  endfacet
  facet normal 0.321471 0.946919 0
    outer loop
      vertex 169.806 116.881 3.2
      vertex 170.239 116.734 3.18
      vertex 169.806 116.881 3.18
    endloop
  endfacet
  facet normal 0.321471 0.946919 -0
    outer loop
      vertex 170.239 116.734 4.6
      vertex 169.806 116.881 19.8
      vertex 170.239 116.734 19.8
    endloop
  endfacet
  facet normal 0.321471 0.946919 0
    outer loop
      vertex 169.806 116.881 19.8
      vertex 170.239 116.734 4.6
      vertex 169.806 116.881 4.6
    endloop
  endfacet
  facet normal 0.0655045 0.997852 -0
    outer loop
      vertex 169.357 116.97 4.6
      vertex 168.9 117 19.8
      vertex 169.357 116.97 19.8
    endloop
  endfacet
  facet normal 0.0655045 0.997852 0
    outer loop
      vertex 168.9 117 19.8
      vertex 169.357 116.97 4.6
      vertex 168.9 117 4.6
    endloop
  endfacet
  facet normal 0.0655045 0.997852 -0
    outer loop
      vertex 169.357 116.97 3.18
      vertex 168.9 117 3.2
      vertex 169.357 116.97 3.2
    endloop
  endfacet
  facet normal 0.0655045 0.997852 0
    outer loop
      vertex 168.9 117 3.2
      vertex 169.357 116.97 3.18
      vertex 168.9 117 3.18
    endloop
  endfacet
  facet normal -0.442845 0.896598 0
    outer loop
      vertex 167.561 116.734 4.6
      vertex 167.15 116.531 19.8
      vertex 167.561 116.734 19.8
    endloop
  endfacet
  facet normal -0.442845 0.896598 0
    outer loop
      vertex 167.15 116.531 19.8
      vertex 167.561 116.734 4.6
      vertex 167.15 116.531 4.6
    endloop
  endfacet
  facet normal -0.442845 0.896598 0
    outer loop
      vertex 167.561 116.734 3.18
      vertex 167.15 116.531 3.2
      vertex 167.561 116.734 3.2
    endloop
  endfacet
  facet normal -0.442845 0.896598 0
    outer loop
      vertex 167.15 116.531 3.2
      vertex 167.561 116.734 3.18
      vertex 167.15 116.531 3.18
    endloop
  endfacet
  facet normal 0.83205 -0.5547 0
    outer loop
      vertex 171.677 111.369 19.8
      vertex 171.931 111.75 4.6
      vertex 171.931 111.75 19.8
    endloop
  endfacet
  facet normal 0.83205 -0.5547 0
    outer loop
      vertex 171.931 111.75 4.6
      vertex 171.677 111.369 19.8
      vertex 171.677 111.369 4.6
    endloop
  endfacet
  facet normal 0.83205 -0.5547 0
    outer loop
      vertex 171.677 111.369 3.2
      vertex 171.931 111.75 3.18
      vertex 171.931 111.75 3.2
    endloop
  endfacet
  facet normal 0.83205 -0.5547 0
    outer loop
      vertex 171.931 111.75 3.18
      vertex 171.677 111.369 3.2
      vertex 171.677 111.369 3.18
    endloop
  endfacet
  facet normal -0.997852 -0.0655045 0
    outer loop
      vertex 165.43 113.043 3.18
      vertex 165.4 113.5 3.2
      vertex 165.4 113.5 3.18
    endloop
  endfacet
  facet normal -0.997852 -0.0655045 0
    outer loop
      vertex 165.4 113.5 3.2
      vertex 165.43 113.043 3.18
      vertex 165.43 113.043 3.2
    endloop
  endfacet
  facet normal -0.997852 -0.0655045 0
    outer loop
      vertex 165.43 113.043 4.6
      vertex 165.4 113.5 19.8
      vertex 165.4 113.5 4.6
    endloop
  endfacet
  facet normal -0.997852 -0.0655045 0
    outer loop
      vertex 165.4 113.5 19.8
      vertex 165.43 113.043 4.6
      vertex 165.43 113.043 19.8
    endloop
  endfacet
  facet normal -0.946919 -0.321471 0
    outer loop
      vertex 165.666 112.161 3.18
      vertex 165.519 112.594 3.2
      vertex 165.519 112.594 3.18
    endloop
  endfacet
  facet normal -0.946919 -0.321471 0
    outer loop
      vertex 165.519 112.594 3.2
      vertex 165.666 112.161 3.18
      vertex 165.666 112.161 3.2
    endloop
  endfacet
  facet normal -0.946919 -0.321471 0
    outer loop
      vertex 165.666 112.161 4.6
      vertex 165.519 112.594 19.8
      vertex 165.519 112.594 4.6
    endloop
  endfacet
  facet normal -0.946919 -0.321471 0
    outer loop
      vertex 165.519 112.594 19.8
      vertex 165.666 112.161 4.6
      vertex 165.666 112.161 19.8
    endloop
  endfacet
  facet normal -0.659741 -0.751493 0
    outer loop
      vertex 166.425 111.025 4.6
      vertex 166.769 110.723 19.8
      vertex 166.425 111.025 19.8
    endloop
  endfacet
  facet normal -0.659741 -0.751493 -0
    outer loop
      vertex 166.769 110.723 19.8
      vertex 166.425 111.025 4.6
      vertex 166.769 110.723 4.6
    endloop
  endfacet
  facet normal -0.659741 -0.751493 0
    outer loop
      vertex 166.425 111.025 3.18
      vertex 166.769 110.723 3.2
      vertex 166.425 111.025 3.2
    endloop
  endfacet
  facet normal -0.659741 -0.751493 -0
    outer loop
      vertex 166.769 110.723 3.2
      vertex 166.425 111.025 3.18
      vertex 166.769 110.723 3.18
    endloop
  endfacet
  facet normal 0.442845 0.896598 -0
    outer loop
      vertex 170.65 116.531 4.6
      vertex 170.239 116.734 19.8
      vertex 170.65 116.531 19.8
    endloop
  endfacet
  facet normal 0.442845 0.896598 0
    outer loop
      vertex 170.239 116.734 19.8
      vertex 170.65 116.531 4.6
      vertex 170.239 116.734 4.6
    endloop
  endfacet
  facet normal 0.442845 0.896598 -0
    outer loop
      vertex 170.65 116.531 3.18
      vertex 170.239 116.734 3.2
      vertex 170.65 116.531 3.2
    endloop
  endfacet
  facet normal 0.442845 0.896598 0
    outer loop
      vertex 170.239 116.734 3.2
      vertex 170.65 116.531 3.18
      vertex 170.239 116.734 3.18
    endloop
  endfacet
  facet normal -0.194435 0.980915 0
    outer loop
      vertex 168.443 116.97 4.6
      vertex 167.994 116.881 19.8
      vertex 168.443 116.97 19.8
    endloop
  endfacet
  facet normal -0.194435 0.980915 0
    outer loop
      vertex 167.994 116.881 19.8
      vertex 168.443 116.97 4.6
      vertex 167.994 116.881 4.6
    endloop
  endfacet
  facet normal -0.194435 0.980915 0
    outer loop
      vertex 168.443 116.97 3.18
      vertex 167.994 116.881 3.2
      vertex 168.443 116.97 3.2
    endloop
  endfacet
  facet normal -0.194435 0.980915 0
    outer loop
      vertex 167.994 116.881 3.2
      vertex 168.443 116.97 3.18
      vertex 167.994 116.881 3.18
    endloop
  endfacet
  facet normal 0.751493 0.659741 0
    outer loop
      vertex 171.677 115.631 3.2
      vertex 171.375 115.975 3.18
      vertex 171.375 115.975 3.2
    endloop
  endfacet
  facet normal 0.751493 0.659741 0
    outer loop
      vertex 171.375 115.975 3.18
      vertex 171.677 115.631 3.2
      vertex 171.677 115.631 3.18
    endloop
  endfacet
  facet normal 0.751493 0.659741 0
    outer loop
      vertex 171.677 115.631 19.8
      vertex 171.375 115.975 4.6
      vertex 171.375 115.975 19.8
    endloop
  endfacet
  facet normal 0.751493 0.659741 0
    outer loop
      vertex 171.375 115.975 4.6
      vertex 171.677 115.631 19.8
      vertex 171.677 115.631 4.6
    endloop
  endfacet
  facet normal 0.194435 0.980915 -0
    outer loop
      vertex 169.806 116.881 4.6
      vertex 169.357 116.97 19.8
      vertex 169.806 116.881 19.8
    endloop
  endfacet
  facet normal 0.194435 0.980915 0
    outer loop
      vertex 169.357 116.97 19.8
      vertex 169.806 116.881 4.6
      vertex 169.357 116.97 4.6
    endloop
  endfacet
  facet normal 0.194435 0.980915 -0
    outer loop
      vertex 169.806 116.881 3.18
      vertex 169.357 116.97 3.2
      vertex 169.806 116.881 3.2
    endloop
  endfacet
  facet normal 0.194435 0.980915 0
    outer loop
      vertex 169.357 116.97 3.2
      vertex 169.806 116.881 3.18
      vertex 169.357 116.97 3.18
    endloop
  endfacet
  facet normal 0.751493 -0.659741 0
    outer loop
      vertex 171.375 111.025 3.2
      vertex 171.677 111.369 3.18
      vertex 171.677 111.369 3.2
    endloop
  endfacet
  facet normal 0.751493 -0.659741 0
    outer loop
      vertex 171.677 111.369 3.18
      vertex 171.375 111.025 3.2
      vertex 171.375 111.025 3.18
    endloop
  endfacet
  facet normal 0.751493 -0.659741 0
    outer loop
      vertex 171.375 111.025 19.8
      vertex 171.677 111.369 4.6
      vertex 171.677 111.369 19.8
    endloop
  endfacet
  facet normal 0.751493 -0.659741 0
    outer loop
      vertex 171.677 111.369 4.6
      vertex 171.375 111.025 19.8
      vertex 171.375 111.025 4.6
    endloop
  endfacet
  facet normal -0.442845 -0.896598 0
    outer loop
      vertex 167.15 110.469 3.18
      vertex 167.561 110.266 3.2
      vertex 167.15 110.469 3.2
    endloop
  endfacet
  facet normal -0.442845 -0.896598 -0
    outer loop
      vertex 167.561 110.266 3.2
      vertex 167.15 110.469 3.18
      vertex 167.561 110.266 3.18
    endloop
  endfacet
  facet normal -0.442845 -0.896598 0
    outer loop
      vertex 167.15 110.469 4.6
      vertex 167.561 110.266 19.8
      vertex 167.15 110.469 19.8
    endloop
  endfacet
  facet normal -0.442845 -0.896598 -0
    outer loop
      vertex 167.561 110.266 19.8
      vertex 167.15 110.469 4.6
      vertex 167.561 110.266 4.6
    endloop
  endfacet
  facet normal -0.0655045 0.997852 0
    outer loop
      vertex 168.9 117 4.6
      vertex 168.443 116.97 19.8
      vertex 168.9 117 19.8
    endloop
  endfacet
  facet normal -0.0655045 0.997852 0
    outer loop
      vertex 168.443 116.97 19.8
      vertex 168.9 117 4.6
      vertex 168.443 116.97 4.6
    endloop
  endfacet
  facet normal -0.0655045 0.997852 0
    outer loop
      vertex 168.9 117 3.18
      vertex 168.443 116.97 3.2
      vertex 168.9 117 3.2
    endloop
  endfacet
  facet normal -0.0655045 0.997852 0
    outer loop
      vertex 168.443 116.97 3.2
      vertex 168.9 117 3.18
      vertex 168.443 116.97 3.18
    endloop
  endfacet
  facet normal -0.980915 0.194435 0
    outer loop
      vertex 165.43 113.957 4.6
      vertex 165.519 114.406 19.8
      vertex 165.519 114.406 4.6
    endloop
  endfacet
  facet normal -0.980915 0.194435 0
    outer loop
      vertex 165.519 114.406 19.8
      vertex 165.43 113.957 4.6
      vertex 165.43 113.957 19.8
    endloop
  endfacet
  facet normal -0.980915 0.194435 0
    outer loop
      vertex 165.43 113.957 3.18
      vertex 165.519 114.406 3.2
      vertex 165.519 114.406 3.18
    endloop
  endfacet
  facet normal -0.980915 0.194435 0
    outer loop
      vertex 165.519 114.406 3.2
      vertex 165.43 113.957 3.18
      vertex 165.43 113.957 3.2
    endloop
  endfacet
  facet normal 0.0655045 -0.997852 0
    outer loop
      vertex 168.9 110 3.18
      vertex 169.357 110.03 3.2
      vertex 168.9 110 3.2
    endloop
  endfacet
  facet normal 0.0655045 -0.997852 0
    outer loop
      vertex 169.357 110.03 3.2
      vertex 168.9 110 3.18
      vertex 169.357 110.03 3.18
    endloop
  endfacet
  facet normal 0.0655045 -0.997852 0
    outer loop
      vertex 168.9 110 4.6
      vertex 169.357 110.03 19.8
      vertex 168.9 110 19.8
    endloop
  endfacet
  facet normal 0.0655045 -0.997852 0
    outer loop
      vertex 169.357 110.03 19.8
      vertex 168.9 110 4.6
      vertex 169.357 110.03 4.6
    endloop
  endfacet
  facet normal 0.442845 -0.896598 0
    outer loop
      vertex 170.239 110.266 3.18
      vertex 170.65 110.469 3.2
      vertex 170.239 110.266 3.2
    endloop
  endfacet
  facet normal 0.442845 -0.896598 0
    outer loop
      vertex 170.65 110.469 3.2
      vertex 170.239 110.266 3.18
      vertex 170.65 110.469 3.18
    endloop
  endfacet
  facet normal 0.442845 -0.896598 0
    outer loop
      vertex 170.239 110.266 4.6
      vertex 170.65 110.469 19.8
      vertex 170.239 110.266 19.8
    endloop
  endfacet
  facet normal 0.442845 -0.896598 0
    outer loop
      vertex 170.65 110.469 19.8
      vertex 170.239 110.266 4.6
      vertex 170.65 110.469 4.6
    endloop
  endfacet
  facet normal 0 0 -1
    outer loop
      vertex 169.75 113.5 3.18
      vertex 172.4 113.5 3.18
      vertex 172.37 113.043 3.18
    endloop
  endfacet
  facet normal 0 0 -1
    outer loop
      vertex 169.743 113.389 3.18
      vertex 172.37 113.043 3.18
      vertex 172.281 112.594 3.18
    endloop
  endfacet
  facet normal 0 0 -1
    outer loop
      vertex 172.4 113.5 3.18
      vertex 169.75 113.5 3.18
      vertex 172.37 113.957 3.18
    endloop
  endfacet
  facet normal 0 0 -1
    outer loop
      vertex 169.721 113.28 3.18
      vertex 172.281 112.594 3.18
      vertex 172.134 112.161 3.18
    endloop
  endfacet
  facet normal 0 0 -1
    outer loop
      vertex 169.743 113.611 3.18
      vertex 172.37 113.957 3.18
      vertex 169.75 113.5 3.18
    endloop
  endfacet
  facet normal 0 0 -1
    outer loop
      vertex 169.685 113.175 3.18
      vertex 172.134 112.161 3.18
      vertex 171.931 111.75 3.18
    endloop
  endfacet
  facet normal -0 0 -1
    outer loop
      vertex 172.37 113.957 3.18
      vertex 169.743 113.611 3.18
      vertex 172.281 114.406 3.18
    endloop
  endfacet
  facet normal 0 0 -1
    outer loop
      vertex 169.636 113.075 3.18
      vertex 171.931 111.75 3.18
      vertex 171.677 111.369 3.18
    endloop
  endfacet
  facet normal 0 0 -1
    outer loop
      vertex 169.721 113.72 3.18
      vertex 172.281 114.406 3.18
      vertex 169.743 113.611 3.18
    endloop
  endfacet
  facet normal 0 0 -1
    outer loop
      vertex 169.574 112.983 3.18
      vertex 171.677 111.369 3.18
      vertex 171.375 111.025 3.18
    endloop
  endfacet
  facet normal -0 0 -1
    outer loop
      vertex 172.281 114.406 3.18
      vertex 169.721 113.72 3.18
      vertex 172.134 114.839 3.18
    endloop
  endfacet
  facet normal 0 0 -1
    outer loop
      vertex 169.501 112.899 3.18
      vertex 171.375 111.025 3.18
      vertex 171.031 110.723 3.18
    endloop
  endfacet
  facet normal 0 0 -1
    outer loop
      vertex 169.685 113.825 3.18
      vertex 172.134 114.839 3.18
      vertex 169.721 113.72 3.18
    endloop
  endfacet
  facet normal 0 0 -1
    outer loop
      vertex 169.417 112.826 3.18
      vertex 171.031 110.723 3.18
      vertex 170.65 110.469 3.18
    endloop
  endfacet
  facet normal -0 0 -1
    outer loop
      vertex 172.134 114.839 3.18
      vertex 169.685 113.825 3.18
      vertex 171.931 115.25 3.18
    endloop
  endfacet
  facet normal 0 0 -1
    outer loop
      vertex 169.325 112.764 3.18
      vertex 170.65 110.469 3.18
      vertex 170.239 110.266 3.18
    endloop
  endfacet
  facet normal 0 0 -1
    outer loop
      vertex 169.636 113.925 3.18
      vertex 171.931 115.25 3.18
      vertex 169.685 113.825 3.18
    endloop
  endfacet
  facet normal 0 0 -1
    outer loop
      vertex 169.225 112.715 3.18
      vertex 170.239 110.266 3.18
      vertex 169.806 110.119 3.18
    endloop
  endfacet
  facet normal -0 0 -1
    outer loop
      vertex 171.931 115.25 3.18
      vertex 169.636 113.925 3.18
      vertex 171.677 115.631 3.18
    endloop
  endfacet
  facet normal 0 0 -1
    outer loop
      vertex 169.574 114.017 3.18
      vertex 171.677 115.631 3.18
      vertex 169.636 113.925 3.18
    endloop
  endfacet
  facet normal 0 0 -1
    outer loop
      vertex 172.37 113.043 3.18
      vertex 169.743 113.389 3.18
      vertex 169.75 113.5 3.18
    endloop
  endfacet
  facet normal 0 0 -1
    outer loop
      vertex 172.281 112.594 3.18
      vertex 169.721 113.28 3.18
      vertex 169.743 113.389 3.18
    endloop
  endfacet
  facet normal 0 0 -1
    outer loop
      vertex 172.134 112.161 3.18
      vertex 169.685 113.175 3.18
      vertex 169.721 113.28 3.18
    endloop
  endfacet
  facet normal 0 0 -1
    outer loop
      vertex 171.931 111.75 3.18
      vertex 169.636 113.075 3.18
      vertex 169.685 113.175 3.18
    endloop
  endfacet
  facet normal 0 0 -1
    outer loop
      vertex 171.677 111.369 3.18
      vertex 169.574 112.983 3.18
      vertex 169.636 113.075 3.18
    endloop
  endfacet
  facet normal 0 0 -1
    outer loop
      vertex 171.375 111.025 3.18
      vertex 169.501 112.899 3.18
      vertex 169.574 112.983 3.18
    endloop
  endfacet
  facet normal 0 0 -1
    outer loop
      vertex 171.031 110.723 3.18
      vertex 169.417 112.826 3.18
      vertex 169.501 112.899 3.18
    endloop
  endfacet
  facet normal 0 0 -1
    outer loop
      vertex 169.12 112.679 3.18
      vertex 169.806 110.119 3.18
      vertex 169.357 110.03 3.18
    endloop
  endfacet
  facet normal 0 0 -1
    outer loop
      vertex 170.65 110.469 3.18
      vertex 169.325 112.764 3.18
      vertex 169.417 112.826 3.18
    endloop
  endfacet
  facet normal 0 0 -1
    outer loop
      vertex 170.239 110.266 3.18
      vertex 169.225 112.715 3.18
      vertex 169.325 112.764 3.18
    endloop
  endfacet
  facet normal 0 0 -1
    outer loop
      vertex 169.806 110.119 3.18
      vertex 169.12 112.679 3.18
      vertex 169.225 112.715 3.18
    endloop
  endfacet
  facet normal 0 0 -1
    outer loop
      vertex 169.357 110.03 3.18
      vertex 169.011 112.657 3.18
      vertex 169.12 112.679 3.18
    endloop
  endfacet
  facet normal 0 0 -1
    outer loop
      vertex 168.9 110 3.18
      vertex 169.011 112.657 3.18
      vertex 169.357 110.03 3.18
    endloop
  endfacet
  facet normal 0 0 -1
    outer loop
      vertex 168.9 110 3.18
      vertex 168.9 112.65 3.18
      vertex 169.011 112.657 3.18
    endloop
  endfacet
  facet normal 0 0 -1
    outer loop
      vertex 168.9 110 3.18
      vertex 168.789 112.657 3.18
      vertex 168.9 112.65 3.18
    endloop
  endfacet
  facet normal 0 0 -1
    outer loop
      vertex 168.443 110.03 3.18
      vertex 168.789 112.657 3.18
      vertex 168.9 110 3.18
    endloop
  endfacet
  facet normal -0 0 -1
    outer loop
      vertex 168.789 112.657 3.18
      vertex 168.443 110.03 3.18
      vertex 168.68 112.679 3.18
    endloop
  endfacet
  facet normal 0 0 -1
    outer loop
      vertex 167.994 110.119 3.18
      vertex 168.68 112.679 3.18
      vertex 168.443 110.03 3.18
    endloop
  endfacet
  facet normal -0 0 -1
    outer loop
      vertex 168.68 112.679 3.18
      vertex 167.994 110.119 3.18
      vertex 168.575 112.715 3.18
    endloop
  endfacet
  facet normal 0 0 -1
    outer loop
      vertex 167.561 110.266 3.18
      vertex 168.575 112.715 3.18
      vertex 167.994 110.119 3.18
    endloop
  endfacet
  facet normal -0 0 -1
    outer loop
      vertex 168.575 112.715 3.18
      vertex 167.561 110.266 3.18
      vertex 168.475 112.764 3.18
    endloop
  endfacet
  facet normal 0 0 -1
    outer loop
      vertex 167.15 110.469 3.18
      vertex 168.475 112.764 3.18
      vertex 167.561 110.266 3.18
    endloop
  endfacet
  facet normal -0 0 -1
    outer loop
      vertex 168.475 112.764 3.18
      vertex 167.15 110.469 3.18
      vertex 168.383 112.826 3.18
    endloop
  endfacet
  facet normal 0 0 -1
    outer loop
      vertex 166.769 110.723 3.18
      vertex 168.383 112.826 3.18
      vertex 167.15 110.469 3.18
    endloop
  endfacet
  facet normal -0 0 -1
    outer loop
      vertex 168.383 112.826 3.18
      vertex 166.769 110.723 3.18
      vertex 168.299 112.899 3.18
    endloop
  endfacet
  facet normal 0 0 -1
    outer loop
      vertex 166.425 111.025 3.18
      vertex 168.299 112.899 3.18
      vertex 166.769 110.723 3.18
    endloop
  endfacet
  facet normal 0 0 -1
    outer loop
      vertex 166.123 111.369 3.18
      vertex 168.226 112.983 3.18
      vertex 166.425 111.025 3.18
    endloop
  endfacet
  facet normal -0 0 -1
    outer loop
      vertex 168.299 112.899 3.18
      vertex 166.425 111.025 3.18
      vertex 168.226 112.983 3.18
    endloop
  endfacet
  facet normal -0 0 -1
    outer loop
      vertex 171.677 115.631 3.18
      vertex 169.574 114.017 3.18
      vertex 171.375 115.975 3.18
    endloop
  endfacet
  facet normal 0 0 -1
    outer loop
      vertex 169.501 114.101 3.18
      vertex 171.375 115.975 3.18
      vertex 169.574 114.017 3.18
    endloop
  endfacet
  facet normal -0 0 -1
    outer loop
      vertex 171.375 115.975 3.18
      vertex 169.501 114.101 3.18
      vertex 171.031 116.277 3.18
    endloop
  endfacet
  facet normal 0 0 -1
    outer loop
      vertex 169.417 114.174 3.18
      vertex 171.031 116.277 3.18
      vertex 169.501 114.101 3.18
    endloop
  endfacet
  facet normal -0 0 -1
    outer loop
      vertex 171.031 116.277 3.18
      vertex 169.417 114.174 3.18
      vertex 170.65 116.531 3.18
    endloop
  endfacet
  facet normal 0 0 -1
    outer loop
      vertex 169.325 114.236 3.18
      vertex 170.65 116.531 3.18
      vertex 169.417 114.174 3.18
    endloop
  endfacet
  facet normal -0 0 -1
    outer loop
      vertex 170.65 116.531 3.18
      vertex 169.325 114.236 3.18
      vertex 170.239 116.734 3.18
    endloop
  endfacet
  facet normal 0 0 -1
    outer loop
      vertex 169.225 114.285 3.18
      vertex 170.239 116.734 3.18
      vertex 169.325 114.236 3.18
    endloop
  endfacet
  facet normal -0 0 -1
    outer loop
      vertex 170.239 116.734 3.18
      vertex 169.225 114.285 3.18
      vertex 169.806 116.881 3.18
    endloop
  endfacet
  facet normal 0 0 -1
    outer loop
      vertex 169.12 114.321 3.18
      vertex 169.806 116.881 3.18
      vertex 169.225 114.285 3.18
    endloop
  endfacet
  facet normal -0 0 -1
    outer loop
      vertex 169.806 116.881 3.18
      vertex 169.12 114.321 3.18
      vertex 169.357 116.97 3.18
    endloop
  endfacet
  facet normal 0 0 -1
    outer loop
      vertex 169.011 114.343 3.18
      vertex 169.357 116.97 3.18
      vertex 169.12 114.321 3.18
    endloop
  endfacet
  facet normal 0 0 -1
    outer loop
      vertex 168.9 114.35 3.18
      vertex 169.357 116.97 3.18
      vertex 169.011 114.343 3.18
    endloop
  endfacet
  facet normal 0 0 -1
    outer loop
      vertex 168.9 114.35 3.18
      vertex 168.9 117 3.18
      vertex 169.357 116.97 3.18
    endloop
  endfacet
  facet normal 0 0 -1
    outer loop
      vertex 168.789 114.343 3.18
      vertex 168.9 117 3.18
      vertex 168.9 114.35 3.18
    endloop
  endfacet
  facet normal 0 0 -1
    outer loop
      vertex 168.443 116.97 3.18
      vertex 168.789 114.343 3.18
      vertex 168.68 114.321 3.18
    endloop
  endfacet
  facet normal 0 0 -1
    outer loop
      vertex 167.994 116.881 3.18
      vertex 168.68 114.321 3.18
      vertex 168.575 114.285 3.18
    endloop
  endfacet
  facet normal 0 0 -1
    outer loop
      vertex 167.561 116.734 3.18
      vertex 168.575 114.285 3.18
      vertex 168.475 114.236 3.18
    endloop
  endfacet
  facet normal 0 0 -1
    outer loop
      vertex 168.789 114.343 3.18
      vertex 168.443 116.97 3.18
      vertex 168.9 117 3.18
    endloop
  endfacet
  facet normal 0 0 -1
    outer loop
      vertex 167.15 116.531 3.18
      vertex 168.475 114.236 3.18
      vertex 168.383 114.174 3.18
    endloop
  endfacet
  facet normal 0 0 -1
    outer loop
      vertex 166.769 116.277 3.18
      vertex 168.383 114.174 3.18
      vertex 168.299 114.101 3.18
    endloop
  endfacet
  facet normal 0 0 -1
    outer loop
      vertex 166.425 115.975 3.18
      vertex 168.299 114.101 3.18
      vertex 168.226 114.017 3.18
    endloop
  endfacet
  facet normal 0 0 -1
    outer loop
      vertex 166.123 115.631 3.18
      vertex 168.226 114.017 3.18
      vertex 168.164 113.925 3.18
    endloop
  endfacet
  facet normal 0 0 -1
    outer loop
      vertex 165.869 115.25 3.18
      vertex 168.164 113.925 3.18
      vertex 168.115 113.825 3.18
    endloop
  endfacet
  facet normal 0 0 -1
    outer loop
      vertex 165.666 114.839 3.18
      vertex 168.115 113.825 3.18
      vertex 168.079 113.72 3.18
    endloop
  endfacet
  facet normal 0 0 -1
    outer loop
      vertex 165.519 114.406 3.18
      vertex 168.079 113.72 3.18
      vertex 168.057 113.611 3.18
    endloop
  endfacet
  facet normal 0 0 -1
    outer loop
      vertex 168.68 114.321 3.18
      vertex 167.994 116.881 3.18
      vertex 168.443 116.97 3.18
    endloop
  endfacet
  facet normal 0 0 -1
    outer loop
      vertex 165.43 113.957 3.18
      vertex 168.057 113.611 3.18
      vertex 168.05 113.5 3.18
    endloop
  endfacet
  facet normal -0 0 -1
    outer loop
      vertex 168.226 112.983 3.18
      vertex 166.123 111.369 3.18
      vertex 168.164 113.075 3.18
    endloop
  endfacet
  facet normal 0 0 -1
    outer loop
      vertex 165.869 111.75 3.18
      vertex 168.164 113.075 3.18
      vertex 166.123 111.369 3.18
    endloop
  endfacet
  facet normal 0 0 -1
    outer loop
      vertex 168.575 114.285 3.18
      vertex 167.561 116.734 3.18
      vertex 167.994 116.881 3.18
    endloop
  endfacet
  facet normal -0 0 -1
    outer loop
      vertex 168.164 113.075 3.18
      vertex 165.869 111.75 3.18
      vertex 168.115 113.175 3.18
    endloop
  endfacet
  facet normal 0 0 -1
    outer loop
      vertex 168.475 114.236 3.18
      vertex 167.15 116.531 3.18
      vertex 167.561 116.734 3.18
    endloop
  endfacet
  facet normal 0 0 -1
    outer loop
      vertex 165.666 112.161 3.18
      vertex 168.115 113.175 3.18
      vertex 165.869 111.75 3.18
    endloop
  endfacet
  facet normal 0 0 -1
    outer loop
      vertex 168.383 114.174 3.18
      vertex 166.769 116.277 3.18
      vertex 167.15 116.531 3.18
    endloop
  endfacet
  facet normal -0 0 -1
    outer loop
      vertex 168.115 113.175 3.18
      vertex 165.666 112.161 3.18
      vertex 168.079 113.28 3.18
    endloop
  endfacet
  facet normal 0 0 -1
    outer loop
      vertex 168.299 114.101 3.18
      vertex 166.425 115.975 3.18
      vertex 166.769 116.277 3.18
    endloop
  endfacet
  facet normal 0 0 -1
    outer loop
      vertex 165.519 112.594 3.18
      vertex 168.079 113.28 3.18
      vertex 165.666 112.161 3.18
    endloop
  endfacet
  facet normal 0 0 -1
    outer loop
      vertex 168.226 114.017 3.18
      vertex 166.123 115.631 3.18
      vertex 166.425 115.975 3.18
    endloop
  endfacet
  facet normal -0 0 -1
    outer loop
      vertex 168.079 113.28 3.18
      vertex 165.519 112.594 3.18
      vertex 168.057 113.389 3.18
    endloop
  endfacet
  facet normal 0 0 -1
    outer loop
      vertex 168.164 113.925 3.18
      vertex 165.869 115.25 3.18
      vertex 166.123 115.631 3.18
    endloop
  endfacet
  facet normal 0 0 -1
    outer loop
      vertex 165.43 113.043 3.18
      vertex 168.057 113.389 3.18
      vertex 165.519 112.594 3.18
    endloop
  endfacet
  facet normal 0 0 -1
    outer loop
      vertex 168.115 113.825 3.18
      vertex 165.666 114.839 3.18
      vertex 165.869 115.25 3.18
    endloop
  endfacet
  facet normal -0 0 -1
    outer loop
      vertex 168.057 113.389 3.18
      vertex 165.43 113.043 3.18
      vertex 168.05 113.5 3.18
    endloop
  endfacet
  facet normal 0 0 -1
    outer loop
      vertex 168.079 113.72 3.18
      vertex 165.519 114.406 3.18
      vertex 165.666 114.839 3.18
    endloop
  endfacet
  facet normal 0 0 -1
    outer loop
      vertex 165.4 113.5 3.18
      vertex 168.05 113.5 3.18
      vertex 165.43 113.043 3.18
    endloop
  endfacet
  facet normal 0 0 -1
    outer loop
      vertex 168.057 113.611 3.18
      vertex 165.43 113.957 3.18
      vertex 165.519 114.406 3.18
    endloop
  endfacet
  facet normal 0 0 -1
    outer loop
      vertex 168.05 113.5 3.18
      vertex 165.4 113.5 3.18
      vertex 165.43 113.957 3.18
    endloop
  endfacet
  facet normal 0.659741 -0.751493 0
    outer loop
      vertex 171.031 110.723 3.18
      vertex 171.375 111.025 3.2
      vertex 171.031 110.723 3.2
    endloop
  endfacet
  facet normal 0.659741 -0.751493 0
    outer loop
      vertex 171.375 111.025 3.2
      vertex 171.031 110.723 3.18
      vertex 171.375 111.025 3.18
    endloop
  endfacet
  facet normal 0.659741 -0.751493 0
    outer loop
      vertex 171.031 110.723 4.6
      vertex 171.375 111.025 19.8
      vertex 171.031 110.723 19.8
    endloop
  endfacet
  facet normal 0.659741 -0.751493 0
    outer loop
      vertex 171.375 111.025 19.8
      vertex 171.031 110.723 4.6
      vertex 171.375 111.025 4.6
    endloop
  endfacet
  facet normal -0.896598 -0.442845 0
    outer loop
      vertex 165.869 111.75 3.18
      vertex 165.666 112.161 3.2
      vertex 165.666 112.161 3.18
    endloop
  endfacet
  facet normal -0.896598 -0.442845 0
    outer loop
      vertex 165.666 112.161 3.2
      vertex 165.869 111.75 3.18
      vertex 165.869 111.75 3.2
    endloop
  endfacet
  facet normal -0.896598 -0.442845 0
    outer loop
      vertex 165.869 111.75 4.6
      vertex 165.666 112.161 19.8
      vertex 165.666 112.161 4.6
    endloop
  endfacet
  facet normal -0.896598 -0.442845 0
    outer loop
      vertex 165.666 112.161 19.8
      vertex 165.869 111.75 4.6
      vertex 165.869 111.75 19.8
    endloop
  endfacet
  facet normal 0.896598 -0.442845 0
    outer loop
      vertex 171.931 111.75 19.8
      vertex 172.134 112.161 4.6
      vertex 172.134 112.161 19.8
    endloop
  endfacet
  facet normal 0.896598 -0.442845 0
    outer loop
      vertex 172.134 112.161 4.6
      vertex 171.931 111.75 19.8
      vertex 171.931 111.75 4.6
    endloop
  endfacet
  facet normal 0.896598 -0.442845 0
    outer loop
      vertex 171.931 111.75 3.2
      vertex 172.134 112.161 3.18
      vertex 172.134 112.161 3.2
    endloop
  endfacet
  facet normal 0.896598 -0.442845 0
    outer loop
      vertex 172.134 112.161 3.18
      vertex 171.931 111.75 3.2
      vertex 171.931 111.75 3.18
    endloop
  endfacet
  facet normal 0.659741 0.751493 -0
    outer loop
      vertex 171.375 115.975 3.18
      vertex 171.031 116.277 3.2
      vertex 171.375 115.975 3.2
    endloop
  endfacet
  facet normal 0.659741 0.751493 0
    outer loop
      vertex 171.031 116.277 3.2
      vertex 171.375 115.975 3.18
      vertex 171.031 116.277 3.18
    endloop
  endfacet
  facet normal 0.659741 0.751493 -0
    outer loop
      vertex 171.375 115.975 4.6
      vertex 171.031 116.277 19.8
      vertex 171.375 115.975 19.8
    endloop
  endfacet
  facet normal 0.659741 0.751493 0
    outer loop
      vertex 171.031 116.277 19.8
      vertex 171.375 115.975 4.6
      vertex 171.031 116.277 4.6
    endloop
  endfacet
  facet normal 0.997852 -0.0655045 0
    outer loop
      vertex 172.37 113.043 3.2
      vertex 172.4 113.5 3.18
      vertex 172.4 113.5 3.2
    endloop
  endfacet
  facet normal 0.997852 -0.0655045 0
    outer loop
      vertex 172.4 113.5 3.18
      vertex 172.37 113.043 3.2
      vertex 172.37 113.043 3.18
    endloop
  endfacet
  facet normal 0.997852 -0.0655045 0
    outer loop
      vertex 172.37 113.043 19.8
      vertex 172.4 113.5 4.6
      vertex 172.4 113.5 19.8
    endloop
  endfacet
  facet normal 0.997852 -0.0655045 0
    outer loop
      vertex 172.4 113.5 4.6
      vertex 172.37 113.043 19.8
      vertex 172.37 113.043 4.6
    endloop
  endfacet
  facet normal -0.5547 -0.83205 0
    outer loop
      vertex 166.769 110.723 3.18
      vertex 167.15 110.469 3.2
      vertex 166.769 110.723 3.2
    endloop
  endfacet
  facet normal -0.5547 -0.83205 -0
    outer loop
      vertex 167.15 110.469 3.2
      vertex 166.769 110.723 3.18
      vertex 167.15 110.469 3.18
    endloop
  endfacet
  facet normal -0.5547 -0.83205 0
    outer loop
      vertex 166.769 110.723 4.6
      vertex 167.15 110.469 19.8
      vertex 166.769 110.723 19.8
    endloop
  endfacet
  facet normal -0.5547 -0.83205 -0
    outer loop
      vertex 167.15 110.469 19.8
      vertex 166.769 110.723 4.6
      vertex 167.15 110.469 4.6
    endloop
  endfacet
  facet normal 0.896598 0.442845 0
    outer loop
      vertex 172.134 114.839 3.2
      vertex 171.931 115.25 3.18
      vertex 171.931 115.25 3.2
    endloop
  endfacet
  facet normal 0.896598 0.442845 0
    outer loop
      vertex 171.931 115.25 3.18
      vertex 172.134 114.839 3.2
      vertex 172.134 114.839 3.18
    endloop
  endfacet
  facet normal 0.896598 0.442845 0
    outer loop
      vertex 172.134 114.839 19.8
      vertex 171.931 115.25 4.6
      vertex 171.931 115.25 19.8
    endloop
  endfacet
  facet normal 0.896598 0.442845 0
    outer loop
      vertex 171.931 115.25 4.6
      vertex 172.134 114.839 19.8
      vertex 172.134 114.839 4.6
    endloop
  endfacet
  facet normal 0.980915 -0.194435 0
    outer loop
      vertex 172.281 112.594 3.2
      vertex 172.37 113.043 3.18
      vertex 172.37 113.043 3.2
    endloop
  endfacet
  facet normal 0.980915 -0.194435 0
    outer loop
      vertex 172.37 113.043 3.18
      vertex 172.281 112.594 3.2
      vertex 172.281 112.594 3.18
    endloop
  endfacet
  facet normal 0.980915 -0.194435 0
    outer loop
      vertex 172.281 112.594 19.8
      vertex 172.37 113.043 4.6
      vertex 172.37 113.043 19.8
    endloop
  endfacet
  facet normal 0.980915 -0.194435 0
    outer loop
      vertex 172.37 113.043 4.6
      vertex 172.281 112.594 19.8
      vertex 172.281 112.594 4.6
    endloop
  endfacet
  facet normal 0.946919 0.321471 0
    outer loop
      vertex 172.281 114.406 3.2
      vertex 172.134 114.839 3.18
      vertex 172.134 114.839 3.2
    endloop
  endfacet
  facet normal 0.946919 0.321471 0
    outer loop
      vertex 172.134 114.839 3.18
      vertex 172.281 114.406 3.2
      vertex 172.281 114.406 3.18
    endloop
  endfacet
  facet normal 0.946919 0.321471 0
    outer loop
      vertex 172.281 114.406 19.8
      vertex 172.134 114.839 4.6
      vertex 172.134 114.839 19.8
    endloop
  endfacet
  facet normal 0.946919 0.321471 0
    outer loop
      vertex 172.134 114.839 4.6
      vertex 172.281 114.406 19.8
      vertex 172.281 114.406 4.6
    endloop
  endfacet
  facet normal -0.980915 -0.194435 0
    outer loop
      vertex 165.519 112.594 3.18
      vertex 165.43 113.043 3.2
      vertex 165.43 113.043 3.18
    endloop
  endfacet
  facet normal -0.980915 -0.194435 0
    outer loop
      vertex 165.43 113.043 3.2
      vertex 165.519 112.594 3.18
      vertex 165.519 112.594 3.2
    endloop
  endfacet
  facet normal -0.980915 -0.194435 0
    outer loop
      vertex 165.519 112.594 4.6
      vertex 165.43 113.043 19.8
      vertex 165.43 113.043 4.6
    endloop
  endfacet
  facet normal -0.980915 -0.194435 0
    outer loop
      vertex 165.43 113.043 19.8
      vertex 165.519 112.594 4.6
      vertex 165.519 112.594 19.8
    endloop
  endfacet
  facet normal -0.751493 -0.659741 0
    outer loop
      vertex 166.425 111.025 4.6
      vertex 166.123 111.369 19.8
      vertex 166.123 111.369 4.6
    endloop
  endfacet
  facet normal -0.751493 -0.659741 0
    outer loop
      vertex 166.123 111.369 19.8
      vertex 166.425 111.025 4.6
      vertex 166.425 111.025 19.8
    endloop
  endfacet
  facet normal -0.751493 -0.659741 0
    outer loop
      vertex 166.425 111.025 3.18
      vertex 166.123 111.369 3.2
      vertex 166.123 111.369 3.18
    endloop
  endfacet
  facet normal -0.751493 -0.659741 0
    outer loop
      vertex 166.123 111.369 3.2
      vertex 166.425 111.025 3.18
      vertex 166.425 111.025 3.2
    endloop
  endfacet
  facet normal 0 0 1
    outer loop
      vertex 169.75 113.5 19.8
      vertex 172.4 113.5 19.8
      vertex 172.37 113.957 19.8
    endloop
  endfacet
  facet normal 0 0 1
    outer loop
      vertex 169.743 113.611 19.8
      vertex 172.37 113.957 19.8
      vertex 172.281 114.406 19.8
    endloop
  endfacet
  facet normal 0 0 1
    outer loop
      vertex 172.4 113.5 19.8
      vertex 169.75 113.5 19.8
      vertex 172.37 113.043 19.8
    endloop
  endfacet
  facet normal 0 0 1
    outer loop
      vertex 169.721 113.72 19.8
      vertex 172.281 114.406 19.8
      vertex 172.134 114.839 19.8
    endloop
  endfacet
  facet normal -0 0 1
    outer loop
      vertex 169.743 113.389 19.8
      vertex 172.37 113.043 19.8
      vertex 169.75 113.5 19.8
    endloop
  endfacet
  facet normal 0 0 1
    outer loop
      vertex 169.685 113.825 19.8
      vertex 172.134 114.839 19.8
      vertex 171.931 115.25 19.8
    endloop
  endfacet
  facet normal 0 0 1
    outer loop
      vertex 172.37 113.043 19.8
      vertex 169.743 113.389 19.8
      vertex 172.281 112.594 19.8
    endloop
  endfacet
  facet normal 0 0 1
    outer loop
      vertex 169.636 113.925 19.8
      vertex 171.931 115.25 19.8
      vertex 171.677 115.631 19.8
    endloop
  endfacet
  facet normal -0 0 1
    outer loop
      vertex 169.721 113.28 19.8
      vertex 172.281 112.594 19.8
      vertex 169.743 113.389 19.8
    endloop
  endfacet
  facet normal 0 0 1
    outer loop
      vertex 169.574 114.017 19.8
      vertex 171.677 115.631 19.8
      vertex 171.375 115.975 19.8
    endloop
  endfacet
  facet normal 0 0 1
    outer loop
      vertex 172.281 112.594 19.8
      vertex 169.721 113.28 19.8
      vertex 172.134 112.161 19.8
    endloop
  endfacet
  facet normal 0 0 1
    outer loop
      vertex 169.501 114.101 19.8
      vertex 171.375 115.975 19.8
      vertex 171.031 116.277 19.8
    endloop
  endfacet
  facet normal -0 0 1
    outer loop
      vertex 169.685 113.175 19.8
      vertex 172.134 112.161 19.8
      vertex 169.721 113.28 19.8
    endloop
  endfacet
  facet normal 0 0 1
    outer loop
      vertex 169.417 114.174 19.8
      vertex 171.031 116.277 19.8
      vertex 170.65 116.531 19.8
    endloop
  endfacet
  facet normal 0 0 1
    outer loop
      vertex 172.134 112.161 19.8
      vertex 169.685 113.175 19.8
      vertex 171.931 111.75 19.8
    endloop
  endfacet
  facet normal 0 0 1
    outer loop
      vertex 169.325 114.236 19.8
      vertex 170.65 116.531 19.8
      vertex 170.239 116.734 19.8
    endloop
  endfacet
  facet normal -0 0 1
    outer loop
      vertex 169.636 113.075 19.8
      vertex 171.931 111.75 19.8
      vertex 169.685 113.175 19.8
    endloop
  endfacet
  facet normal 0 0 1
    outer loop
      vertex 169.225 114.285 19.8
      vertex 170.239 116.734 19.8
      vertex 169.806 116.881 19.8
    endloop
  endfacet
  facet normal 0 0 1
    outer loop
      vertex 171.931 111.75 19.8
      vertex 169.636 113.075 19.8
      vertex 171.677 111.369 19.8
    endloop
  endfacet
  facet normal -0 0 1
    outer loop
      vertex 169.574 112.983 19.8
      vertex 171.677 111.369 19.8
      vertex 169.636 113.075 19.8
    endloop
  endfacet
  facet normal 0 0 1
    outer loop
      vertex 172.37 113.957 19.8
      vertex 169.743 113.611 19.8
      vertex 169.75 113.5 19.8
    endloop
  endfacet
  facet normal 0 0 1
    outer loop
      vertex 172.281 114.406 19.8
      vertex 169.721 113.72 19.8
      vertex 169.743 113.611 19.8
    endloop
  endfacet
  facet normal 0 0 1
    outer loop
      vertex 172.134 114.839 19.8
      vertex 169.685 113.825 19.8
      vertex 169.721 113.72 19.8
    endloop
  endfacet
  facet normal 0 0 1
    outer loop
      vertex 171.931 115.25 19.8
      vertex 169.636 113.925 19.8
      vertex 169.685 113.825 19.8
    endloop
  endfacet
  facet normal 0 0 1
    outer loop
      vertex 171.677 115.631 19.8
      vertex 169.574 114.017 19.8
      vertex 169.636 113.925 19.8
    endloop
  endfacet
  facet normal 0 0 1
    outer loop
      vertex 171.375 115.975 19.8
      vertex 169.501 114.101 19.8
      vertex 169.574 114.017 19.8
    endloop
  endfacet
  facet normal 0 0 1
    outer loop
      vertex 171.031 116.277 19.8
      vertex 169.417 114.174 19.8
      vertex 169.501 114.101 19.8
    endloop
  endfacet
  facet normal 0 0 1
    outer loop
      vertex 169.12 114.321 19.8
      vertex 169.806 116.881 19.8
      vertex 169.357 116.97 19.8
    endloop
  endfacet
  facet normal 0 0 1
    outer loop
      vertex 170.65 116.531 19.8
      vertex 169.325 114.236 19.8
      vertex 169.417 114.174 19.8
    endloop
  endfacet
  facet normal 0 0 1
    outer loop
      vertex 170.239 116.734 19.8
      vertex 169.225 114.285 19.8
      vertex 169.325 114.236 19.8
    endloop
  endfacet
  facet normal 0 0 1
    outer loop
      vertex 169.806 116.881 19.8
      vertex 169.12 114.321 19.8
      vertex 169.225 114.285 19.8
    endloop
  endfacet
  facet normal 0 0 1
    outer loop
      vertex 169.357 116.97 19.8
      vertex 169.011 114.343 19.8
      vertex 169.12 114.321 19.8
    endloop
  endfacet
  facet normal 0 0 1
    outer loop
      vertex 168.9 117 19.8
      vertex 169.011 114.343 19.8
      vertex 169.357 116.97 19.8
    endloop
  endfacet
  facet normal 0 0 1
    outer loop
      vertex 168.9 117 19.8
      vertex 168.9 114.35 19.8
      vertex 169.011 114.343 19.8
    endloop
  endfacet
  facet normal 0 0 1
    outer loop
      vertex 168.9 117 19.8
      vertex 168.789 114.343 19.8
      vertex 168.9 114.35 19.8
    endloop
  endfacet
  facet normal -0 0 1
    outer loop
      vertex 168.443 116.97 19.8
      vertex 168.789 114.343 19.8
      vertex 168.9 117 19.8
    endloop
  endfacet
  facet normal 0 0 1
    outer loop
      vertex 168.789 114.343 19.8
      vertex 168.443 116.97 19.8
      vertex 168.68 114.321 19.8
    endloop
  endfacet
  facet normal -0 0 1
    outer loop
      vertex 167.994 116.881 19.8
      vertex 168.68 114.321 19.8
      vertex 168.443 116.97 19.8
    endloop
  endfacet
  facet normal 0 0 1
    outer loop
      vertex 168.68 114.321 19.8
      vertex 167.994 116.881 19.8
      vertex 168.575 114.285 19.8
    endloop
  endfacet
  facet normal -0 0 1
    outer loop
      vertex 167.561 116.734 19.8
      vertex 168.575 114.285 19.8
      vertex 167.994 116.881 19.8
    endloop
  endfacet
  facet normal 0 0 1
    outer loop
      vertex 168.575 114.285 19.8
      vertex 167.561 116.734 19.8
      vertex 168.475 114.236 19.8
    endloop
  endfacet
  facet normal -0 0 1
    outer loop
      vertex 167.15 116.531 19.8
      vertex 168.475 114.236 19.8
      vertex 167.561 116.734 19.8
    endloop
  endfacet
  facet normal 0 0 1
    outer loop
      vertex 168.475 114.236 19.8
      vertex 167.15 116.531 19.8
      vertex 168.383 114.174 19.8
    endloop
  endfacet
  facet normal -0 0 1
    outer loop
      vertex 166.769 116.277 19.8
      vertex 168.383 114.174 19.8
      vertex 167.15 116.531 19.8
    endloop
  endfacet
  facet normal 0 0 1
    outer loop
      vertex 168.383 114.174 19.8
      vertex 166.769 116.277 19.8
      vertex 168.299 114.101 19.8
    endloop
  endfacet
  facet normal -0 0 1
    outer loop
      vertex 166.425 115.975 19.8
      vertex 168.299 114.101 19.8
      vertex 166.769 116.277 19.8
    endloop
  endfacet
  facet normal -0 0 1
    outer loop
      vertex 166.123 115.631 19.8
      vertex 168.226 114.017 19.8
      vertex 166.425 115.975 19.8
    endloop
  endfacet
  facet normal 0 0 1
    outer loop
      vertex 168.299 114.101 19.8
      vertex 166.425 115.975 19.8
      vertex 168.226 114.017 19.8
    endloop
  endfacet
  facet normal 0 0 1
    outer loop
      vertex 171.677 111.369 19.8
      vertex 169.574 112.983 19.8
      vertex 171.375 111.025 19.8
    endloop
  endfacet
  facet normal -0 0 1
    outer loop
      vertex 169.501 112.899 19.8
      vertex 171.375 111.025 19.8
      vertex 169.574 112.983 19.8
    endloop
  endfacet
  facet normal 0 0 1
    outer loop
      vertex 171.375 111.025 19.8
      vertex 169.501 112.899 19.8
      vertex 171.031 110.723 19.8
    endloop
  endfacet
  facet normal -0 0 1
    outer loop
      vertex 169.417 112.826 19.8
      vertex 171.031 110.723 19.8
      vertex 169.501 112.899 19.8
    endloop
  endfacet
  facet normal 0 0 1
    outer loop
      vertex 171.031 110.723 19.8
      vertex 169.417 112.826 19.8
      vertex 170.65 110.469 19.8
    endloop
  endfacet
  facet normal -0 0 1
    outer loop
      vertex 169.325 112.764 19.8
      vertex 170.65 110.469 19.8
      vertex 169.417 112.826 19.8
    endloop
  endfacet
  facet normal 0 0 1
    outer loop
      vertex 170.65 110.469 19.8
      vertex 169.325 112.764 19.8
      vertex 170.239 110.266 19.8
    endloop
  endfacet
  facet normal -0 0 1
    outer loop
      vertex 169.225 112.715 19.8
      vertex 170.239 110.266 19.8
      vertex 169.325 112.764 19.8
    endloop
  endfacet
  facet normal 0 0 1
    outer loop
      vertex 170.239 110.266 19.8
      vertex 169.225 112.715 19.8
      vertex 169.806 110.119 19.8
    endloop
  endfacet
  facet normal -0 0 1
    outer loop
      vertex 169.12 112.679 19.8
      vertex 169.806 110.119 19.8
      vertex 169.225 112.715 19.8
    endloop
  endfacet
  facet normal 0 0 1
    outer loop
      vertex 169.806 110.119 19.8
      vertex 169.12 112.679 19.8
      vertex 169.357 110.03 19.8
    endloop
  endfacet
  facet normal -0 0 1
    outer loop
      vertex 169.011 112.657 19.8
      vertex 169.357 110.03 19.8
      vertex 169.12 112.679 19.8
    endloop
  endfacet
  facet normal -0 0 1
    outer loop
      vertex 168.9 112.65 19.8
      vertex 169.357 110.03 19.8
      vertex 169.011 112.657 19.8
    endloop
  endfacet
  facet normal 0 0 1
    outer loop
      vertex 168.9 112.65 19.8
      vertex 168.9 110 19.8
      vertex 169.357 110.03 19.8
    endloop
  endfacet
  facet normal 0 0 1
    outer loop
      vertex 168.789 112.657 19.8
      vertex 168.9 110 19.8
      vertex 168.9 112.65 19.8
    endloop
  endfacet
  facet normal 0 0 1
    outer loop
      vertex 168.443 110.03 19.8
      vertex 168.789 112.657 19.8
      vertex 168.68 112.679 19.8
    endloop
  endfacet
  facet normal 0 0 1
    outer loop
      vertex 167.994 110.119 19.8
      vertex 168.68 112.679 19.8
      vertex 168.575 112.715 19.8
    endloop
  endfacet
  facet normal 0 0 1
    outer loop
      vertex 167.561 110.266 19.8
      vertex 168.575 112.715 19.8
      vertex 168.475 112.764 19.8
    endloop
  endfacet
  facet normal 0 0 1
    outer loop
      vertex 168.789 112.657 19.8
      vertex 168.443 110.03 19.8
      vertex 168.9 110 19.8
    endloop
  endfacet
  facet normal 0 0 1
    outer loop
      vertex 167.15 110.469 19.8
      vertex 168.475 112.764 19.8
      vertex 168.383 112.826 19.8
    endloop
  endfacet
  facet normal 0 0 1
    outer loop
      vertex 166.769 110.723 19.8
      vertex 168.383 112.826 19.8
      vertex 168.299 112.899 19.8
    endloop
  endfacet
  facet normal 0 0 1
    outer loop
      vertex 166.425 111.025 19.8
      vertex 168.299 112.899 19.8
      vertex 168.226 112.983 19.8
    endloop
  endfacet
  facet normal 0 0 1
    outer loop
      vertex 166.123 111.369 19.8
      vertex 168.226 112.983 19.8
      vertex 168.164 113.075 19.8
    endloop
  endfacet
  facet normal 0 0 1
    outer loop
      vertex 165.869 111.75 19.8
      vertex 168.164 113.075 19.8
      vertex 168.115 113.175 19.8
    endloop
  endfacet
  facet normal 0 0 1
    outer loop
      vertex 165.666 112.161 19.8
      vertex 168.115 113.175 19.8
      vertex 168.079 113.28 19.8
    endloop
  endfacet
  facet normal 0 0 1
    outer loop
      vertex 165.519 112.594 19.8
      vertex 168.079 113.28 19.8
      vertex 168.057 113.389 19.8
    endloop
  endfacet
  facet normal 0 0 1
    outer loop
      vertex 168.68 112.679 19.8
      vertex 167.994 110.119 19.8
      vertex 168.443 110.03 19.8
    endloop
  endfacet
  facet normal 0 0 1
    outer loop
      vertex 165.43 113.043 19.8
      vertex 168.057 113.389 19.8
      vertex 168.05 113.5 19.8
    endloop
  endfacet
  facet normal 0 0 1
    outer loop
      vertex 168.226 114.017 19.8
      vertex 166.123 115.631 19.8
      vertex 168.164 113.925 19.8
    endloop
  endfacet
  facet normal -0 0 1
    outer loop
      vertex 165.869 115.25 19.8
      vertex 168.164 113.925 19.8
      vertex 166.123 115.631 19.8
    endloop
  endfacet
  facet normal 0 0 1
    outer loop
      vertex 168.575 112.715 19.8
      vertex 167.561 110.266 19.8
      vertex 167.994 110.119 19.8
    endloop
  endfacet
  facet normal 0 0 1
    outer loop
      vertex 168.164 113.925 19.8
      vertex 165.869 115.25 19.8
      vertex 168.115 113.825 19.8
    endloop
  endfacet
  facet normal 0 0 1
    outer loop
      vertex 168.475 112.764 19.8
      vertex 167.15 110.469 19.8
      vertex 167.561 110.266 19.8
    endloop
  endfacet
  facet normal -0 0 1
    outer loop
      vertex 165.666 114.839 19.8
      vertex 168.115 113.825 19.8
      vertex 165.869 115.25 19.8
    endloop
  endfacet
  facet normal 0 0 1
    outer loop
      vertex 168.383 112.826 19.8
      vertex 166.769 110.723 19.8
      vertex 167.15 110.469 19.8
    endloop
  endfacet
  facet normal 0 0 1
    outer loop
      vertex 168.115 113.825 19.8
      vertex 165.666 114.839 19.8
      vertex 168.079 113.72 19.8
    endloop
  endfacet
  facet normal 0 0 1
    outer loop
      vertex 168.299 112.899 19.8
      vertex 166.425 111.025 19.8
      vertex 166.769 110.723 19.8
    endloop
  endfacet
  facet normal -0 0 1
    outer loop
      vertex 165.519 114.406 19.8
      vertex 168.079 113.72 19.8
      vertex 165.666 114.839 19.8
    endloop
  endfacet
  facet normal 0 0 1
    outer loop
      vertex 168.226 112.983 19.8
      vertex 166.123 111.369 19.8
      vertex 166.425 111.025 19.8
    endloop
  endfacet
  facet normal 0 0 1
    outer loop
      vertex 168.079 113.72 19.8
      vertex 165.519 114.406 19.8
      vertex 168.057 113.611 19.8
    endloop
  endfacet
  facet normal 0 0 1
    outer loop
      vertex 168.164 113.075 19.8
      vertex 165.869 111.75 19.8
      vertex 166.123 111.369 19.8
    endloop
  endfacet
  facet normal -0 0 1
    outer loop
      vertex 165.43 113.957 19.8
      vertex 168.057 113.611 19.8
      vertex 165.519 114.406 19.8
    endloop
  endfacet
  facet normal 0 0 1
    outer loop
      vertex 168.115 113.175 19.8
      vertex 165.666 112.161 19.8
      vertex 165.869 111.75 19.8
    endloop
  endfacet
  facet normal 0 0 1
    outer loop
      vertex 168.057 113.611 19.8
      vertex 165.43 113.957 19.8
      vertex 168.05 113.5 19.8
    endloop
  endfacet
  facet normal 0 0 1
    outer loop
      vertex 168.079 113.28 19.8
      vertex 165.519 112.594 19.8
      vertex 165.666 112.161 19.8
    endloop
  endfacet
  facet normal 0 0 1
    outer loop
      vertex 165.4 113.5 19.8
      vertex 168.05 113.5 19.8
      vertex 165.43 113.957 19.8
    endloop
  endfacet
  facet normal 0 0 1
    outer loop
      vertex 168.057 113.389 19.8
      vertex 165.43 113.043 19.8
      vertex 165.519 112.594 19.8
    endloop
  endfacet
  facet normal 0 0 1
    outer loop
      vertex 168.05 113.5 19.8
      vertex 165.4 113.5 19.8
      vertex 165.43 113.043 19.8
    endloop
  endfacet
  facet normal -0.194435 -0.980915 0
    outer loop
      vertex 167.994 110.119 4.6
      vertex 168.443 110.03 19.8
      vertex 167.994 110.119 19.8
    endloop
  endfacet
  facet normal -0.194435 -0.980915 -0
    outer loop
      vertex 168.443 110.03 19.8
      vertex 167.994 110.119 4.6
      vertex 168.443 110.03 4.6
    endloop
  endfacet
  facet normal -0.194435 -0.980915 0
    outer loop
      vertex 167.994 110.119 3.18
      vertex 168.443 110.03 3.2
      vertex 167.994 110.119 3.2
    endloop
  endfacet
  facet normal -0.194435 -0.980915 -0
    outer loop
      vertex 168.443 110.03 3.2
      vertex 167.994 110.119 3.18
      vertex 168.443 110.03 3.18
    endloop
  endfacet
  facet normal -0.83205 0.5547 0
    outer loop
      vertex 165.869 115.25 3.18
      vertex 166.123 115.631 3.2
      vertex 166.123 115.631 3.18
    endloop
  endfacet
  facet normal -0.83205 0.5547 0
    outer loop
      vertex 166.123 115.631 3.2
      vertex 165.869 115.25 3.18
      vertex 165.869 115.25 3.2
    endloop
  endfacet
  facet normal -0.83205 0.5547 0
    outer loop
      vertex 165.869 115.25 4.6
      vertex 166.123 115.631 19.8
      vertex 166.123 115.631 4.6
    endloop
  endfacet
  facet normal -0.83205 0.5547 0
    outer loop
      vertex 166.123 115.631 19.8
      vertex 165.869 115.25 4.6
      vertex 165.869 115.25 19.8
    endloop
  endfacet
  facet normal -0.0655045 -0.997852 0
    outer loop
      vertex 168.443 110.03 4.6
      vertex 168.9 110 19.8
      vertex 168.443 110.03 19.8
    endloop
  endfacet
  facet normal -0.0655045 -0.997852 -0
    outer loop
      vertex 168.9 110 19.8
      vertex 168.443 110.03 4.6
      vertex 168.9 110 4.6
    endloop
  endfacet
  facet normal -0.0655045 -0.997852 0
    outer loop
      vertex 168.443 110.03 3.18
      vertex 168.9 110 3.2
      vertex 168.443 110.03 3.2
    endloop
  endfacet
  facet normal -0.0655045 -0.997852 -0
    outer loop
      vertex 168.9 110 3.2
      vertex 168.443 110.03 3.18
      vertex 168.9 110 3.18
    endloop
  endfacet
  facet normal -0.197845 -0.980233 0
    outer loop
      vertex 169.011 114.343 4.6
      vertex 169.12 114.321 19.8
      vertex 169.011 114.343 19.8
    endloop
  endfacet
  facet normal -0.197845 -0.980233 -0
    outer loop
      vertex 169.12 114.321 19.8
      vertex 169.011 114.343 4.6
      vertex 169.12 114.321 4.6
    endloop
  endfacet
  facet normal -0.197845 -0.980233 0
    outer loop
      vertex 169.011 114.343 3.18
      vertex 169.12 114.321 3.2
      vertex 169.011 114.343 3.2
    endloop
  endfacet
  facet normal -0.197845 -0.980233 -0
    outer loop
      vertex 169.12 114.321 3.2
      vertex 169.011 114.343 3.18
      vertex 169.12 114.321 3.18
    endloop
  endfacet
  facet normal -0.980233 -0.197845 0
    outer loop
      vertex 169.743 113.611 4.6
      vertex 169.721 113.72 19.8
      vertex 169.721 113.72 4.6
    endloop
  endfacet
  facet normal -0.980233 -0.197845 0
    outer loop
      vertex 169.721 113.72 19.8
      vertex 169.743 113.611 4.6
      vertex 169.743 113.611 19.8
    endloop
  endfacet
  facet normal -0.980233 -0.197845 0
    outer loop
      vertex 169.743 113.611 3.18
      vertex 169.721 113.72 3.2
      vertex 169.721 113.72 3.18
    endloop
  endfacet
  facet normal -0.980233 -0.197845 0
    outer loop
      vertex 169.721 113.72 3.2
      vertex 169.743 113.611 3.18
      vertex 169.743 113.611 3.2
    endloop
  endfacet
  facet normal -0.998017 -0.062938 0
    outer loop
      vertex 169.75 113.5 4.6
      vertex 169.743 113.611 19.8
      vertex 169.743 113.611 4.6
    endloop
  endfacet
  facet normal -0.998017 -0.062938 0
    outer loop
      vertex 169.743 113.611 19.8
      vertex 169.75 113.5 4.6
      vertex 169.75 113.5 19.8
    endloop
  endfacet
  facet normal -0.998017 -0.062938 0
    outer loop
      vertex 169.75 113.5 3.18
      vertex 169.743 113.611 3.2
      vertex 169.743 113.611 3.18
    endloop
  endfacet
  facet normal -0.998017 -0.062938 0
    outer loop
      vertex 169.743 113.611 3.2
      vertex 169.75 113.5 3.18
      vertex 169.75 113.5 3.2
    endloop
  endfacet
  facet normal -0.945946 -0.324324 0
    outer loop
      vertex 169.721 113.72 4.6
      vertex 169.685 113.825 19.8
      vertex 169.685 113.825 4.6
    endloop
  endfacet
  facet normal -0.945946 -0.324324 0
    outer loop
      vertex 169.685 113.825 19.8
      vertex 169.721 113.72 4.6
      vertex 169.721 113.72 19.8
    endloop
  endfacet
  facet normal -0.945946 -0.324324 0
    outer loop
      vertex 169.721 113.72 3.18
      vertex 169.685 113.825 3.2
      vertex 169.685 113.825 3.18
    endloop
  endfacet
  facet normal -0.945946 -0.324324 0
    outer loop
      vertex 169.685 113.825 3.2
      vertex 169.721 113.72 3.18
      vertex 169.721 113.72 3.2
    endloop
  endfacet
  facet normal -0.829266 -0.558853 0
    outer loop
      vertex 169.636 113.925 4.6
      vertex 169.574 114.017 19.8
      vertex 169.574 114.017 4.6
    endloop
  endfacet
  facet normal -0.829266 -0.558853 0
    outer loop
      vertex 169.574 114.017 19.8
      vertex 169.636 113.925 4.6
      vertex 169.636 113.925 19.8
    endloop
  endfacet
  facet normal -0.829266 -0.558853 0
    outer loop
      vertex 169.636 113.925 3.18
      vertex 169.574 114.017 3.2
      vertex 169.574 114.017 3.18
    endloop
  endfacet
  facet normal -0.829266 -0.558853 0
    outer loop
      vertex 169.574 114.017 3.2
      vertex 169.636 113.925 3.18
      vertex 169.636 113.925 3.2
    endloop
  endfacet
  facet normal -0.324324 -0.945946 0
    outer loop
      vertex 169.12 114.321 4.6
      vertex 169.225 114.285 19.8
      vertex 169.12 114.321 19.8
    endloop
  endfacet
  facet normal -0.324324 -0.945946 -0
    outer loop
      vertex 169.225 114.285 19.8
      vertex 169.12 114.321 4.6
      vertex 169.225 114.285 4.6
    endloop
  endfacet
  facet normal -0.324324 -0.945946 0
    outer loop
      vertex 169.12 114.321 3.18
      vertex 169.225 114.285 3.2
      vertex 169.12 114.321 3.2
    endloop
  endfacet
  facet normal -0.324324 -0.945946 -0
    outer loop
      vertex 169.225 114.285 3.2
      vertex 169.12 114.321 3.18
      vertex 169.225 114.285 3.18
    endloop
  endfacet
  facet normal 0.980233 0.197845 0
    outer loop
      vertex 168.079 113.28 19.8
      vertex 168.057 113.389 4.6
      vertex 168.057 113.389 19.8
    endloop
  endfacet
  facet normal 0.980233 0.197845 0
    outer loop
      vertex 168.057 113.389 4.6
      vertex 168.079 113.28 19.8
      vertex 168.079 113.28 4.6
    endloop
  endfacet
  facet normal 0.980233 0.197845 0
    outer loop
      vertex 168.079 113.28 3.2
      vertex 168.057 113.389 3.18
      vertex 168.057 113.389 3.2
    endloop
  endfacet
  facet normal 0.980233 0.197845 0
    outer loop
      vertex 168.057 113.389 3.18
      vertex 168.079 113.28 3.2
      vertex 168.079 113.28 3.18
    endloop
  endfacet
  facet normal -0.998017 0.062938 0
    outer loop
      vertex 169.743 113.389 4.6
      vertex 169.75 113.5 19.8
      vertex 169.75 113.5 4.6
    endloop
  endfacet
  facet normal -0.998017 0.062938 0
    outer loop
      vertex 169.75 113.5 19.8
      vertex 169.743 113.389 4.6
      vertex 169.743 113.389 19.8
    endloop
  endfacet
  facet normal -0.998017 0.062938 0
    outer loop
      vertex 169.743 113.389 3.18
      vertex 169.75 113.5 3.2
      vertex 169.75 113.5 3.18
    endloop
  endfacet
  facet normal -0.998017 0.062938 0
    outer loop
      vertex 169.75 113.5 3.2
      vertex 169.743 113.389 3.18
      vertex 169.743 113.389 3.2
    endloop
  endfacet
  facet normal 0.998017 0.062938 0
    outer loop
      vertex 168.057 113.389 19.8
      vertex 168.05 113.5 4.6
      vertex 168.05 113.5 19.8
    endloop
  endfacet
  facet normal 0.998017 0.062938 0
    outer loop
      vertex 168.05 113.5 4.6
      vertex 168.057 113.389 19.8
      vertex 168.057 113.389 4.6
    endloop
  endfacet
  facet normal 0.998017 0.062938 0
    outer loop
      vertex 168.057 113.389 3.2
      vertex 168.05 113.5 3.18
      vertex 168.05 113.5 3.2
    endloop
  endfacet
  facet normal 0.998017 0.062938 0
    outer loop
      vertex 168.05 113.5 3.18
      vertex 168.057 113.389 3.2
      vertex 168.057 113.389 3.18
    endloop
  endfacet
  facet normal 0.324324 0.945946 -0
    outer loop
      vertex 168.68 112.679 4.6
      vertex 168.575 112.715 19.8
      vertex 168.68 112.679 19.8
    endloop
  endfacet
  facet normal 0.324324 0.945946 0
    outer loop
      vertex 168.575 112.715 19.8
      vertex 168.68 112.679 4.6
      vertex 168.575 112.715 4.6
    endloop
  endfacet
  facet normal 0.324324 0.945946 -0
    outer loop
      vertex 168.68 112.679 3.18
      vertex 168.575 112.715 3.2
      vertex 168.68 112.679 3.2
    endloop
  endfacet
  facet normal 0.324324 0.945946 0
    outer loop
      vertex 168.575 112.715 3.2
      vertex 168.68 112.679 3.18
      vertex 168.575 112.715 3.18
    endloop
  endfacet
  facet normal -0.89799 -0.440015 0
    outer loop
      vertex 169.685 113.825 4.6
      vertex 169.636 113.925 19.8
      vertex 169.636 113.925 4.6
    endloop
  endfacet
  facet normal -0.89799 -0.440015 0
    outer loop
      vertex 169.636 113.925 19.8
      vertex 169.685 113.825 4.6
      vertex 169.685 113.825 19.8
    endloop
  endfacet
  facet normal -0.89799 -0.440015 0
    outer loop
      vertex 169.685 113.825 3.18
      vertex 169.636 113.925 3.2
      vertex 169.636 113.925 3.18
    endloop
  endfacet
  facet normal -0.89799 -0.440015 0
    outer loop
      vertex 169.636 113.925 3.2
      vertex 169.685 113.825 3.18
      vertex 169.685 113.825 3.2
    endloop
  endfacet
  facet normal -0.754799 -0.655956 0
    outer loop
      vertex 169.574 114.017 4.6
      vertex 169.501 114.101 19.8
      vertex 169.501 114.101 4.6
    endloop
  endfacet
  facet normal -0.754799 -0.655956 0
    outer loop
      vertex 169.501 114.101 19.8
      vertex 169.574 114.017 4.6
      vertex 169.574 114.017 19.8
    endloop
  endfacet
  facet normal -0.754799 -0.655956 0
    outer loop
      vertex 169.574 114.017 3.18
      vertex 169.501 114.101 3.2
      vertex 169.501 114.101 3.18
    endloop
  endfacet
  facet normal -0.754799 -0.655956 0
    outer loop
      vertex 169.501 114.101 3.2
      vertex 169.574 114.017 3.18
      vertex 169.574 114.017 3.2
    endloop
  endfacet
  facet normal -0.945946 0.324324 0
    outer loop
      vertex 169.685 113.175 4.6
      vertex 169.721 113.28 19.8
      vertex 169.721 113.28 4.6
    endloop
  endfacet
  facet normal -0.945946 0.324324 0
    outer loop
      vertex 169.721 113.28 19.8
      vertex 169.685 113.175 4.6
      vertex 169.685 113.175 19.8
    endloop
  endfacet
  facet normal -0.945946 0.324324 0
    outer loop
      vertex 169.685 113.175 3.18
      vertex 169.721 113.28 3.2
      vertex 169.721 113.28 3.18
    endloop
  endfacet
  facet normal -0.945946 0.324324 0
    outer loop
      vertex 169.721 113.28 3.2
      vertex 169.685 113.175 3.18
      vertex 169.685 113.175 3.2
    endloop
  endfacet
  facet normal 0.754799 0.655956 0
    outer loop
      vertex 168.299 112.899 19.8
      vertex 168.226 112.983 4.6
      vertex 168.226 112.983 19.8
    endloop
  endfacet
  facet normal 0.754799 0.655956 0
    outer loop
      vertex 168.226 112.983 4.6
      vertex 168.299 112.899 19.8
      vertex 168.299 112.899 4.6
    endloop
  endfacet
  facet normal 0.754799 0.655956 0
    outer loop
      vertex 168.299 112.899 3.2
      vertex 168.226 112.983 3.18
      vertex 168.226 112.983 3.2
    endloop
  endfacet
  facet normal 0.754799 0.655956 0
    outer loop
      vertex 168.226 112.983 3.18
      vertex 168.299 112.899 3.2
      vertex 168.299 112.899 3.18
    endloop
  endfacet
  facet normal -0.980233 0.197845 0
    outer loop
      vertex 169.721 113.28 4.6
      vertex 169.743 113.389 19.8
      vertex 169.743 113.389 4.6
    endloop
  endfacet
  facet normal -0.980233 0.197845 0
    outer loop
      vertex 169.743 113.389 19.8
      vertex 169.721 113.28 4.6
      vertex 169.721 113.28 19.8
    endloop
  endfacet
  facet normal -0.980233 0.197845 0
    outer loop
      vertex 169.721 113.28 3.18
      vertex 169.743 113.389 3.2
      vertex 169.743 113.389 3.18
    endloop
  endfacet
  facet normal -0.980233 0.197845 0
    outer loop
      vertex 169.743 113.389 3.2
      vertex 169.721 113.28 3.18
      vertex 169.721 113.28 3.2
    endloop
  endfacet
  facet normal -0.062938 0.998017 0
    outer loop
      vertex 169.011 112.657 4.6
      vertex 168.9 112.65 19.8
      vertex 169.011 112.657 19.8
    endloop
  endfacet
  facet normal -0.062938 0.998017 0
    outer loop
      vertex 168.9 112.65 19.8
      vertex 169.011 112.657 4.6
      vertex 168.9 112.65 4.6
    endloop
  endfacet
  facet normal -0.062938 0.998017 0
    outer loop
      vertex 169.011 112.657 3.18
      vertex 168.9 112.65 3.2
      vertex 169.011 112.657 3.2
    endloop
  endfacet
  facet normal -0.062938 0.998017 0
    outer loop
      vertex 168.9 112.65 3.2
      vertex 169.011 112.657 3.18
      vertex 168.9 112.65 3.18
    endloop
  endfacet
  facet normal 0.945946 0.324324 0
    outer loop
      vertex 168.115 113.175 19.8
      vertex 168.079 113.28 4.6
      vertex 168.079 113.28 19.8
    endloop
  endfacet
  facet normal 0.945946 0.324324 0
    outer loop
      vertex 168.079 113.28 4.6
      vertex 168.115 113.175 19.8
      vertex 168.115 113.175 4.6
    endloop
  endfacet
  facet normal 0.945946 0.324324 0
    outer loop
      vertex 168.115 113.175 3.2
      vertex 168.079 113.28 3.18
      vertex 168.079 113.28 3.2
    endloop
  endfacet
  facet normal 0.945946 0.324324 0
    outer loop
      vertex 168.079 113.28 3.18
      vertex 168.115 113.175 3.2
      vertex 168.115 113.175 3.18
    endloop
  endfacet
  facet normal -0.829266 0.558853 0
    outer loop
      vertex 169.574 112.983 4.6
      vertex 169.636 113.075 19.8
      vertex 169.636 113.075 4.6
    endloop
  endfacet
  facet normal -0.829266 0.558853 0
    outer loop
      vertex 169.636 113.075 19.8
      vertex 169.574 112.983 4.6
      vertex 169.574 112.983 19.8
    endloop
  endfacet
  facet normal -0.829266 0.558853 0
    outer loop
      vertex 169.574 112.983 3.18
      vertex 169.636 113.075 3.2
      vertex 169.636 113.075 3.18
    endloop
  endfacet
  facet normal -0.829266 0.558853 0
    outer loop
      vertex 169.636 113.075 3.2
      vertex 169.574 112.983 3.18
      vertex 169.574 112.983 3.2
    endloop
  endfacet
  facet normal -0.440015 -0.89799 0
    outer loop
      vertex 169.225 114.285 4.6
      vertex 169.325 114.236 19.8
      vertex 169.225 114.285 19.8
    endloop
  endfacet
  facet normal -0.440015 -0.89799 -0
    outer loop
      vertex 169.325 114.236 19.8
      vertex 169.225 114.285 4.6
      vertex 169.325 114.236 4.6
    endloop
  endfacet
  facet normal -0.440015 -0.89799 0
    outer loop
      vertex 169.225 114.285 3.18
      vertex 169.325 114.236 3.2
      vertex 169.225 114.285 3.2
    endloop
  endfacet
  facet normal -0.440015 -0.89799 -0
    outer loop
      vertex 169.325 114.236 3.2
      vertex 169.225 114.285 3.18
      vertex 169.325 114.236 3.18
    endloop
  endfacet
  facet normal 0.440015 -0.89799 0
    outer loop
      vertex 168.475 114.236 4.6
      vertex 168.575 114.285 19.8
      vertex 168.475 114.236 19.8
    endloop
  endfacet
  facet normal 0.440015 -0.89799 0
    outer loop
      vertex 168.575 114.285 19.8
      vertex 168.475 114.236 4.6
      vertex 168.575 114.285 4.6
    endloop
  endfacet
  facet normal 0.440015 -0.89799 0
    outer loop
      vertex 168.475 114.236 3.18
      vertex 168.575 114.285 3.2
      vertex 168.475 114.236 3.2
    endloop
  endfacet
  facet normal 0.440015 -0.89799 0
    outer loop
      vertex 168.575 114.285 3.2
      vertex 168.475 114.236 3.18
      vertex 168.575 114.285 3.18
    endloop
  endfacet
  facet normal -0.440015 0.89799 0
    outer loop
      vertex 169.325 112.764 4.6
      vertex 169.225 112.715 19.8
      vertex 169.325 112.764 19.8
    endloop
  endfacet
  facet normal -0.440015 0.89799 0
    outer loop
      vertex 169.225 112.715 19.8
      vertex 169.325 112.764 4.6
      vertex 169.225 112.715 4.6
    endloop
  endfacet
  facet normal -0.440015 0.89799 0
    outer loop
      vertex 169.325 112.764 3.18
      vertex 169.225 112.715 3.2
      vertex 169.325 112.764 3.2
    endloop
  endfacet
  facet normal -0.440015 0.89799 0
    outer loop
      vertex 169.225 112.715 3.2
      vertex 169.325 112.764 3.18
      vertex 169.225 112.715 3.18
    endloop
  endfacet
  facet normal -0.324324 0.945946 0
    outer loop
      vertex 169.225 112.715 4.6
      vertex 169.12 112.679 19.8
      vertex 169.225 112.715 19.8
    endloop
  endfacet
  facet normal -0.324324 0.945946 0
    outer loop
      vertex 169.12 112.679 19.8
      vertex 169.225 112.715 4.6
      vertex 169.12 112.679 4.6
    endloop
  endfacet
  facet normal -0.324324 0.945946 0
    outer loop
      vertex 169.225 112.715 3.18
      vertex 169.12 112.679 3.2
      vertex 169.225 112.715 3.2
    endloop
  endfacet
  facet normal -0.324324 0.945946 0
    outer loop
      vertex 169.12 112.679 3.2
      vertex 169.225 112.715 3.18
      vertex 169.12 112.679 3.18
    endloop
  endfacet
  facet normal 0.197845 0.980233 -0
    outer loop
      vertex 168.789 112.657 4.6
      vertex 168.68 112.679 19.8
      vertex 168.789 112.657 19.8
    endloop
  endfacet
  facet normal 0.197845 0.980233 0
    outer loop
      vertex 168.68 112.679 19.8
      vertex 168.789 112.657 4.6
      vertex 168.68 112.679 4.6
    endloop
  endfacet
  facet normal 0.197845 0.980233 -0
    outer loop
      vertex 168.789 112.657 3.18
      vertex 168.68 112.679 3.2
      vertex 168.789 112.657 3.2
    endloop
  endfacet
  facet normal 0.197845 0.980233 0
    outer loop
      vertex 168.68 112.679 3.2
      vertex 168.789 112.657 3.18
      vertex 168.68 112.679 3.18
    endloop
  endfacet
  facet normal 0.945946 -0.324324 0
    outer loop
      vertex 168.079 113.72 19.8
      vertex 168.115 113.825 4.6
      vertex 168.115 113.825 19.8
    endloop
  endfacet
  facet normal 0.945946 -0.324324 0
    outer loop
      vertex 168.115 113.825 4.6
      vertex 168.079 113.72 19.8
      vertex 168.079 113.72 4.6
    endloop
  endfacet
  facet normal 0.945946 -0.324324 0
    outer loop
      vertex 168.079 113.72 3.2
      vertex 168.115 113.825 3.18
      vertex 168.115 113.825 3.2
    endloop
  endfacet
  facet normal 0.945946 -0.324324 0
    outer loop
      vertex 168.115 113.825 3.18
      vertex 168.079 113.72 3.2
      vertex 168.079 113.72 3.18
    endloop
  endfacet
  facet normal 0.197845 -0.980233 0
    outer loop
      vertex 168.68 114.321 4.6
      vertex 168.789 114.343 19.8
      vertex 168.68 114.321 19.8
    endloop
  endfacet
  facet normal 0.197845 -0.980233 0
    outer loop
      vertex 168.789 114.343 19.8
      vertex 168.68 114.321 4.6
      vertex 168.789 114.343 4.6
    endloop
  endfacet
  facet normal 0.197845 -0.980233 0
    outer loop
      vertex 168.68 114.321 3.18
      vertex 168.789 114.343 3.2
      vertex 168.68 114.321 3.2
    endloop
  endfacet
  facet normal 0.197845 -0.980233 0
    outer loop
      vertex 168.789 114.343 3.2
      vertex 168.68 114.321 3.18
      vertex 168.789 114.343 3.18
    endloop
  endfacet
  facet normal 0.558853 -0.829266 0
    outer loop
      vertex 168.383 114.174 4.6
      vertex 168.475 114.236 19.8
      vertex 168.383 114.174 19.8
    endloop
  endfacet
  facet normal 0.558853 -0.829266 0
    outer loop
      vertex 168.475 114.236 19.8
      vertex 168.383 114.174 4.6
      vertex 168.475 114.236 4.6
    endloop
  endfacet
  facet normal 0.558853 -0.829266 0
    outer loop
      vertex 168.383 114.174 3.18
      vertex 168.475 114.236 3.2
      vertex 168.383 114.174 3.2
    endloop
  endfacet
  facet normal 0.558853 -0.829266 0
    outer loop
      vertex 168.475 114.236 3.2
      vertex 168.383 114.174 3.18
      vertex 168.475 114.236 3.18
    endloop
  endfacet
  facet normal -0.558853 0.829266 0
    outer loop
      vertex 169.417 112.826 4.6
      vertex 169.325 112.764 19.8
      vertex 169.417 112.826 19.8
    endloop
  endfacet
  facet normal -0.558853 0.829266 0
    outer loop
      vertex 169.325 112.764 19.8
      vertex 169.417 112.826 4.6
      vertex 169.325 112.764 4.6
    endloop
  endfacet
  facet normal -0.558853 0.829266 0
    outer loop
      vertex 169.417 112.826 3.18
      vertex 169.325 112.764 3.2
      vertex 169.417 112.826 3.2
    endloop
  endfacet
  facet normal -0.558853 0.829266 0
    outer loop
      vertex 169.325 112.764 3.2
      vertex 169.417 112.826 3.18
      vertex 169.325 112.764 3.18
    endloop
  endfacet
  facet normal -0.197845 0.980233 0
    outer loop
      vertex 169.12 112.679 4.6
      vertex 169.011 112.657 19.8
      vertex 169.12 112.679 19.8
    endloop
  endfacet
  facet normal -0.197845 0.980233 0
    outer loop
      vertex 169.011 112.657 19.8
      vertex 169.12 112.679 4.6
      vertex 169.011 112.657 4.6
    endloop
  endfacet
  facet normal -0.197845 0.980233 0
    outer loop
      vertex 169.12 112.679 3.18
      vertex 169.011 112.657 3.2
      vertex 169.12 112.679 3.2
    endloop
  endfacet
  facet normal -0.197845 0.980233 0
    outer loop
      vertex 169.011 112.657 3.2
      vertex 169.12 112.679 3.18
      vertex 169.011 112.657 3.18
    endloop
  endfacet
  facet normal 0.89799 -0.440015 0
    outer loop
      vertex 168.115 113.825 19.8
      vertex 168.164 113.925 4.6
      vertex 168.164 113.925 19.8
    endloop
  endfacet
  facet normal 0.89799 -0.440015 0
    outer loop
      vertex 168.164 113.925 4.6
      vertex 168.115 113.825 19.8
      vertex 168.115 113.825 4.6
    endloop
  endfacet
  facet normal 0.89799 -0.440015 0
    outer loop
      vertex 168.115 113.825 3.2
      vertex 168.164 113.925 3.18
      vertex 168.164 113.925 3.2
    endloop
  endfacet
  facet normal 0.89799 -0.440015 0
    outer loop
      vertex 168.164 113.925 3.18
      vertex 168.115 113.825 3.2
      vertex 168.115 113.825 3.18
    endloop
  endfacet
  facet normal -0.655956 -0.754799 0
    outer loop
      vertex 169.417 114.174 4.6
      vertex 169.501 114.101 19.8
      vertex 169.417 114.174 19.8
    endloop
  endfacet
  facet normal -0.655956 -0.754799 -0
    outer loop
      vertex 169.501 114.101 19.8
      vertex 169.417 114.174 4.6
      vertex 169.501 114.101 4.6
    endloop
  endfacet
  facet normal -0.655956 -0.754799 0
    outer loop
      vertex 169.417 114.174 3.18
      vertex 169.501 114.101 3.2
      vertex 169.417 114.174 3.2
    endloop
  endfacet
  facet normal -0.655956 -0.754799 -0
    outer loop
      vertex 169.501 114.101 3.2
      vertex 169.417 114.174 3.18
      vertex 169.501 114.101 3.18
    endloop
  endfacet
  facet normal 0.829266 -0.558853 0
    outer loop
      vertex 168.164 113.925 19.8
      vertex 168.226 114.017 4.6
      vertex 168.226 114.017 19.8
    endloop
  endfacet
  facet normal 0.829266 -0.558853 0
    outer loop
      vertex 168.226 114.017 4.6
      vertex 168.164 113.925 19.8
      vertex 168.164 113.925 4.6
    endloop
  endfacet
  facet normal 0.829266 -0.558853 0
    outer loop
      vertex 168.164 113.925 3.2
      vertex 168.226 114.017 3.18
      vertex 168.226 114.017 3.2
    endloop
  endfacet
  facet normal 0.829266 -0.558853 0
    outer loop
      vertex 168.226 114.017 3.18
      vertex 168.164 113.925 3.2
      vertex 168.164 113.925 3.18
    endloop
  endfacet
  facet normal 0.062938 0.998017 -0
    outer loop
      vertex 168.9 112.65 4.6
      vertex 168.789 112.657 19.8
      vertex 168.9 112.65 19.8
    endloop
  endfacet
  facet normal 0.062938 0.998017 0
    outer loop
      vertex 168.789 112.657 19.8
      vertex 168.9 112.65 4.6
      vertex 168.789 112.657 4.6
    endloop
  endfacet
  facet normal 0.062938 0.998017 -0
    outer loop
      vertex 168.9 112.65 3.18
      vertex 168.789 112.657 3.2
      vertex 168.9 112.65 3.2
    endloop
  endfacet
  facet normal 0.062938 0.998017 0
    outer loop
      vertex 168.789 112.657 3.2
      vertex 168.9 112.65 3.18
      vertex 168.789 112.657 3.18
    endloop
  endfacet
  facet normal 0.655956 -0.754799 0
    outer loop
      vertex 168.299 114.101 4.6
      vertex 168.383 114.174 19.8
      vertex 168.299 114.101 19.8
    endloop
  endfacet
  facet normal 0.655956 -0.754799 0
    outer loop
      vertex 168.383 114.174 19.8
      vertex 168.299 114.101 4.6
      vertex 168.383 114.174 4.6
    endloop
  endfacet
  facet normal 0.655956 -0.754799 0
    outer loop
      vertex 168.299 114.101 3.18
      vertex 168.383 114.174 3.2
      vertex 168.299 114.101 3.2
    endloop
  endfacet
  facet normal 0.655956 -0.754799 0
    outer loop
      vertex 168.383 114.174 3.2
      vertex 168.299 114.101 3.18
      vertex 168.383 114.174 3.18
    endloop
  endfacet
  facet normal 0.655956 0.754799 -0
    outer loop
      vertex 168.383 112.826 4.6
      vertex 168.299 112.899 19.8
      vertex 168.383 112.826 19.8
    endloop
  endfacet
  facet normal 0.655956 0.754799 0
    outer loop
      vertex 168.299 112.899 19.8
      vertex 168.383 112.826 4.6
      vertex 168.299 112.899 4.6
    endloop
  endfacet
  facet normal 0.655956 0.754799 -0
    outer loop
      vertex 168.383 112.826 3.18
      vertex 168.299 112.899 3.2
      vertex 168.383 112.826 3.2
    endloop
  endfacet
  facet normal 0.655956 0.754799 0
    outer loop
      vertex 168.299 112.899 3.2
      vertex 168.383 112.826 3.18
      vertex 168.299 112.899 3.18
    endloop
  endfacet
  facet normal 0.754799 -0.655956 0
    outer loop
      vertex 168.226 114.017 19.8
      vertex 168.299 114.101 4.6
      vertex 168.299 114.101 19.8
    endloop
  endfacet
  facet normal 0.754799 -0.655956 0
    outer loop
      vertex 168.299 114.101 4.6
      vertex 168.226 114.017 19.8
      vertex 168.226 114.017 4.6
    endloop
  endfacet
  facet normal 0.754799 -0.655956 0
    outer loop
      vertex 168.226 114.017 3.2
      vertex 168.299 114.101 3.18
      vertex 168.299 114.101 3.2
    endloop
  endfacet
  facet normal 0.754799 -0.655956 0
    outer loop
      vertex 168.299 114.101 3.18
      vertex 168.226 114.017 3.2
      vertex 168.226 114.017 3.18
    endloop
  endfacet
  facet normal -0.754799 0.655956 0
    outer loop
      vertex 169.501 112.899 4.6
      vertex 169.574 112.983 19.8
      vertex 169.574 112.983 4.6
    endloop
  endfacet
  facet normal -0.754799 0.655956 0
    outer loop
      vertex 169.574 112.983 19.8
      vertex 169.501 112.899 4.6
      vertex 169.501 112.899 19.8
    endloop
  endfacet
  facet normal -0.754799 0.655956 0
    outer loop
      vertex 169.501 112.899 3.18
      vertex 169.574 112.983 3.2
      vertex 169.574 112.983 3.18
    endloop
  endfacet
  facet normal -0.754799 0.655956 0
    outer loop
      vertex 169.574 112.983 3.2
      vertex 169.501 112.899 3.18
      vertex 169.501 112.899 3.2
    endloop
  endfacet
  facet normal -0.89799 0.440015 0
    outer loop
      vertex 169.636 113.075 4.6
      vertex 169.685 113.175 19.8
      vertex 169.685 113.175 4.6
    endloop
  endfacet
  facet normal -0.89799 0.440015 0
    outer loop
      vertex 169.685 113.175 19.8
      vertex 169.636 113.075 4.6
      vertex 169.636 113.075 19.8
    endloop
  endfacet
  facet normal -0.89799 0.440015 0
    outer loop
      vertex 169.636 113.075 3.18
      vertex 169.685 113.175 3.2
      vertex 169.685 113.175 3.18
    endloop
  endfacet
  facet normal -0.89799 0.440015 0
    outer loop
      vertex 169.685 113.175 3.2
      vertex 169.636 113.075 3.18
      vertex 169.636 113.075 3.2
    endloop
  endfacet
  facet normal 0.558853 0.829266 -0
    outer loop
      vertex 168.475 112.764 4.6
      vertex 168.383 112.826 19.8
      vertex 168.475 112.764 19.8
    endloop
  endfacet
  facet normal 0.558853 0.829266 0
    outer loop
      vertex 168.383 112.826 19.8
      vertex 168.475 112.764 4.6
      vertex 168.383 112.826 4.6
    endloop
  endfacet
  facet normal 0.558853 0.829266 -0
    outer loop
      vertex 168.475 112.764 3.18
      vertex 168.383 112.826 3.2
      vertex 168.475 112.764 3.2
    endloop
  endfacet
  facet normal 0.558853 0.829266 0
    outer loop
      vertex 168.383 112.826 3.2
      vertex 168.475 112.764 3.18
      vertex 168.383 112.826 3.18
    endloop
  endfacet
  facet normal 0.980233 -0.197845 0
    outer loop
      vertex 168.057 113.611 19.8
      vertex 168.079 113.72 4.6
      vertex 168.079 113.72 19.8
    endloop
  endfacet
  facet normal 0.980233 -0.197845 0
    outer loop
      vertex 168.079 113.72 4.6
      vertex 168.057 113.611 19.8
      vertex 168.057 113.611 4.6
    endloop
  endfacet
  facet normal 0.980233 -0.197845 0
    outer loop
      vertex 168.057 113.611 3.2
      vertex 168.079 113.72 3.18
      vertex 168.079 113.72 3.2
    endloop
  endfacet
  facet normal 0.980233 -0.197845 0
    outer loop
      vertex 168.079 113.72 3.18
      vertex 168.057 113.611 3.2
      vertex 168.057 113.611 3.18
    endloop
  endfacet
  facet normal -0.062938 -0.998017 0
    outer loop
      vertex 168.9 114.35 4.6
      vertex 169.011 114.343 19.8
      vertex 168.9 114.35 19.8
    endloop
  endfacet
  facet normal -0.062938 -0.998017 -0
    outer loop
      vertex 169.011 114.343 19.8
      vertex 168.9 114.35 4.6
      vertex 169.011 114.343 4.6
    endloop
  endfacet
  facet normal -0.062938 -0.998017 0
    outer loop
      vertex 168.9 114.35 3.18
      vertex 169.011 114.343 3.2
      vertex 168.9 114.35 3.2
    endloop
  endfacet
  facet normal -0.062938 -0.998017 -0
    outer loop
      vertex 169.011 114.343 3.2
      vertex 168.9 114.35 3.18
      vertex 169.011 114.343 3.18
    endloop
  endfacet
  facet normal -0.558853 -0.829266 0
    outer loop
      vertex 169.325 114.236 4.6
      vertex 169.417 114.174 19.8
      vertex 169.325 114.236 19.8
    endloop
  endfacet
  facet normal -0.558853 -0.829266 -0
    outer loop
      vertex 169.417 114.174 19.8
      vertex 169.325 114.236 4.6
      vertex 169.417 114.174 4.6
    endloop
  endfacet
  facet normal -0.558853 -0.829266 0
    outer loop
      vertex 169.325 114.236 3.18
      vertex 169.417 114.174 3.2
      vertex 169.325 114.236 3.2
    endloop
  endfacet
  facet normal -0.558853 -0.829266 -0
    outer loop
      vertex 169.417 114.174 3.2
      vertex 169.325 114.236 3.18
      vertex 169.417 114.174 3.18
    endloop
  endfacet
  facet normal 0.324324 -0.945946 0
    outer loop
      vertex 168.575 114.285 4.6
      vertex 168.68 114.321 19.8
      vertex 168.575 114.285 19.8
    endloop
  endfacet
  facet normal 0.324324 -0.945946 0
    outer loop
      vertex 168.68 114.321 19.8
      vertex 168.575 114.285 4.6
      vertex 168.68 114.321 4.6
    endloop
  endfacet
  facet normal 0.324324 -0.945946 0
    outer loop
      vertex 168.575 114.285 3.18
      vertex 168.68 114.321 3.2
      vertex 168.575 114.285 3.2
    endloop
  endfacet
  facet normal 0.324324 -0.945946 0
    outer loop
      vertex 168.68 114.321 3.2
      vertex 168.575 114.285 3.18
      vertex 168.68 114.321 3.18
    endloop
  endfacet
  facet normal 0.062938 -0.998017 0
    outer loop
      vertex 168.789 114.343 4.6
      vertex 168.9 114.35 19.8
      vertex 168.789 114.343 19.8
    endloop
  endfacet
  facet normal 0.062938 -0.998017 0
    outer loop
      vertex 168.9 114.35 19.8
      vertex 168.789 114.343 4.6
      vertex 168.9 114.35 4.6
    endloop
  endfacet
  facet normal 0.062938 -0.998017 0
    outer loop
      vertex 168.789 114.343 3.18
      vertex 168.9 114.35 3.2
      vertex 168.789 114.343 3.2
    endloop
  endfacet
  facet normal 0.062938 -0.998017 0
    outer loop
      vertex 168.9 114.35 3.2
      vertex 168.789 114.343 3.18
      vertex 168.9 114.35 3.18
    endloop
  endfacet
  facet normal 0.998017 -0.062938 0
    outer loop
      vertex 168.05 113.5 19.8
      vertex 168.057 113.611 4.6
      vertex 168.057 113.611 19.8
    endloop
  endfacet
  facet normal 0.998017 -0.062938 0
    outer loop
      vertex 168.057 113.611 4.6
      vertex 168.05 113.5 19.8
      vertex 168.05 113.5 4.6
    endloop
  endfacet
  facet normal 0.998017 -0.062938 0
    outer loop
      vertex 168.05 113.5 3.2
      vertex 168.057 113.611 3.18
      vertex 168.057 113.611 3.2
    endloop
  endfacet
  facet normal 0.998017 -0.062938 0
    outer loop
      vertex 168.057 113.611 3.18
      vertex 168.05 113.5 3.2
      vertex 168.05 113.5 3.18
    endloop
  endfacet
  facet normal 0.89799 0.440015 0
    outer loop
      vertex 168.164 113.075 19.8
      vertex 168.115 113.175 4.6
      vertex 168.115 113.175 19.8
    endloop
  endfacet
  facet normal 0.89799 0.440015 0
    outer loop
      vertex 168.115 113.175 4.6
      vertex 168.164 113.075 19.8
      vertex 168.164 113.075 4.6
    endloop
  endfacet
  facet normal 0.89799 0.440015 0
    outer loop
      vertex 168.164 113.075 3.2
      vertex 168.115 113.175 3.18
      vertex 168.115 113.175 3.2
    endloop
  endfacet
  facet normal 0.89799 0.440015 0
    outer loop
      vertex 168.115 113.175 3.18
      vertex 168.164 113.075 3.2
      vertex 168.164 113.075 3.18
    endloop
  endfacet
  facet normal 0.440015 0.89799 -0
    outer loop
      vertex 168.575 112.715 4.6
      vertex 168.475 112.764 19.8
      vertex 168.575 112.715 19.8
    endloop
  endfacet
  facet normal 0.440015 0.89799 0
    outer loop
      vertex 168.475 112.764 19.8
      vertex 168.575 112.715 4.6
      vertex 168.475 112.764 4.6
    endloop
  endfacet
  facet normal 0.440015 0.89799 -0
    outer loop
      vertex 168.575 112.715 3.18
      vertex 168.475 112.764 3.2
      vertex 168.575 112.715 3.2
    endloop
  endfacet
  facet normal 0.440015 0.89799 0
    outer loop
      vertex 168.475 112.764 3.2
      vertex 168.575 112.715 3.18
      vertex 168.475 112.764 3.18
    endloop
  endfacet
  facet normal -0.655956 0.754799 0
    outer loop
      vertex 169.501 112.899 4.6
      vertex 169.417 112.826 19.8
      vertex 169.501 112.899 19.8
    endloop
  endfacet
  facet normal -0.655956 0.754799 0
    outer loop
      vertex 169.417 112.826 19.8
      vertex 169.501 112.899 4.6
      vertex 169.417 112.826 4.6
    endloop
  endfacet
  facet normal -0.655956 0.754799 0
    outer loop
      vertex 169.501 112.899 3.18
      vertex 169.417 112.826 3.2
      vertex 169.501 112.899 3.2
    endloop
  endfacet
  facet normal -0.655956 0.754799 0
    outer loop
      vertex 169.417 112.826 3.2
      vertex 169.501 112.899 3.18
      vertex 169.417 112.826 3.18
    endloop
  endfacet
  facet normal 0.829266 0.558853 0
    outer loop
      vertex 168.226 112.983 19.8
      vertex 168.164 113.075 4.6
      vertex 168.164 113.075 19.8
    endloop
  endfacet
  facet normal 0.829266 0.558853 0
    outer loop
      vertex 168.164 113.075 4.6
      vertex 168.226 112.983 19.8
      vertex 168.226 112.983 4.6
    endloop
  endfacet
  facet normal 0.829266 0.558853 0
    outer loop
      vertex 168.226 112.983 3.2
      vertex 168.164 113.075 3.18
      vertex 168.164 113.075 3.2
    endloop
  endfacet
  facet normal 0.829266 0.558853 0
    outer loop
      vertex 168.164 113.075 3.18
      vertex 168.226 112.983 3.2
      vertex 168.226 112.983 3.18
    endloop
  endfacet
endsolid OpenSCAD_Model
